[{
	"label": "Dulles, VA - Motorola G - Chrome Motorola G - Chrome",
	"location": "Dulles_MotoG",
	"browser": "Motorola G - Chrome",
	"server": "http:\/\/webpagetest.org",
	"name": "Dulles_MotoG:Motorola G - Chrome"
},
{
	"label": "Dulles, VA - Motorola G - Chrome Beta Motorola G - Chrome Beta",
	"location": "Dulles_MotoG",
	"browser": "Motorola G - Chrome Beta",
	"server": "http:\/\/webpagetest.org",
	"name": "Dulles_MotoG:Motorola G - Chrome Beta"
},
{
	"label": "Dulles, VA - Motorola G - Chrome Dev Motorola G - Chrome Dev",
	"location": "Dulles_MotoG",
	"browser": "Motorola G - Chrome Dev",
	"server": "http:\/\/webpagetest.org",
	"name": "Dulles_MotoG:Motorola G - Chrome Dev"
},
{
	"label": "Dulles, VA - Nexus 5 - Chrome Nexus 5 - Chrome",
	"location": "Dulles_Nexus5",
	"browser": "Nexus 5 - Chrome",
	"server": "http:\/\/webpagetest.org",
	"name": "Dulles_Nexus5:Nexus 5 - Chrome"
},
{
	"label": "Dulles, VA - Nexus 5 - Chrome Beta Nexus 5 - Chrome Beta",
	"location": "Dulles_Nexus5",
	"browser": "Nexus 5 - Chrome Beta",
	"server": "http:\/\/webpagetest.org",
	"name": "Dulles_Nexus5:Nexus 5 - Chrome Beta"
},
{
	"label": "Dulles, VA - Nexus 5 - Chrome Dev Nexus 5 - Chrome Dev",
	"location": "Dulles_Nexus5",
	"browser": "Nexus 5 - Chrome Dev",
	"server": "http:\/\/webpagetest.org",
	"name": "Dulles_Nexus5:Nexus 5 - Chrome Dev"
},
{
	"label": "Dulles, VA - Motorola E - Chrome Motorola E - Chrome",
	"location": "Dulles_MotoE",
	"browser": "Motorola E - Chrome",
	"server": "http:\/\/webpagetest.org",
	"name": "Dulles_MotoE:Motorola E - Chrome"
},
{
	"label": "Dulles, VA - Motorola E - Chrome Beta Motorola E - Chrome Beta",
	"location": "Dulles_MotoE",
	"browser": "Motorola E - Chrome Beta",
	"server": "http:\/\/webpagetest.org",
	"name": "Dulles_MotoE:Motorola E - Chrome Beta"
},
{
	"label": "Dulles, VA - Motorola E - Chrome Dev Motorola E - Chrome Dev",
	"location": "Dulles_MotoE",
	"browser": "Motorola E - Chrome Dev",
	"server": "http:\/\/webpagetest.org",
	"name": "Dulles_MotoE:Motorola E - Chrome Dev"
},
{
	"label": "Dulles, VA - Android One - Chrome Android One - Chrome",
	"location": "Dulles_A1",
	"browser": "Android One - Chrome",
	"server": "http:\/\/webpagetest.org",
	"name": "Dulles_A1:Android One - Chrome"
},
{
	"label": "Dulles, VA - Android One - Chrome Beta Android One - Chrome Beta",
	"location": "Dulles_A1",
	"browser": "Android One - Chrome Beta",
	"server": "http:\/\/webpagetest.org",
	"name": "Dulles_A1:Android One - Chrome Beta"
},
{
	"label": "Dulles, VA - Android One - Chrome Dev Android One - Chrome Dev",
	"location": "Dulles_A1",
	"browser": "Android One - Chrome Dev",
	"server": "http:\/\/webpagetest.org",
	"name": "Dulles_A1:Android One - Chrome Dev"
},
{
	"label": "Dulles, VA - Nexus 7 - Chrome Nexus 7 - Chrome",
	"location": "Dulles_Nexus7",
	"browser": "Nexus 7 - Chrome",
	"server": "http:\/\/webpagetest.org",
	"name": "Dulles_Nexus7:Nexus 7 - Chrome"
},
{
	"label": "Dulles, VA - Nexus 7 - Chrome Beta Nexus 7 - Chrome Beta",
	"location": "Dulles_Nexus7",
	"browser": "Nexus 7 - Chrome Beta",
	"server": "http:\/\/webpagetest.org",
	"name": "Dulles_Nexus7:Nexus 7 - Chrome Beta"
},
{
	"label": "Dulles, VA - Nexus 7 - Chrome Dev Nexus 7 - Chrome Dev",
	"location": "Dulles_Nexus7",
	"browser": "Nexus 7 - Chrome Dev",
	"server": "http:\/\/webpagetest.org",
	"name": "Dulles_Nexus7:Nexus 7 - Chrome Dev"
},
{
	"label": "Dulles, VA - Nexus 7 Landscape - Chrome Nexus 7 Landscape - Chrome",
	"location": "Dulles_Nexus7L",
	"browser": "Nexus 7 Landscape - Chrome",
	"server": "http:\/\/webpagetest.org",
	"name": "Dulles_Nexus7L:Nexus 7 Landscape - Chrome"
},
{
	"label": "Dulles, VA - Nexus 7 Landscape - Chrome Beta Nexus 7 Landscape - Chrome Beta",
	"location": "Dulles_Nexus7L",
	"browser": "Nexus 7 Landscape - Chrome Beta",
	"server": "http:\/\/webpagetest.org",
	"name": "Dulles_Nexus7L:Nexus 7 Landscape - Chrome Beta"
},
{
	"label": "Dulles, VA - Nexus 7 Landscape - Chrome Dev Nexus 7 Landscape - Chrome Dev",
	"location": "Dulles_Nexus7L",
	"browser": "Nexus 7 Landscape - Chrome Dev",
	"server": "http:\/\/webpagetest.org",
	"name": "Dulles_Nexus7L:Nexus 7 Landscape - Chrome Dev"
},
{
	"label": "Dulles, VA iPhone 4 iOS 5.1",
	"location": "Dulles_iOS",
	"browser": "iPhone 4 iOS 5.1",
	"server": "http:\/\/webpagetest.org",
	"name": "Dulles_iOS"
},
{
	"label": "Dulles, VA iPhone 5C iOS 8",
	"location": "Dulles_iPhone5c",
	"browser": "iPhone 5C iOS 8",
	"server": "http:\/\/webpagetest.org",
	"name": "Dulles_iPhone5c"
},
{
	"label": "Dulles, VA IE 8",
	"location": "Dulles_IE8",
	"browser": "IE 8",
	"server": "http:\/\/webpagetest.org",
	"name": "Dulles_IE8"
},
{
	"label": "Dulles, VA IE 9",
	"location": "Dulles_IE9",
	"browser": "IE 9",
	"server": "http:\/\/webpagetest.org",
	"name": "Dulles_IE9"
},
{
	"label": "Dulles, VA IE 10",
	"location": "Dulles_IE10",
	"browser": "IE 10",
	"server": "http:\/\/webpagetest.org",
	"name": "Dulles_IE10"
},
{
	"label": "Dulles, VA IE 11",
	"location": "Dulles_IE11",
	"browser": "IE 11",
	"server": "http:\/\/webpagetest.org",
	"name": "Dulles_IE11"
},
{
	"label": "Dulles, VA - Chrome Chrome",
	"location": "Dulles",
	"browser": "Chrome",
	"server": "http:\/\/webpagetest.org",
	"name": "Dulles:Chrome"
},
{
	"label": "Dulles, VA - Canary Canary",
	"location": "Dulles",
	"browser": "Canary",
	"server": "http:\/\/webpagetest.org",
	"name": "Dulles:Canary"
},
{
	"label": "Dulles, VA - Firefox Firefox",
	"location": "Dulles",
	"browser": "Firefox",
	"server": "http:\/\/webpagetest.org",
	"name": "Dulles:Firefox"
},
{
	"label": "Dulles, VA - Firefox Nightly Firefox Nightly",
	"location": "Dulles",
	"browser": "Firefox Nightly",
	"server": "http:\/\/webpagetest.org",
	"name": "Dulles:Firefox Nightly"
},
{
	"label": "Dulles, VA - Safari Safari",
	"location": "Dulles",
	"browser": "Safari",
	"server": "http:\/\/webpagetest.org",
	"name": "Dulles:Safari"
},
{
	"label": "Dulles, VA - Thinkpad T430 - Chrome Chrome",
	"location": "Dulles_Thinkpad",
	"browser": "Chrome",
	"server": "http:\/\/webpagetest.org",
	"name": "Dulles_Thinkpad:Chrome"
},
{
	"label": "Dulles, VA - Thinkpad T430 - Canary Canary",
	"location": "Dulles_Thinkpad",
	"browser": "Canary",
	"server": "http:\/\/webpagetest.org",
	"name": "Dulles_Thinkpad:Canary"
},
{
	"label": "Dulles, VA - Thinkpad T430 - Firefox Firefox",
	"location": "Dulles_Thinkpad",
	"browser": "Firefox",
	"server": "http:\/\/webpagetest.org",
	"name": "Dulles_Thinkpad:Firefox"
},
{
	"label": "Dulles, VA - Thinkpad T430 - Firefox Nightly Firefox Nightly",
	"location": "Dulles_Thinkpad",
	"browser": "Firefox Nightly",
	"server": "http:\/\/webpagetest.org",
	"name": "Dulles_Thinkpad:Firefox Nightly"
},
{
	"label": "Dulles, VA - Thinkpad T430 - IE 11 IE 11",
	"location": "Dulles_Thinkpad",
	"browser": "IE 11",
	"server": "http:\/\/webpagetest.org",
	"name": "Dulles_Thinkpad:IE 11"
},
{
	"label": "Dulles, VA - Thinkpad T430 - Safari Safari",
	"location": "Dulles_Thinkpad",
	"browser": "Safari",
	"server": "http:\/\/webpagetest.org",
	"name": "Dulles_Thinkpad:Safari"
},
{
	"label": "Ashburn, VA USA - Yottaa - IE 11 IE 11",
	"location": "Ashburn_VA_Yottaa",
	"browser": "IE 11",
	"server": "http:\/\/webpagetest.org",
	"name": "Ashburn_VA_Yottaa:IE 11"
},
{
	"label": "Ashburn, VA USA - Yottaa - Chrome Chrome",
	"location": "Ashburn_VA_Yottaa",
	"browser": "Chrome",
	"server": "http:\/\/webpagetest.org",
	"name": "Ashburn_VA_Yottaa:Chrome"
},
{
	"label": "Ashburn, VA USA - Yottaa - Firefox Firefox",
	"location": "Ashburn_VA_Yottaa",
	"browser": "Firefox",
	"server": "http:\/\/webpagetest.org",
	"name": "Ashburn_VA_Yottaa:Firefox"
},
{
	"label": "Ashburn, VA USA - Yottaa - Safari Safari",
	"location": "Ashburn_VA_Yottaa",
	"browser": "Safari",
	"server": "http:\/\/webpagetest.org",
	"name": "Ashburn_VA_Yottaa:Safari"
},
{
	"label": "Virginia USA - EC2  - Chrome Chrome",
	"location": "ec2-us-east-1",
	"browser": "Chrome",
	"server": "http:\/\/webpagetest.org",
	"name": "ec2-us-east-1:Chrome"
},
{
	"label": "Virginia USA - EC2  - IE 11 IE 11",
	"location": "ec2-us-east-1",
	"browser": "IE 11",
	"server": "http:\/\/webpagetest.org",
	"name": "ec2-us-east-1:IE 11"
},
{
	"label": "Virginia USA - EC2  - Firefox Firefox",
	"location": "ec2-us-east-1",
	"browser": "Firefox",
	"server": "http:\/\/webpagetest.org",
	"name": "ec2-us-east-1:Firefox"
},
{
	"label": "Virginia USA - EC2  - Safari Safari",
	"location": "ec2-us-east-1",
	"browser": "Safari",
	"server": "http:\/\/webpagetest.org",
	"name": "ec2-us-east-1:Safari"
},
{
	"label": "New York, NY USA - IE 11 IE 11",
	"location": "NewYork",
	"browser": "IE 11",
	"server": "http:\/\/webpagetest.org",
	"name": "NewYork:IE 11"
},
{
	"label": "New York, NY USA - Chrome Chrome",
	"location": "NewYork",
	"browser": "Chrome",
	"server": "http:\/\/webpagetest.org",
	"name": "NewYork:Chrome"
},
{
	"label": "New York, NY USA - Firefox Firefox",
	"location": "NewYork",
	"browser": "Firefox",
	"server": "http:\/\/webpagetest.org",
	"name": "NewYork:Firefox"
},
{
	"label": "Miami, FL IE 8",
	"location": "Miami_IE8",
	"browser": "IE 8",
	"server": "http:\/\/webpagetest.org",
	"name": "Miami_IE8"
},
{
	"label": "Miami, FL - Chrome Chrome",
	"location": "Miami",
	"browser": "Chrome",
	"server": "http:\/\/webpagetest.org",
	"name": "Miami:Chrome"
},
{
	"label": "Miami, FL - Firefox Firefox",
	"location": "Miami",
	"browser": "Firefox",
	"server": "http:\/\/webpagetest.org",
	"name": "Miami:Firefox"
},
{
	"label": "Chicago, IL IE 10",
	"location": "Chicago_IE10",
	"browser": "IE 10",
	"server": "http:\/\/webpagetest.org",
	"name": "Chicago_IE10"
},
{
	"label": "Denver, Colorado USA - Chrome Chrome",
	"location": "Colorado",
	"browser": "Chrome",
	"server": "http:\/\/webpagetest.org",
	"name": "Colorado:Chrome"
},
{
	"label": "Denver, Colorado USA - Canary Canary",
	"location": "Colorado",
	"browser": "Canary",
	"server": "http:\/\/webpagetest.org",
	"name": "Colorado:Canary"
},
{
	"label": "Denver, Colorado USA - Firefox Firefox",
	"location": "Colorado",
	"browser": "Firefox",
	"server": "http:\/\/webpagetest.org",
	"name": "Colorado:Firefox"
},
{
	"label": "Phoenix, AZ USA - IE10 IE10",
	"location": "US_Phx_Wptdriver",
	"browser": "IE10",
	"server": "http:\/\/webpagetest.org",
	"name": "US_Phx_Wptdriver:IE10"
},
{
	"label": "Phoenix, AZ USA - Chrome Chrome",
	"location": "US_Phx_Wptdriver",
	"browser": "Chrome",
	"server": "http:\/\/webpagetest.org",
	"name": "US_Phx_Wptdriver:Chrome"
},
{
	"label": "Phoenix, AZ USA - Firefox Firefox",
	"location": "US_Phx_Wptdriver",
	"browser": "Firefox",
	"server": "http:\/\/webpagetest.org",
	"name": "US_Phx_Wptdriver:Firefox"
},
{
	"label": "San Francisco, CA USA - Chrome Chrome",
	"location": "SanFrancisco",
	"browser": "Chrome",
	"server": "http:\/\/webpagetest.org",
	"name": "SanFrancisco:Chrome"
},
{
	"label": "San Francisco, CA USA - IE 11 IE 11",
	"location": "SanFrancisco",
	"browser": "IE 11",
	"server": "http:\/\/webpagetest.org",
	"name": "SanFrancisco:IE 11"
},
{
	"label": "San Francisco, CA USA - Firefox Firefox",
	"location": "SanFrancisco",
	"browser": "Firefox",
	"server": "http:\/\/webpagetest.org",
	"name": "SanFrancisco:Firefox"
},
{
	"label": "San Francisco, CA USA - Safari Safari",
	"location": "SanFrancisco",
	"browser": "Safari",
	"server": "http:\/\/webpagetest.org",
	"name": "SanFrancisco:Safari"
},
{
	"label": "San Francisco, CA USA - Yottaa - IE 11 IE 11",
	"location": "SanFrancisco_Yottaa",
	"browser": "IE 11",
	"server": "http:\/\/webpagetest.org",
	"name": "SanFrancisco_Yottaa:IE 11"
},
{
	"label": "San Francisco, CA USA - Yottaa - Chrome Chrome",
	"location": "SanFrancisco_Yottaa",
	"browser": "Chrome",
	"server": "http:\/\/webpagetest.org",
	"name": "SanFrancisco_Yottaa:Chrome"
},
{
	"label": "San Francisco, CA USA - Yottaa - Firefox Firefox",
	"location": "SanFrancisco_Yottaa",
	"browser": "Firefox",
	"server": "http:\/\/webpagetest.org",
	"name": "SanFrancisco_Yottaa:Firefox"
},
{
	"label": "San Francisco, CA USA - Yottaa - Safari Safari",
	"location": "SanFrancisco_Yottaa",
	"browser": "Safari",
	"server": "http:\/\/webpagetest.org",
	"name": "SanFrancisco_Yottaa:Safari"
},
{
	"label": "Oregon USA - EC2 - Chrome Chrome",
	"location": "ec2-us-west-2",
	"browser": "Chrome",
	"server": "http:\/\/webpagetest.org",
	"name": "ec2-us-west-2:Chrome"
},
{
	"label": "Oregon USA - EC2 - IE 11 IE 11",
	"location": "ec2-us-west-2",
	"browser": "IE 11",
	"server": "http:\/\/webpagetest.org",
	"name": "ec2-us-west-2:IE 11"
},
{
	"label": "Oregon USA - EC2 - Firefox Firefox",
	"location": "ec2-us-west-2",
	"browser": "Firefox",
	"server": "http:\/\/webpagetest.org",
	"name": "ec2-us-west-2:Firefox"
},
{
	"label": "Oregon USA - EC2 - Safari Safari",
	"location": "ec2-us-west-2",
	"browser": "Safari",
	"server": "http:\/\/webpagetest.org",
	"name": "ec2-us-west-2:Safari"
},
{
	"label": "San Jose, CA - IE 11 IE 11",
	"location": "SanJose",
	"browser": "IE 11",
	"server": "http:\/\/webpagetest.org",
	"name": "SanJose:IE 11"
},
{
	"label": "San Jose, CA - Chrome Chrome",
	"location": "SanJose",
	"browser": "Chrome",
	"server": "http:\/\/webpagetest.org",
	"name": "SanJose:Chrome"
},
{
	"label": "San Jose, CA - Firefox Firefox",
	"location": "SanJose",
	"browser": "Firefox",
	"server": "http:\/\/webpagetest.org",
	"name": "SanJose:Firefox"
},
{
	"label": "California USA - EC2 - Chrome Chrome",
	"location": "ec2-us-west-1",
	"browser": "Chrome",
	"server": "http:\/\/webpagetest.org",
	"name": "ec2-us-west-1:Chrome"
},
{
	"label": "California USA - EC2 - IE 11 IE 11",
	"location": "ec2-us-west-1",
	"browser": "IE 11",
	"server": "http:\/\/webpagetest.org",
	"name": "ec2-us-west-1:IE 11"
},
{
	"label": "California USA - EC2 - Firefox Firefox",
	"location": "ec2-us-west-1",
	"browser": "Firefox",
	"server": "http:\/\/webpagetest.org",
	"name": "ec2-us-west-1:Firefox"
},
{
	"label": "California USA - EC2 - Safari Safari",
	"location": "ec2-us-west-1",
	"browser": "Safari",
	"server": "http:\/\/webpagetest.org",
	"name": "ec2-us-west-1:Safari"
},
{
	"label": "Los Angeles, CA IE 8",
	"location": "LosAngeles_IE8",
	"browser": "IE 8",
	"server": "http:\/\/webpagetest.org",
	"name": "LosAngeles_IE8"
},
{
	"label": "Los Angeles, CA IE 9",
	"location": "LosAngeles_IE9",
	"browser": "IE 9",
	"server": "http:\/\/webpagetest.org",
	"name": "LosAngeles_IE9"
},
{
	"label": "Los Angeles, CA - IE 10 IE 10",
	"location": "LosAngeles",
	"browser": "IE 10",
	"server": "http:\/\/webpagetest.org",
	"name": "LosAngeles:IE 10"
},
{
	"label": "Los Angeles, CA - Chrome Chrome",
	"location": "LosAngeles",
	"browser": "Chrome",
	"server": "http:\/\/webpagetest.org",
	"name": "LosAngeles:Chrome"
},
{
	"label": "Los Angeles, CA - Canary Canary",
	"location": "LosAngeles",
	"browser": "Canary",
	"server": "http:\/\/webpagetest.org",
	"name": "LosAngeles:Canary"
},
{
	"label": "Los Angeles, CA - Firefox Firefox",
	"location": "LosAngeles",
	"browser": "Firefox",
	"server": "http:\/\/webpagetest.org",
	"name": "LosAngeles:Firefox"
},
{
	"label": "Montreal, Canada - Akamai - Chrome Chrome",
	"location": "Montreal_wpt",
	"browser": "Chrome",
	"server": "http:\/\/webpagetest.org",
	"name": "Montreal_wpt:Chrome"
},
{
	"label": "Montreal, Canada - Akamai - Firefox Firefox",
	"location": "Montreal_wpt",
	"browser": "Firefox",
	"server": "http:\/\/webpagetest.org",
	"name": "Montreal_wpt:Firefox"
},
{
	"label": "Toronto, Canada IE 8",
	"location": "Toronto_IE8",
	"browser": "IE 8",
	"server": "http:\/\/webpagetest.org",
	"name": "Toronto_IE8"
},
{
	"label": "Buenos Aires, Argentina - Chrome Chrome",
	"location": "Argentina",
	"browser": "Chrome",
	"server": "http:\/\/webpagetest.org",
	"name": "Argentina:Chrome"
},
{
	"label": "Buenos Aires, Argentina - Canary Canary",
	"location": "Argentina",
	"browser": "Canary",
	"server": "http:\/\/webpagetest.org",
	"name": "Argentina:Canary"
},
{
	"label": "Buenos Aires, Argentina - Firefox Firefox",
	"location": "Argentina",
	"browser": "Firefox",
	"server": "http:\/\/webpagetest.org",
	"name": "Argentina:Firefox"
},
{
	"label": "Buenos Aires, Argentina - IE 11 IE 11",
	"location": "Argentina",
	"browser": "IE 11",
	"server": "http:\/\/webpagetest.org",
	"name": "Argentina:IE 11"
},
{
	"label": "Brazil - EC2 - Chrome Chrome",
	"location": "ec2-sa-east-1",
	"browser": "Chrome",
	"server": "http:\/\/webpagetest.org",
	"name": "ec2-sa-east-1:Chrome"
},
{
	"label": "Brazil - EC2 - IE 11 IE 11",
	"location": "ec2-sa-east-1",
	"browser": "IE 11",
	"server": "http:\/\/webpagetest.org",
	"name": "ec2-sa-east-1:IE 11"
},
{
	"label": "Brazil - EC2 - Firefox Firefox",
	"location": "ec2-sa-east-1",
	"browser": "Firefox",
	"server": "http:\/\/webpagetest.org",
	"name": "ec2-sa-east-1:Firefox"
},
{
	"label": "Brazil - EC2 - Safari Safari",
	"location": "ec2-sa-east-1",
	"browser": "Safari",
	"server": "http:\/\/webpagetest.org",
	"name": "ec2-sa-east-1:Safari"
},
{
	"label": "Reykjavik, Iceland - Chrome Chrome",
	"location": "Iceland",
	"browser": "Chrome",
	"server": "http:\/\/webpagetest.org",
	"name": "Iceland:Chrome"
},
{
	"label": "Reykjavik, Iceland - Canary Canary",
	"location": "Iceland",
	"browser": "Canary",
	"server": "http:\/\/webpagetest.org",
	"name": "Iceland:Canary"
},
{
	"label": "Reykjavik, Iceland - Firefox Firefox",
	"location": "Iceland",
	"browser": "Firefox",
	"server": "http:\/\/webpagetest.org",
	"name": "Iceland:Firefox"
},
{
	"label": "Reykjavik, Iceland - IE 11 IE 11",
	"location": "Iceland",
	"browser": "IE 11",
	"server": "http:\/\/webpagetest.org",
	"name": "Iceland:IE 11"
},
{
	"label": "Ireland - EC2 - Chrome Chrome",
	"location": "ec2-eu-west-1",
	"browser": "Chrome",
	"server": "http:\/\/webpagetest.org",
	"name": "ec2-eu-west-1:Chrome"
},
{
	"label": "Ireland - EC2 - IE 11 IE 11",
	"location": "ec2-eu-west-1",
	"browser": "IE 11",
	"server": "http:\/\/webpagetest.org",
	"name": "ec2-eu-west-1:IE 11"
},
{
	"label": "Ireland - EC2 - Firefox Firefox",
	"location": "ec2-eu-west-1",
	"browser": "Firefox",
	"server": "http:\/\/webpagetest.org",
	"name": "ec2-eu-west-1:Firefox"
},
{
	"label": "Ireland - EC2 - Safari Safari",
	"location": "ec2-eu-west-1",
	"browser": "Safari",
	"server": "http:\/\/webpagetest.org",
	"name": "ec2-eu-west-1:Safari"
},
{
	"label": "Manchester, UK - Chrome Chrome",
	"location": "Manchester",
	"browser": "Chrome",
	"server": "http:\/\/webpagetest.org",
	"name": "Manchester:Chrome"
},
{
	"label": "Manchester, UK - Firefox Firefox",
	"location": "Manchester",
	"browser": "Firefox",
	"server": "http:\/\/webpagetest.org",
	"name": "Manchester:Firefox"
},
{
	"label": "Manchester, UK - IE 11 IE 11",
	"location": "Manchester",
	"browser": "IE 11",
	"server": "http:\/\/webpagetest.org",
	"name": "Manchester:IE 11"
},
{
	"label": "London, UK - IE 11 IE 11",
	"location": "London",
	"browser": "IE 11",
	"server": "http:\/\/webpagetest.org",
	"name": "London:IE 11"
},
{
	"label": "London, UK - Chrome Chrome",
	"location": "London",
	"browser": "Chrome",
	"server": "http:\/\/webpagetest.org",
	"name": "London:Chrome"
},
{
	"label": "London, UK - Canary Canary",
	"location": "London",
	"browser": "Canary",
	"server": "http:\/\/webpagetest.org",
	"name": "London:Canary"
},
{
	"label": "London, UK - Firefox Firefox",
	"location": "London",
	"browser": "Firefox",
	"server": "http:\/\/webpagetest.org",
	"name": "London:Firefox"
},
{
	"label": "Paris, FR IE 8",
	"location": "Paris_IE8",
	"browser": "IE 8",
	"server": "http:\/\/webpagetest.org",
	"name": "Paris_IE8"
},
{
	"label": "Paris, FR Chrome",
	"location": "Paris_wpt",
	"browser": "Chrome",
	"server": "http:\/\/webpagetest.org",
	"name": "Paris_wpt"
},
{
	"label": "Brussels, BE - IE 8 IE 8",
	"location": "Brussels",
	"browser": "IE 8",
	"server": "http:\/\/webpagetest.org",
	"name": "Brussels:IE 8"
},
{
	"label": "Brussels, BE - Chrome Chrome",
	"location": "Brussels",
	"browser": "Chrome",
	"server": "http:\/\/webpagetest.org",
	"name": "Brussels:Chrome"
},
{
	"label": "Brussels, BE - Canary Canary",
	"location": "Brussels",
	"browser": "Canary",
	"server": "http:\/\/webpagetest.org",
	"name": "Brussels:Canary"
},
{
	"label": "Brussels, BE - Firefox Firefox",
	"location": "Brussels",
	"browser": "Firefox",
	"server": "http:\/\/webpagetest.org",
	"name": "Brussels:Firefox"
},
{
	"label": "Brussels, BE - Safari Safari",
	"location": "Brussels",
	"browser": "Safari",
	"server": "http:\/\/webpagetest.org",
	"name": "Brussels:Safari"
},
{
	"label": "Amsterdam, NL - Go Daddy - IE10 IE10",
	"location": "EU_Ams_Wptdriver",
	"browser": "IE10",
	"server": "http:\/\/webpagetest.org",
	"name": "EU_Ams_Wptdriver:IE10"
},
{
	"label": "Amsterdam, NL - Go Daddy - Chrome Chrome",
	"location": "EU_Ams_Wptdriver",
	"browser": "Chrome",
	"server": "http:\/\/webpagetest.org",
	"name": "EU_Ams_Wptdriver:Chrome"
},
{
	"label": "Amsterdam, NL - Go Daddy - Firefox Firefox",
	"location": "EU_Ams_Wptdriver",
	"browser": "Firefox",
	"server": "http:\/\/webpagetest.org",
	"name": "EU_Ams_Wptdriver:Firefox"
},
{
	"label": "Amsterdam, NL - IISpeed - IE 10 IE 10",
	"location": "Amsterdam_IISpeed",
	"browser": "IE 10",
	"server": "http:\/\/webpagetest.org",
	"name": "Amsterdam_IISpeed:IE 10"
},
{
	"label": "Amsterdam, NL - IISpeed - Chrome Chrome",
	"location": "Amsterdam_IISpeed",
	"browser": "Chrome",
	"server": "http:\/\/webpagetest.org",
	"name": "Amsterdam_IISpeed:Chrome"
},
{
	"label": "Amsterdam, NL - IISpeed - Firefox Firefox",
	"location": "Amsterdam_IISpeed",
	"browser": "Firefox",
	"server": "http:\/\/webpagetest.org",
	"name": "Amsterdam_IISpeed:Firefox"
},
{
	"label": "Amsterdam, NL - IISpeed - Safari Safari",
	"location": "Amsterdam_IISpeed",
	"browser": "Safari",
	"server": "http:\/\/webpagetest.org",
	"name": "Amsterdam_IISpeed:Safari"
},
{
	"label": "Frankfurt, DE - IE 11 IE 11",
	"location": "Frankfurt",
	"browser": "IE 11",
	"server": "http:\/\/webpagetest.org",
	"name": "Frankfurt:IE 11"
},
{
	"label": "Frankfurt, DE - Chrome Chrome",
	"location": "Frankfurt",
	"browser": "Chrome",
	"server": "http:\/\/webpagetest.org",
	"name": "Frankfurt:Chrome"
},
{
	"label": "Frankfurt, DE - Firefox Firefox",
	"location": "Frankfurt",
	"browser": "Firefox",
	"server": "http:\/\/webpagetest.org",
	"name": "Frankfurt:Firefox"
},
{
	"label": "Falkenstein, Germany IE 9",
	"location": "Falkenstein_IE9",
	"browser": "IE 9",
	"server": "http:\/\/webpagetest.org",
	"name": "Falkenstein_IE9"
},
{
	"label": "Falkenstein, Germany - Chrome Chrome",
	"location": "Falkenstein",
	"browser": "Chrome",
	"server": "http:\/\/webpagetest.org",
	"name": "Falkenstein:Chrome"
},
{
	"label": "Falkenstein, Germany - Firefox Firefox",
	"location": "Falkenstein",
	"browser": "Firefox",
	"server": "http:\/\/webpagetest.org",
	"name": "Falkenstein:Firefox"
},
{
	"label": "Falkenstein, Germany - Safari Safari",
	"location": "Falkenstein",
	"browser": "Safari",
	"server": "http:\/\/webpagetest.org",
	"name": "Falkenstein:Safari"
},
{
	"label": "Prague, Czech Republic - IE 11 IE 11",
	"location": "Prague",
	"browser": "IE 11",
	"server": "http:\/\/webpagetest.org",
	"name": "Prague:IE 11"
},
{
	"label": "Prague, Czech Republic - Chrome Chrome",
	"location": "Prague",
	"browser": "Chrome",
	"server": "http:\/\/webpagetest.org",
	"name": "Prague:Chrome"
},
{
	"label": "Prague, Czech Republic - Canary Canary",
	"location": "Prague",
	"browser": "Canary",
	"server": "http:\/\/webpagetest.org",
	"name": "Prague:Canary"
},
{
	"label": "Prague, Czech Republic - Firefox Firefox",
	"location": "Prague",
	"browser": "Firefox",
	"server": "http:\/\/webpagetest.org",
	"name": "Prague:Firefox"
},
{
	"label": "Prague, Czech Republic - Safari Safari",
	"location": "Prague",
	"browser": "Safari",
	"server": "http:\/\/webpagetest.org",
	"name": "Prague:Safari"
},
{
	"label": "Vienna, Austria - IE 11 IE 11",
	"location": "Vienna",
	"browser": "IE 11",
	"server": "http:\/\/webpagetest.org",
	"name": "Vienna:IE 11"
},
{
	"label": "Vienna, Austria - Chrome Chrome",
	"location": "Vienna",
	"browser": "Chrome",
	"server": "http:\/\/webpagetest.org",
	"name": "Vienna:Chrome"
},
{
	"label": "Vienna, Austria - Firefox Firefox",
	"location": "Vienna",
	"browser": "Firefox",
	"server": "http:\/\/webpagetest.org",
	"name": "Vienna:Firefox"
},
{
	"label": "Vienna, Austria - Safari Safari",
	"location": "Vienna",
	"browser": "Safari",
	"server": "http:\/\/webpagetest.org",
	"name": "Vienna:Safari"
},
{
	"label": "Copenhagen, Denmark - IE 10 IE 10",
	"location": "Copenhagen",
	"browser": "IE 10",
	"server": "http:\/\/webpagetest.org",
	"name": "Copenhagen:IE 10"
},
{
	"label": "Copenhagen, Denmark - Chrome Chrome",
	"location": "Copenhagen",
	"browser": "Chrome",
	"server": "http:\/\/webpagetest.org",
	"name": "Copenhagen:Chrome"
},
{
	"label": "Copenhagen, Denmark - Firefox Firefox",
	"location": "Copenhagen",
	"browser": "Firefox",
	"server": "http:\/\/webpagetest.org",
	"name": "Copenhagen:Firefox"
},
{
	"label": "Stockholm, Sweden IE 8",
	"location": "Stockholm_IE8",
	"browser": "IE 8",
	"server": "http:\/\/webpagetest.org",
	"name": "Stockholm_IE8"
},
{
	"label": "Stockholm, Sweden - Chrome Chrome",
	"location": "Stockholm",
	"browser": "Chrome",
	"server": "http:\/\/webpagetest.org",
	"name": "Stockholm:Chrome"
},
{
	"label": "Stockholm, Sweden - Firefox Firefox",
	"location": "Stockholm",
	"browser": "Firefox",
	"server": "http:\/\/webpagetest.org",
	"name": "Stockholm:Firefox"
},
{
	"label": "Stockholm, Sweden - Safari Safari",
	"location": "Stockholm",
	"browser": "Safari",
	"server": "http:\/\/webpagetest.org",
	"name": "Stockholm:Safari"
},
{
	"label": "Petah-Tiqwa, Israel - IE 10 IE 10",
	"location": "Petah_Tiqwa",
	"browser": "IE 10",
	"server": "http:\/\/webpagetest.org",
	"name": "Petah_Tiqwa:IE 10"
},
{
	"label": "Petah-Tiqwa, Israel - Chrome Chrome",
	"location": "Petah_Tiqwa",
	"browser": "Chrome",
	"server": "http:\/\/webpagetest.org",
	"name": "Petah_Tiqwa:Chrome"
},
{
	"label": "Petah-Tiqwa, Israel - Firefox Firefox",
	"location": "Petah_Tiqwa",
	"browser": "Firefox",
	"server": "http:\/\/webpagetest.org",
	"name": "Petah_Tiqwa:Firefox"
},
{
	"label": "Petah-Tiqwa, Israel - Safari Safari",
	"location": "Petah_Tiqwa",
	"browser": "Safari",
	"server": "http:\/\/webpagetest.org",
	"name": "Petah_Tiqwa:Safari"
},
{
	"label": "Moscow, Russia - IE 9 IE 9",
	"location": "Moscow_IE9",
	"browser": "IE 9",
	"server": "http:\/\/webpagetest.org",
	"name": "Moscow_IE9:IE 9"
},
{
	"label": "Moscow, Russia - Chrome Chrome",
	"location": "Moscow_IE9",
	"browser": "Chrome",
	"server": "http:\/\/webpagetest.org",
	"name": "Moscow_IE9:Chrome"
},
{
	"label": "Moscow, Russia - Firefox Firefox",
	"location": "Moscow_IE9",
	"browser": "Firefox",
	"server": "http:\/\/webpagetest.org",
	"name": "Moscow_IE9:Firefox"
},
{
	"label": "Indore, M.P., India IE 9",
	"location": "Indore_IE9",
	"browser": "IE 9",
	"server": "http:\/\/webpagetest.org",
	"name": "Indore_IE9"
},
{
	"label": "Indore, M.P., India - Chrome Chrome",
	"location": "Indore",
	"browser": "Chrome",
	"server": "http:\/\/webpagetest.org",
	"name": "Indore:Chrome"
},
{
	"label": "Indore, M.P., India - Firefox Firefox",
	"location": "Indore",
	"browser": "Firefox",
	"server": "http:\/\/webpagetest.org",
	"name": "Indore:Firefox"
},
{
	"label": "Indore, M.P., India - Safari Safari",
	"location": "Indore",
	"browser": "Safari",
	"server": "http:\/\/webpagetest.org",
	"name": "Indore:Safari"
},
{
	"label": "Singapore IE 8",
	"location": "Singapore_IE8",
	"browser": "IE 8",
	"server": "http:\/\/webpagetest.org",
	"name": "Singapore_IE8"
},
{
	"label": "Singapore - EC2 - Chrome Chrome",
	"location": "ec2-ap-southeast-1",
	"browser": "Chrome",
	"server": "http:\/\/webpagetest.org",
	"name": "ec2-ap-southeast-1:Chrome"
},
{
	"label": "Singapore - EC2 - IE 11 IE 11",
	"location": "ec2-ap-southeast-1",
	"browser": "IE 11",
	"server": "http:\/\/webpagetest.org",
	"name": "ec2-ap-southeast-1:IE 11"
},
{
	"label": "Singapore - EC2 - Firefox Firefox",
	"location": "ec2-ap-southeast-1",
	"browser": "Firefox",
	"server": "http:\/\/webpagetest.org",
	"name": "ec2-ap-southeast-1:Firefox"
},
{
	"label": "Singapore - EC2 - Safari Safari",
	"location": "ec2-ap-southeast-1",
	"browser": "Safari",
	"server": "http:\/\/webpagetest.org",
	"name": "ec2-ap-southeast-1:Safari"
},
{
	"label": "Hong Kong, China - Chrome Chrome",
	"location": "HongKong",
	"browser": "Chrome",
	"server": "http:\/\/webpagetest.org",
	"name": "HongKong:Chrome"
},
{
	"label": "Hong Kong, China - Canary Canary",
	"location": "HongKong",
	"browser": "Canary",
	"server": "http:\/\/webpagetest.org",
	"name": "HongKong:Canary"
},
{
	"label": "Hong Kong, China - Firefox Firefox",
	"location": "HongKong",
	"browser": "Firefox",
	"server": "http:\/\/webpagetest.org",
	"name": "HongKong:Firefox"
},
{
	"label": "Shanghai, China - IE 11 IE 11",
	"location": "Shanghai",
	"browser": "IE 11",
	"server": "http:\/\/webpagetest.org",
	"name": "Shanghai:IE 11"
},
{
	"label": "Shanghai, China - Chrome Chrome",
	"location": "Shanghai",
	"browser": "Chrome",
	"server": "http:\/\/webpagetest.org",
	"name": "Shanghai:Chrome"
},
{
	"label": "Shanghai, China - Firefox Firefox",
	"location": "Shanghai",
	"browser": "Firefox",
	"server": "http:\/\/webpagetest.org",
	"name": "Shanghai:Firefox"
},
{
	"label": "Seoul, Korea - Chrome Chrome",
	"location": "Seoul",
	"browser": "Chrome",
	"server": "http:\/\/webpagetest.org",
	"name": "Seoul:Chrome"
},
{
	"label": "Seoul, Korea - Canary Canary",
	"location": "Seoul",
	"browser": "Canary",
	"server": "http:\/\/webpagetest.org",
	"name": "Seoul:Canary"
},
{
	"label": "Seoul, Korea - Firefox Firefox",
	"location": "Seoul",
	"browser": "Firefox",
	"server": "http:\/\/webpagetest.org",
	"name": "Seoul:Firefox"
},
{
	"label": "Seoul, Korea - Safari Safari",
	"location": "Seoul",
	"browser": "Safari",
	"server": "http:\/\/webpagetest.org",
	"name": "Seoul:Safari"
},
{
	"label": "Seoul, Korea - IE 11 IE 11",
	"location": "Seoul",
	"browser": "IE 11",
	"server": "http:\/\/webpagetest.org",
	"name": "Seoul:IE 11"
},
{
	"label": "Seoul, Korea IE 8",
	"location": "Seoul_IE8",
	"browser": "IE 8",
	"server": "http:\/\/webpagetest.org",
	"name": "Seoul_IE8"
},
{
	"label": "Seoul, Korea IE 7",
	"location": "Seoul_IE7",
	"browser": "IE 7",
	"server": "http:\/\/webpagetest.org",
	"name": "Seoul_IE7"
},
{
	"label": "Tokyo, Japan IE 9",
	"location": "Tokyo",
	"browser": "IE 9",
	"server": "http:\/\/webpagetest.org",
	"name": "Tokyo"
},
{
	"label": "Tokyo, Japan - Chrome Chrome",
	"location": "Tokyo_wptdriver",
	"browser": "Chrome",
	"server": "http:\/\/webpagetest.org",
	"name": "Tokyo_wptdriver:Chrome"
},
{
	"label": "Tokyo, Japan - Firefox Firefox",
	"location": "Tokyo_wptdriver",
	"browser": "Firefox",
	"server": "http:\/\/webpagetest.org",
	"name": "Tokyo_wptdriver:Firefox"
},
{
	"label": "Japan - EC2 - Chrome Chrome",
	"location": "ec2-ap-northeast-1",
	"browser": "Chrome",
	"server": "http:\/\/webpagetest.org",
	"name": "ec2-ap-northeast-1:Chrome"
},
{
	"label": "Japan - EC2 - IE 11 IE 11",
	"location": "ec2-ap-northeast-1",
	"browser": "IE 11",
	"server": "http:\/\/webpagetest.org",
	"name": "ec2-ap-northeast-1:IE 11"
},
{
	"label": "Japan - EC2 - Firefox Firefox",
	"location": "ec2-ap-northeast-1",
	"browser": "Firefox",
	"server": "http:\/\/webpagetest.org",
	"name": "ec2-ap-northeast-1:Firefox"
},
{
	"label": "Japan - EC2 - Safari Safari",
	"location": "ec2-ap-northeast-1",
	"browser": "Safari",
	"server": "http:\/\/webpagetest.org",
	"name": "ec2-ap-northeast-1:Safari"
},
{
	"label": "Sydney, Australia (Servers Australia) - IE 10 IE 10",
	"location": "Sydney2",
	"browser": "IE 10",
	"server": "http:\/\/webpagetest.org",
	"name": "Sydney2:IE 10"
},
{
	"label": "Sydney, Australia (Servers Australia) - Chrome Chrome",
	"location": "Sydney2",
	"browser": "Chrome",
	"server": "http:\/\/webpagetest.org",
	"name": "Sydney2:Chrome"
},
{
	"label": "Sydney, Australia (Servers Australia) - Canary Canary",
	"location": "Sydney2",
	"browser": "Canary",
	"server": "http:\/\/webpagetest.org",
	"name": "Sydney2:Canary"
},
{
	"label": "Sydney, Australia (Servers Australia) - Firefox Firefox",
	"location": "Sydney2",
	"browser": "Firefox",
	"server": "http:\/\/webpagetest.org",
	"name": "Sydney2:Firefox"
},
{
	"label": "Sydney, Australia (Anchor) - IE 11 IE 11",
	"location": "Sydney3",
	"browser": "IE 11",
	"server": "http:\/\/webpagetest.org",
	"name": "Sydney3:IE 11"
},
{
	"label": "Sydney, Australia (Anchor) - Chrome Chrome",
	"location": "Sydney3",
	"browser": "Chrome",
	"server": "http:\/\/webpagetest.org",
	"name": "Sydney3:Chrome"
},
{
	"label": "Sydney, Australia (Anchor) - Canary Canary",
	"location": "Sydney3",
	"browser": "Canary",
	"server": "http:\/\/webpagetest.org",
	"name": "Sydney3:Canary"
},
{
	"label": "Sydney, Australia (Anchor) - Firefox Firefox",
	"location": "Sydney3",
	"browser": "Firefox",
	"server": "http:\/\/webpagetest.org",
	"name": "Sydney3:Firefox"
},
{
	"label": "Australia - EC2 - Chrome Chrome",
	"location": "ec2-ap-southeast-2",
	"browser": "Chrome",
	"server": "http:\/\/webpagetest.org",
	"name": "ec2-ap-southeast-2:Chrome"
},
{
	"label": "Australia - EC2 - IE 11 IE 11",
	"location": "ec2-ap-southeast-2",
	"browser": "IE 11",
	"server": "http:\/\/webpagetest.org",
	"name": "ec2-ap-southeast-2:IE 11"
},
{
	"label": "Australia - EC2 - Firefox Firefox",
	"location": "ec2-ap-southeast-2",
	"browser": "Firefox",
	"server": "http:\/\/webpagetest.org",
	"name": "ec2-ap-southeast-2:Firefox"
},
{
	"label": "Australia - EC2 - Safari Safari",
	"location": "ec2-ap-southeast-2",
	"browser": "Safari",
	"server": "http:\/\/webpagetest.org",
	"name": "ec2-ap-southeast-2:Safari"
},
{
	"label": "Wellington, NZ IE 11",
	"location": "Wellington_IE9",
	"browser": "IE 11",
	"server": "http:\/\/webpagetest.org",
	"name": "Wellington_IE9"
},
{
	"label": "Wellington, NZ - Chrome Chrome",
	"location": "Wellington",
	"browser": "Chrome",
	"server": "http:\/\/webpagetest.org",
	"name": "Wellington:Chrome"
},
{
	"label": "Wellington, NZ - Firefox Firefox",
	"location": "Wellington",
	"browser": "Firefox",
	"server": "http:\/\/webpagetest.org",
	"name": "Wellington:Firefox"
}]