[{
	"label": "Dulles, VA - Motorola G - Chrome Motorola G - Chrome",
	"location": "Dulles_MotoG",
	"browser": "Motorola G - Chrome",
	"server": "http:\/\/www.webpagetest.org",
	"name": "Dulles_MotoG:Motorola G - Chrome"
},
{
	"label": "Dulles, VA - Motorola G - Chrome Beta Motorola G - Chrome Beta",
	"location": "Dulles_MotoG",
	"browser": "Motorola G - Chrome Beta",
	"server": "http:\/\/www.webpagetest.org",
	"name": "Dulles_MotoG:Motorola G - Chrome Beta"
},
{
	"label": "Dulles, VA - Motorola G - Chrome Dev Motorola G - Chrome Dev",
	"location": "Dulles_MotoG",
	"browser": "Motorola G - Chrome Dev",
	"server": "http:\/\/www.webpagetest.org",
	"name": "Dulles_MotoG:Motorola G - Chrome Dev"
},
{
	"label": "Dulles, VA - Nexus 5 - Chrome Nexus 5 - Chrome",
	"location": "Dulles_Nexus5",
	"browser": "Nexus 5 - Chrome",
	"server": "http:\/\/www.webpagetest.org",
	"name": "Dulles_Nexus5:Nexus 5 - Chrome"
},
{
	"label": "Dulles, VA - Nexus 5 - Chrome Beta Nexus 5 - Chrome Beta",
	"location": "Dulles_Nexus5",
	"browser": "Nexus 5 - Chrome Beta",
	"server": "http:\/\/www.webpagetest.org",
	"name": "Dulles_Nexus5:Nexus 5 - Chrome Beta"
},
{
	"label": "Dulles, VA - Nexus 5 - Chrome Dev Nexus 5 - Chrome Dev",
	"location": "Dulles_Nexus5",
	"browser": "Nexus 5 - Chrome Dev",
	"server": "http:\/\/www.webpagetest.org",
	"name": "Dulles_Nexus5:Nexus 5 - Chrome Dev"
},
{
	"label": "Dulles, VA - Motorola E - Chrome Motorola E - Chrome",
	"location": "Dulles_MotoE",
	"browser": "Motorola E - Chrome",
	"server": "http:\/\/www.webpagetest.org",
	"name": "Dulles_MotoE:Motorola E - Chrome"
},
{
	"label": "Dulles, VA - Motorola E - Chrome Beta Motorola E - Chrome Beta",
	"location": "Dulles_MotoE",
	"browser": "Motorola E - Chrome Beta",
	"server": "http:\/\/www.webpagetest.org",
	"name": "Dulles_MotoE:Motorola E - Chrome Beta"
},
{
	"label": "Dulles, VA - Motorola E - Chrome Dev Motorola E - Chrome Dev",
	"location": "Dulles_MotoE",
	"browser": "Motorola E - Chrome Dev",
	"server": "http:\/\/www.webpagetest.org",
	"name": "Dulles_MotoE:Motorola E - Chrome Dev"
},
{
	"label": "Dulles, VA - Nexus 7 - Chrome Nexus 7 - Chrome",
	"location": "Dulles_Nexus7",
	"browser": "Nexus 7 - Chrome",
	"server": "http:\/\/www.webpagetest.org",
	"name": "Dulles_Nexus7:Nexus 7 - Chrome"
},
{
	"label": "Dulles, VA - Nexus 7 - Chrome Beta Nexus 7 - Chrome Beta",
	"location": "Dulles_Nexus7",
	"browser": "Nexus 7 - Chrome Beta",
	"server": "http:\/\/www.webpagetest.org",
	"name": "Dulles_Nexus7:Nexus 7 - Chrome Beta"
},
{
	"label": "Dulles, VA - Nexus 7 - Chrome Dev Nexus 7 - Chrome Dev",
	"location": "Dulles_Nexus7",
	"browser": "Nexus 7 - Chrome Dev",
	"server": "http:\/\/www.webpagetest.org",
	"name": "Dulles_Nexus7:Nexus 7 - Chrome Dev"
},
{
	"label": "Dulles, VA - Nexus 7 Landscape - Chrome Nexus 7 Landscape - Chrome",
	"location": "Dulles_Nexus7L",
	"browser": "Nexus 7 Landscape - Chrome",
	"server": "http:\/\/www.webpagetest.org",
	"name": "Dulles_Nexus7L:Nexus 7 Landscape - Chrome"
},
{
	"label": "Dulles, VA - Nexus 7 Landscape - Chrome Beta Nexus 7 Landscape - Chrome Beta",
	"location": "Dulles_Nexus7L",
	"browser": "Nexus 7 Landscape - Chrome Beta",
	"server": "http:\/\/www.webpagetest.org",
	"name": "Dulles_Nexus7L:Nexus 7 Landscape - Chrome Beta"
},
{
	"label": "Dulles, VA - Nexus 7 Landscape - Chrome Dev Nexus 7 Landscape - Chrome Dev",
	"location": "Dulles_Nexus7L",
	"browser": "Nexus 7 Landscape - Chrome Dev",
	"server": "http:\/\/www.webpagetest.org",
	"name": "Dulles_Nexus7L:Nexus 7 Landscape - Chrome Dev"
},
{
	"label": "Dulles, VA iPhone 5C iOS 9",
	"location": "Dulles_iPhone5c",
	"browser": "iPhone 5C iOS 9",
	"server": "http:\/\/www.webpagetest.org",
	"name": "Dulles_iPhone5c"
},
{
	"label": "Dulles, VA iPhone 6 iOS 9",
	"location": "Dulles_iPhone6",
	"browser": "iPhone 6 iOS 9",
	"server": "http:\/\/www.webpagetest.org",
	"name": "Dulles_iPhone6"
},
{
	"label": "Dulles, VA iPad Mini 2 iOS 9",
	"location": "Dulles_iPadMini2",
	"browser": "iPad Mini 2 iOS 9",
	"server": "http:\/\/www.webpagetest.org",
	"name": "Dulles_iPadMini2"
},
{
	"label": "San Francisco, California (TMobile LTE) Chrome",
	"location": "SanFrancisco_Headspin",
	"browser": "Chrome",
	"server": "http:\/\/www.webpagetest.org",
	"name": "SanFrancisco_Headspin"
},
{
	"label": "Dulles, VA IE 8",
	"location": "Dulles_IE8",
	"browser": "IE 8",
	"server": "http:\/\/www.webpagetest.org",
	"name": "Dulles_IE8"
},
{
	"label": "Dulles, VA IE 9",
	"location": "Dulles_IE9",
	"browser": "IE 9",
	"server": "http:\/\/www.webpagetest.org",
	"name": "Dulles_IE9"
},
{
	"label": "Dulles, VA IE 10",
	"location": "Dulles_IE10",
	"browser": "IE 10",
	"server": "http:\/\/www.webpagetest.org",
	"name": "Dulles_IE10"
},
{
	"label": "Dulles, VA IE 11",
	"location": "Dulles_IE11",
	"browser": "IE 11",
	"server": "http:\/\/www.webpagetest.org",
	"name": "Dulles_IE11"
},
{
	"label": "Dulles, VA - Chrome Chrome",
	"location": "Dulles",
	"browser": "Chrome",
	"server": "http:\/\/www.webpagetest.org",
	"name": "Dulles:Chrome"
},
{
	"label": "Dulles, VA - Canary Canary",
	"location": "Dulles",
	"browser": "Canary",
	"server": "http:\/\/www.webpagetest.org",
	"name": "Dulles:Canary"
},
{
	"label": "Dulles, VA - Firefox Firefox",
	"location": "Dulles",
	"browser": "Firefox",
	"server": "http:\/\/www.webpagetest.org",
	"name": "Dulles:Firefox"
},
{
	"label": "Dulles, VA - Firefox Nightly Firefox Nightly",
	"location": "Dulles",
	"browser": "Firefox Nightly",
	"server": "http:\/\/www.webpagetest.org",
	"name": "Dulles:Firefox Nightly"
},
{
	"label": "Dulles, VA - Safari Safari",
	"location": "Dulles",
	"browser": "Safari",
	"server": "http:\/\/www.webpagetest.org",
	"name": "Dulles:Safari"
},
{
	"label": "Dulles, VA - Thinkpad T430 - Chrome Chrome",
	"location": "Dulles_Thinkpad",
	"browser": "Chrome",
	"server": "http:\/\/www.webpagetest.org",
	"name": "Dulles_Thinkpad:Chrome"
},
{
	"label": "Dulles, VA - Thinkpad T430 - Canary Canary",
	"location": "Dulles_Thinkpad",
	"browser": "Canary",
	"server": "http:\/\/www.webpagetest.org",
	"name": "Dulles_Thinkpad:Canary"
},
{
	"label": "Dulles, VA - Thinkpad T430 - Firefox Firefox",
	"location": "Dulles_Thinkpad",
	"browser": "Firefox",
	"server": "http:\/\/www.webpagetest.org",
	"name": "Dulles_Thinkpad:Firefox"
},
{
	"label": "Dulles, VA - Thinkpad T430 - Firefox Nightly Firefox Nightly",
	"location": "Dulles_Thinkpad",
	"browser": "Firefox Nightly",
	"server": "http:\/\/www.webpagetest.org",
	"name": "Dulles_Thinkpad:Firefox Nightly"
},
{
	"label": "Dulles, VA - Thinkpad T430 - IE 11 IE 11",
	"location": "Dulles_Thinkpad",
	"browser": "IE 11",
	"server": "http:\/\/www.webpagetest.org",
	"name": "Dulles_Thinkpad:IE 11"
},
{
	"label": "Dulles, VA - Thinkpad T430 - Safari Safari",
	"location": "Dulles_Thinkpad",
	"browser": "Safari",
	"server": "http:\/\/www.webpagetest.org",
	"name": "Dulles_Thinkpad:Safari"
},
{
	"label": "Virginia USA - EC2  - Chrome Chrome",
	"location": "ec2-us-east-1",
	"browser": "Chrome",
	"server": "http:\/\/www.webpagetest.org",
	"name": "ec2-us-east-1:Chrome"
},
{
	"label": "Virginia USA - EC2  - IE 11 IE 11",
	"location": "ec2-us-east-1",
	"browser": "IE 11",
	"server": "http:\/\/www.webpagetest.org",
	"name": "ec2-us-east-1:IE 11"
},
{
	"label": "Virginia USA - EC2  - Firefox Firefox",
	"location": "ec2-us-east-1",
	"browser": "Firefox",
	"server": "http:\/\/www.webpagetest.org",
	"name": "ec2-us-east-1:Firefox"
},
{
	"label": "Virginia USA - EC2  - Safari Safari",
	"location": "ec2-us-east-1",
	"browser": "Safari",
	"server": "http:\/\/www.webpagetest.org",
	"name": "ec2-us-east-1:Safari"
},
{
	"label": "New York, NY USA - IE 11 IE 11",
	"location": "NewYork",
	"browser": "IE 11",
	"server": "http:\/\/www.webpagetest.org",
	"name": "NewYork:IE 11"
},
{
	"label": "New York, NY USA - Chrome Chrome",
	"location": "NewYork",
	"browser": "Chrome",
	"server": "http:\/\/www.webpagetest.org",
	"name": "NewYork:Chrome"
},
{
	"label": "New York, NY USA - Firefox Firefox",
	"location": "NewYork",
	"browser": "Firefox",
	"server": "http:\/\/www.webpagetest.org",
	"name": "NewYork:Firefox"
},
{
	"label": "Chicago, IL IE 10",
	"location": "Chicago_IE10",
	"browser": "IE 10",
	"server": "http:\/\/www.webpagetest.org",
	"name": "Chicago_IE10"
},
{
	"label": "Lincoln, Nebraska USA - IE 11 IE 11",
	"location": "Nebraska",
	"browser": "IE 11",
	"server": "http:\/\/www.webpagetest.org",
	"name": "Nebraska:IE 11"
},
{
	"label": "Lincoln, Nebraska USA - Chrome Chrome",
	"location": "Nebraska",
	"browser": "Chrome",
	"server": "http:\/\/www.webpagetest.org",
	"name": "Nebraska:Chrome"
},
{
	"label": "Lincoln, Nebraska USA - Canary Canary",
	"location": "Nebraska",
	"browser": "Canary",
	"server": "http:\/\/www.webpagetest.org",
	"name": "Nebraska:Canary"
},
{
	"label": "Lincoln, Nebraska USA - Firefox Firefox",
	"location": "Nebraska",
	"browser": "Firefox",
	"server": "http:\/\/www.webpagetest.org",
	"name": "Nebraska:Firefox"
},
{
	"label": "Denver, Colorado USA - Chrome Chrome",
	"location": "Colorado",
	"browser": "Chrome",
	"server": "http:\/\/www.webpagetest.org",
	"name": "Colorado:Chrome"
},
{
	"label": "Denver, Colorado USA - Canary Canary",
	"location": "Colorado",
	"browser": "Canary",
	"server": "http:\/\/www.webpagetest.org",
	"name": "Colorado:Canary"
},
{
	"label": "Denver, Colorado USA - Firefox Firefox",
	"location": "Colorado",
	"browser": "Firefox",
	"server": "http:\/\/www.webpagetest.org",
	"name": "Colorado:Firefox"
},
{
	"label": "Phoenix, AZ USA - IE10 IE10",
	"location": "US_Phx_Wptdriver",
	"browser": "IE10",
	"server": "http:\/\/www.webpagetest.org",
	"name": "US_Phx_Wptdriver:IE10"
},
{
	"label": "Phoenix, AZ USA - Chrome Chrome",
	"location": "US_Phx_Wptdriver",
	"browser": "Chrome",
	"server": "http:\/\/www.webpagetest.org",
	"name": "US_Phx_Wptdriver:Chrome"
},
{
	"label": "Phoenix, AZ USA - Firefox Firefox",
	"location": "US_Phx_Wptdriver",
	"browser": "Firefox",
	"server": "http:\/\/www.webpagetest.org",
	"name": "US_Phx_Wptdriver:Firefox"
},
{
	"label": "Oregon USA - EC2 - Chrome Chrome",
	"location": "ec2-us-west-2",
	"browser": "Chrome",
	"server": "http:\/\/www.webpagetest.org",
	"name": "ec2-us-west-2:Chrome"
},
{
	"label": "Oregon USA - EC2 - IE 11 IE 11",
	"location": "ec2-us-west-2",
	"browser": "IE 11",
	"server": "http:\/\/www.webpagetest.org",
	"name": "ec2-us-west-2:IE 11"
},
{
	"label": "Oregon USA - EC2 - Firefox Firefox",
	"location": "ec2-us-west-2",
	"browser": "Firefox",
	"server": "http:\/\/www.webpagetest.org",
	"name": "ec2-us-west-2:Firefox"
},
{
	"label": "Oregon USA - EC2 - Safari Safari",
	"location": "ec2-us-west-2",
	"browser": "Safari",
	"server": "http:\/\/www.webpagetest.org",
	"name": "ec2-us-west-2:Safari"
},
{
	"label": "San Jose, CA - IE 11 IE 11",
	"location": "SanJose",
	"browser": "IE 11",
	"server": "http:\/\/www.webpagetest.org",
	"name": "SanJose:IE 11"
},
{
	"label": "San Jose, CA - Chrome Chrome",
	"location": "SanJose",
	"browser": "Chrome",
	"server": "http:\/\/www.webpagetest.org",
	"name": "SanJose:Chrome"
},
{
	"label": "San Jose, CA - Firefox Firefox",
	"location": "SanJose",
	"browser": "Firefox",
	"server": "http:\/\/www.webpagetest.org",
	"name": "SanJose:Firefox"
},
{
	"label": "California USA - EC2 - Chrome Chrome",
	"location": "ec2-us-west-1",
	"browser": "Chrome",
	"server": "http:\/\/www.webpagetest.org",
	"name": "ec2-us-west-1:Chrome"
},
{
	"label": "California USA - EC2 - IE 11 IE 11",
	"location": "ec2-us-west-1",
	"browser": "IE 11",
	"server": "http:\/\/www.webpagetest.org",
	"name": "ec2-us-west-1:IE 11"
},
{
	"label": "California USA - EC2 - Firefox Firefox",
	"location": "ec2-us-west-1",
	"browser": "Firefox",
	"server": "http:\/\/www.webpagetest.org",
	"name": "ec2-us-west-1:Firefox"
},
{
	"label": "California USA - EC2 - Safari Safari",
	"location": "ec2-us-west-1",
	"browser": "Safari",
	"server": "http:\/\/www.webpagetest.org",
	"name": "ec2-us-west-1:Safari"
},
{
	"label": "Los Angeles, CA IE 8",
	"location": "LosAngeles_IE8",
	"browser": "IE 8",
	"server": "http:\/\/www.webpagetest.org",
	"name": "LosAngeles_IE8"
},
{
	"label": "Los Angeles, CA IE 9",
	"location": "LosAngeles_IE9",
	"browser": "IE 9",
	"server": "http:\/\/www.webpagetest.org",
	"name": "LosAngeles_IE9"
},
{
	"label": "Los Angeles, CA - IE 10 IE 10",
	"location": "LosAngeles",
	"browser": "IE 10",
	"server": "http:\/\/www.webpagetest.org",
	"name": "LosAngeles:IE 10"
},
{
	"label": "Los Angeles, CA - Chrome Chrome",
	"location": "LosAngeles",
	"browser": "Chrome",
	"server": "http:\/\/www.webpagetest.org",
	"name": "LosAngeles:Chrome"
},
{
	"label": "Los Angeles, CA - Canary Canary",
	"location": "LosAngeles",
	"browser": "Canary",
	"server": "http:\/\/www.webpagetest.org",
	"name": "LosAngeles:Canary"
},
{
	"label": "Los Angeles, CA - Firefox Firefox",
	"location": "LosAngeles",
	"browser": "Firefox",
	"server": "http:\/\/www.webpagetest.org",
	"name": "LosAngeles:Firefox"
},
{
	"label": "Montreal, Canada - Akamai - Chrome Chrome",
	"location": "Montreal_wpt",
	"browser": "Chrome",
	"server": "http:\/\/www.webpagetest.org",
	"name": "Montreal_wpt:Chrome"
},
{
	"label": "Montreal, Canada - Akamai - Firefox Firefox",
	"location": "Montreal_wpt",
	"browser": "Firefox",
	"server": "http:\/\/www.webpagetest.org",
	"name": "Montreal_wpt:Firefox"
},
{
	"label": "Montreal, Canada - Zenedge - IE 11 IE 11",
	"location": "Montreal_west",
	"browser": "IE 11",
	"server": "http:\/\/www.webpagetest.org",
	"name": "Montreal_west:IE 11"
},
{
	"label": "Montreal, Canada - Zenedge - Chrome Chrome",
	"location": "Montreal_west",
	"browser": "Chrome",
	"server": "http:\/\/www.webpagetest.org",
	"name": "Montreal_west:Chrome"
},
{
	"label": "Montreal, Canada - Zenedge - Canary Canary",
	"location": "Montreal_west",
	"browser": "Canary",
	"server": "http:\/\/www.webpagetest.org",
	"name": "Montreal_west:Canary"
},
{
	"label": "Montreal, Canada - Zenedge - Firefox Firefox",
	"location": "Montreal_west",
	"browser": "Firefox",
	"server": "http:\/\/www.webpagetest.org",
	"name": "Montreal_west:Firefox"
},
{
	"label": "Buenos Aires, Argentina - Chrome Chrome",
	"location": "Argentina",
	"browser": "Chrome",
	"server": "http:\/\/www.webpagetest.org",
	"name": "Argentina:Chrome"
},
{
	"label": "Buenos Aires, Argentina - Canary Canary",
	"location": "Argentina",
	"browser": "Canary",
	"server": "http:\/\/www.webpagetest.org",
	"name": "Argentina:Canary"
},
{
	"label": "Buenos Aires, Argentina - Firefox Firefox",
	"location": "Argentina",
	"browser": "Firefox",
	"server": "http:\/\/www.webpagetest.org",
	"name": "Argentina:Firefox"
},
{
	"label": "Buenos Aires, Argentina - IE 11 IE 11",
	"location": "Argentina",
	"browser": "IE 11",
	"server": "http:\/\/www.webpagetest.org",
	"name": "Argentina:IE 11"
},
{
	"label": "Brazil - EC2 - Chrome Chrome",
	"location": "ec2-sa-east-1",
	"browser": "Chrome",
	"server": "http:\/\/www.webpagetest.org",
	"name": "ec2-sa-east-1:Chrome"
},
{
	"label": "Brazil - EC2 - IE 11 IE 11",
	"location": "ec2-sa-east-1",
	"browser": "IE 11",
	"server": "http:\/\/www.webpagetest.org",
	"name": "ec2-sa-east-1:IE 11"
},
{
	"label": "Brazil - EC2 - Firefox Firefox",
	"location": "ec2-sa-east-1",
	"browser": "Firefox",
	"server": "http:\/\/www.webpagetest.org",
	"name": "ec2-sa-east-1:Firefox"
},
{
	"label": "Brazil - EC2 - Safari Safari",
	"location": "ec2-sa-east-1",
	"browser": "Safari",
	"server": "http:\/\/www.webpagetest.org",
	"name": "ec2-sa-east-1:Safari"
},
{
	"label": "Ireland - EC2 - Chrome Chrome",
	"location": "ec2-eu-west-1",
	"browser": "Chrome",
	"server": "http:\/\/www.webpagetest.org",
	"name": "ec2-eu-west-1:Chrome"
},
{
	"label": "Ireland - EC2 - IE 11 IE 11",
	"location": "ec2-eu-west-1",
	"browser": "IE 11",
	"server": "http:\/\/www.webpagetest.org",
	"name": "ec2-eu-west-1:IE 11"
},
{
	"label": "Ireland - EC2 - Firefox Firefox",
	"location": "ec2-eu-west-1",
	"browser": "Firefox",
	"server": "http:\/\/www.webpagetest.org",
	"name": "ec2-eu-west-1:Firefox"
},
{
	"label": "Ireland - EC2 - Safari Safari",
	"location": "ec2-eu-west-1",
	"browser": "Safari",
	"server": "http:\/\/www.webpagetest.org",
	"name": "ec2-eu-west-1:Safari"
},
{
	"label": "Manchester, UK - Chrome Chrome",
	"location": "Manchester",
	"browser": "Chrome",
	"server": "http:\/\/www.webpagetest.org",
	"name": "Manchester:Chrome"
},
{
	"label": "Manchester, UK - Firefox Firefox",
	"location": "Manchester",
	"browser": "Firefox",
	"server": "http:\/\/www.webpagetest.org",
	"name": "Manchester:Firefox"
},
{
	"label": "Manchester, UK - IE 11 IE 11",
	"location": "Manchester",
	"browser": "IE 11",
	"server": "http:\/\/www.webpagetest.org",
	"name": "Manchester:IE 11"
},
{
	"label": "London, UK - IE 11 IE 11",
	"location": "London",
	"browser": "IE 11",
	"server": "http:\/\/www.webpagetest.org",
	"name": "London:IE 11"
},
{
	"label": "London, UK - Chrome Chrome",
	"location": "London",
	"browser": "Chrome",
	"server": "http:\/\/www.webpagetest.org",
	"name": "London:Chrome"
},
{
	"label": "London, UK - Canary Canary",
	"location": "London",
	"browser": "Canary",
	"server": "http:\/\/www.webpagetest.org",
	"name": "London:Canary"
},
{
	"label": "London, UK - Firefox Firefox",
	"location": "London",
	"browser": "Firefox",
	"server": "http:\/\/www.webpagetest.org",
	"name": "London:Firefox"
},
{
	"label": "Paris, FR IE 8",
	"location": "Paris_IE8",
	"browser": "IE 8",
	"server": "http:\/\/www.webpagetest.org",
	"name": "Paris_IE8"
},
{
	"label": "Paris, FR Chrome",
	"location": "Paris_wpt",
	"browser": "Chrome",
	"server": "http:\/\/www.webpagetest.org",
	"name": "Paris_wpt"
},
{
	"label": "Brussels, BE - IE 8 IE 8",
	"location": "Brussels",
	"browser": "IE 8",
	"server": "http:\/\/www.webpagetest.org",
	"name": "Brussels:IE 8"
},
{
	"label": "Brussels, BE - Chrome Chrome",
	"location": "Brussels",
	"browser": "Chrome",
	"server": "http:\/\/www.webpagetest.org",
	"name": "Brussels:Chrome"
},
{
	"label": "Brussels, BE - Canary Canary",
	"location": "Brussels",
	"browser": "Canary",
	"server": "http:\/\/www.webpagetest.org",
	"name": "Brussels:Canary"
},
{
	"label": "Brussels, BE - Firefox Firefox",
	"location": "Brussels",
	"browser": "Firefox",
	"server": "http:\/\/www.webpagetest.org",
	"name": "Brussels:Firefox"
},
{
	"label": "Brussels, BE - Safari Safari",
	"location": "Brussels",
	"browser": "Safari",
	"server": "http:\/\/www.webpagetest.org",
	"name": "Brussels:Safari"
},
{
	"label": "Amsterdam, NL - Go Daddy - IE10 IE10",
	"location": "EU_Ams_Wptdriver",
	"browser": "IE10",
	"server": "http:\/\/www.webpagetest.org",
	"name": "EU_Ams_Wptdriver:IE10"
},
{
	"label": "Amsterdam, NL - Go Daddy - Chrome Chrome",
	"location": "EU_Ams_Wptdriver",
	"browser": "Chrome",
	"server": "http:\/\/www.webpagetest.org",
	"name": "EU_Ams_Wptdriver:Chrome"
},
{
	"label": "Amsterdam, NL - Go Daddy - Firefox Firefox",
	"location": "EU_Ams_Wptdriver",
	"browser": "Firefox",
	"server": "http:\/\/www.webpagetest.org",
	"name": "EU_Ams_Wptdriver:Firefox"
},
{
	"label": "Amsterdam, NL - IISpeed - IE 10 IE 10",
	"location": "Amsterdam_IISpeed",
	"browser": "IE 10",
	"server": "http:\/\/www.webpagetest.org",
	"name": "Amsterdam_IISpeed:IE 10"
},
{
	"label": "Amsterdam, NL - IISpeed - Chrome Chrome",
	"location": "Amsterdam_IISpeed",
	"browser": "Chrome",
	"server": "http:\/\/www.webpagetest.org",
	"name": "Amsterdam_IISpeed:Chrome"
},
{
	"label": "Amsterdam, NL - IISpeed - Firefox Firefox",
	"location": "Amsterdam_IISpeed",
	"browser": "Firefox",
	"server": "http:\/\/www.webpagetest.org",
	"name": "Amsterdam_IISpeed:Firefox"
},
{
	"label": "Amsterdam, NL - IISpeed - Safari Safari",
	"location": "Amsterdam_IISpeed",
	"browser": "Safari",
	"server": "http:\/\/www.webpagetest.org",
	"name": "Amsterdam_IISpeed:Safari"
},
{
	"label": "Frankfurt, DE - IE 11 IE 11",
	"location": "Frankfurt",
	"browser": "IE 11",
	"server": "http:\/\/www.webpagetest.org",
	"name": "Frankfurt:IE 11"
},
{
	"label": "Frankfurt, DE - Chrome Chrome",
	"location": "Frankfurt",
	"browser": "Chrome",
	"server": "http:\/\/www.webpagetest.org",
	"name": "Frankfurt:Chrome"
},
{
	"label": "Frankfurt, DE - Firefox Firefox",
	"location": "Frankfurt",
	"browser": "Firefox",
	"server": "http:\/\/www.webpagetest.org",
	"name": "Frankfurt:Firefox"
},
{
	"label": "Frankfurt, Germany - Dynatrace Ruxit - IE 11 IE 11",
	"location": "Frankfurt_Ruxit",
	"browser": "IE 11",
	"server": "http:\/\/www.webpagetest.org",
	"name": "Frankfurt_Ruxit:IE 11"
},
{
	"label": "Frankfurt, Germany - Dynatrace Ruxit - Chrome Chrome",
	"location": "Frankfurt_Ruxit",
	"browser": "Chrome",
	"server": "http:\/\/www.webpagetest.org",
	"name": "Frankfurt_Ruxit:Chrome"
},
{
	"label": "Frankfurt, Germany - Dynatrace Ruxit - Firefox Firefox",
	"location": "Frankfurt_Ruxit",
	"browser": "Firefox",
	"server": "http:\/\/www.webpagetest.org",
	"name": "Frankfurt_Ruxit:Firefox"
},
{
	"label": "Germany - EC2 - Chrome Chrome",
	"location": "ec2-eu-central-1",
	"browser": "Chrome",
	"server": "http:\/\/www.webpagetest.org",
	"name": "ec2-eu-central-1:Chrome"
},
{
	"label": "Germany - EC2 - IE 11 IE 11",
	"location": "ec2-eu-central-1",
	"browser": "IE 11",
	"server": "http:\/\/www.webpagetest.org",
	"name": "ec2-eu-central-1:IE 11"
},
{
	"label": "Germany - EC2 - Firefox Firefox",
	"location": "ec2-eu-central-1",
	"browser": "Firefox",
	"server": "http:\/\/www.webpagetest.org",
	"name": "ec2-eu-central-1:Firefox"
},
{
	"label": "Germany - EC2 - Safari Safari",
	"location": "ec2-eu-central-1",
	"browser": "Safari",
	"server": "http:\/\/www.webpagetest.org",
	"name": "ec2-eu-central-1:Safari"
},
{
	"label": "Prague, Czech Republic - IE 11 IE 11",
	"location": "Prague",
	"browser": "IE 11",
	"server": "http:\/\/www.webpagetest.org",
	"name": "Prague:IE 11"
},
{
	"label": "Prague, Czech Republic - Chrome Chrome",
	"location": "Prague",
	"browser": "Chrome",
	"server": "http:\/\/www.webpagetest.org",
	"name": "Prague:Chrome"
},
{
	"label": "Prague, Czech Republic - Canary Canary",
	"location": "Prague",
	"browser": "Canary",
	"server": "http:\/\/www.webpagetest.org",
	"name": "Prague:Canary"
},
{
	"label": "Prague, Czech Republic - Firefox Firefox",
	"location": "Prague",
	"browser": "Firefox",
	"server": "http:\/\/www.webpagetest.org",
	"name": "Prague:Firefox"
},
{
	"label": "Prague, Czech Republic - Safari Safari",
	"location": "Prague",
	"browser": "Safari",
	"server": "http:\/\/www.webpagetest.org",
	"name": "Prague:Safari"
},
{
	"label": "Warsaw, Poland - Chrome Chrome",
	"location": "Poland",
	"browser": "Chrome",
	"server": "http:\/\/www.webpagetest.org",
	"name": "Poland:Chrome"
},
{
	"label": "Warsaw, Poland - Canary Canary",
	"location": "Poland",
	"browser": "Canary",
	"server": "http:\/\/www.webpagetest.org",
	"name": "Poland:Canary"
},
{
	"label": "Warsaw, Poland - Firefox Firefox",
	"location": "Poland",
	"browser": "Firefox",
	"server": "http:\/\/www.webpagetest.org",
	"name": "Poland:Firefox"
},
{
	"label": "Warsaw, Poland - IE 11 IE 11",
	"location": "Poland",
	"browser": "IE 11",
	"server": "http:\/\/www.webpagetest.org",
	"name": "Poland:IE 11"
},
{
	"label": "Johannesburg, South Africa - Chrome Chrome",
	"location": "SouthAfrica",
	"browser": "Chrome",
	"server": "http:\/\/www.webpagetest.org",
	"name": "SouthAfrica:Chrome"
},
{
	"label": "Johannesburg, South Africa - Canary Canary",
	"location": "SouthAfrica",
	"browser": "Canary",
	"server": "http:\/\/www.webpagetest.org",
	"name": "SouthAfrica:Canary"
},
{
	"label": "Johannesburg, South Africa - Firefox Firefox",
	"location": "SouthAfrica",
	"browser": "Firefox",
	"server": "http:\/\/www.webpagetest.org",
	"name": "SouthAfrica:Firefox"
},
{
	"label": "Johannesburg, South Africa - Safari Safari",
	"location": "SouthAfrica",
	"browser": "Safari",
	"server": "http:\/\/www.webpagetest.org",
	"name": "SouthAfrica:Safari"
},
{
	"label": "Johannesburg, South Africa - IE 11 IE 11",
	"location": "SouthAfrica",
	"browser": "IE 11",
	"server": "http:\/\/www.webpagetest.org",
	"name": "SouthAfrica:IE 11"
},
{
	"label": "Rose Hill, Mauritius - Chrome Chrome",
	"location": "Mauritius",
	"browser": "Chrome",
	"server": "http:\/\/www.webpagetest.org",
	"name": "Mauritius:Chrome"
},
{
	"label": "Rose Hill, Mauritius - Canary Canary",
	"location": "Mauritius",
	"browser": "Canary",
	"server": "http:\/\/www.webpagetest.org",
	"name": "Mauritius:Canary"
},
{
	"label": "Rose Hill, Mauritius - Firefox Firefox",
	"location": "Mauritius",
	"browser": "Firefox",
	"server": "http:\/\/www.webpagetest.org",
	"name": "Mauritius:Firefox"
},
{
	"label": "Rose Hill, Mauritius - IE 11 IE 11",
	"location": "Mauritius",
	"browser": "IE 11",
	"server": "http:\/\/www.webpagetest.org",
	"name": "Mauritius:IE 11"
},
{
	"label": "Indore, M.P., India IE 9",
	"location": "Indore_IE9",
	"browser": "IE 9",
	"server": "http:\/\/www.webpagetest.org",
	"name": "Indore_IE9"
},
{
	"label": "Singapore IE 8",
	"location": "Singapore_IE8",
	"browser": "IE 8",
	"server": "http:\/\/www.webpagetest.org",
	"name": "Singapore_IE8"
},
{
	"label": "Singapore - EC2 - Chrome Chrome",
	"location": "ec2-ap-southeast-1",
	"browser": "Chrome",
	"server": "http:\/\/www.webpagetest.org",
	"name": "ec2-ap-southeast-1:Chrome"
},
{
	"label": "Singapore - EC2 - IE 11 IE 11",
	"location": "ec2-ap-southeast-1",
	"browser": "IE 11",
	"server": "http:\/\/www.webpagetest.org",
	"name": "ec2-ap-southeast-1:IE 11"
},
{
	"label": "Singapore - EC2 - Firefox Firefox",
	"location": "ec2-ap-southeast-1",
	"browser": "Firefox",
	"server": "http:\/\/www.webpagetest.org",
	"name": "ec2-ap-southeast-1:Firefox"
},
{
	"label": "Singapore - EC2 - Safari Safari",
	"location": "ec2-ap-southeast-1",
	"browser": "Safari",
	"server": "http:\/\/www.webpagetest.org",
	"name": "ec2-ap-southeast-1:Safari"
},
{
	"label": "Hong Kong, China - Chrome Chrome",
	"location": "HongKong",
	"browser": "Chrome",
	"server": "http:\/\/www.webpagetest.org",
	"name": "HongKong:Chrome"
},
{
	"label": "Hong Kong, China - Canary Canary",
	"location": "HongKong",
	"browser": "Canary",
	"server": "http:\/\/www.webpagetest.org",
	"name": "HongKong:Canary"
},
{
	"label": "Hong Kong, China - Firefox Firefox",
	"location": "HongKong",
	"browser": "Firefox",
	"server": "http:\/\/www.webpagetest.org",
	"name": "HongKong:Firefox"
},
{
	"label": "Yangzhou, China - Chrome Chrome",
	"location": "Yangzhou",
	"browser": "Chrome",
	"server": "http:\/\/www.webpagetest.org",
	"name": "Yangzhou:Chrome"
},
{
	"label": "Yangzhou, China - Firefox Firefox",
	"location": "Yangzhou",
	"browser": "Firefox",
	"server": "http:\/\/www.webpagetest.org",
	"name": "Yangzhou:Firefox"
},
{
	"label": "Yangzhou, China - IE 11 IE 11",
	"location": "Yangzhou",
	"browser": "IE 11",
	"server": "http:\/\/www.webpagetest.org",
	"name": "Yangzhou:IE 11"
},
{
	"label": "Shanghai, China - IE 11 IE 11",
	"location": "Shanghai",
	"browser": "IE 11",
	"server": "http:\/\/www.webpagetest.org",
	"name": "Shanghai:IE 11"
},
{
	"label": "Shanghai, China - Chrome Chrome",
	"location": "Shanghai",
	"browser": "Chrome",
	"server": "http:\/\/www.webpagetest.org",
	"name": "Shanghai:Chrome"
},
{
	"label": "Shanghai, China - Firefox Firefox",
	"location": "Shanghai",
	"browser": "Firefox",
	"server": "http:\/\/www.webpagetest.org",
	"name": "Shanghai:Firefox"
},
{
	"label": "Seoul, Korea EC2 - Chrome Chrome",
	"location": "Seoul_EC2",
	"browser": "Chrome",
	"server": "http:\/\/www.webpagetest.org",
	"name": "Seoul_EC2:Chrome"
},
{
	"label": "Seoul, Korea EC2 - Firefox Firefox",
	"location": "Seoul_EC2",
	"browser": "Firefox",
	"server": "http:\/\/www.webpagetest.org",
	"name": "Seoul_EC2:Firefox"
},
{
	"label": "Seoul, Korea EC2 - IE 11 IE 11",
	"location": "Seoul_EC2",
	"browser": "IE 11",
	"server": "http:\/\/www.webpagetest.org",
	"name": "Seoul_EC2:IE 11"
},
{
	"label": "Seoul, Korea - Chrome Chrome",
	"location": "Seoul",
	"browser": "Chrome",
	"server": "http:\/\/www.webpagetest.org",
	"name": "Seoul:Chrome"
},
{
	"label": "Seoul, Korea - Canary Canary",
	"location": "Seoul",
	"browser": "Canary",
	"server": "http:\/\/www.webpagetest.org",
	"name": "Seoul:Canary"
},
{
	"label": "Seoul, Korea - Firefox Firefox",
	"location": "Seoul",
	"browser": "Firefox",
	"server": "http:\/\/www.webpagetest.org",
	"name": "Seoul:Firefox"
},
{
	"label": "Seoul, Korea - Safari Safari",
	"location": "Seoul",
	"browser": "Safari",
	"server": "http:\/\/www.webpagetest.org",
	"name": "Seoul:Safari"
},
{
	"label": "Seoul, Korea - IE 11 IE 11",
	"location": "Seoul",
	"browser": "IE 11",
	"server": "http:\/\/www.webpagetest.org",
	"name": "Seoul:IE 11"
},
{
	"label": "Seoul, Korea IE 8",
	"location": "Seoul_IE8",
	"browser": "IE 8",
	"server": "http:\/\/www.webpagetest.org",
	"name": "Seoul_IE8"
},
{
	"label": "Seoul, Korea IE 7",
	"location": "Seoul_IE7",
	"browser": "IE 7",
	"server": "http:\/\/www.webpagetest.org",
	"name": "Seoul_IE7"
},
{
	"label": "Japan - EC2 - Chrome Chrome",
	"location": "ec2-ap-northeast-1",
	"browser": "Chrome",
	"server": "http:\/\/www.webpagetest.org",
	"name": "ec2-ap-northeast-1:Chrome"
},
{
	"label": "Japan - EC2 - IE 11 IE 11",
	"location": "ec2-ap-northeast-1",
	"browser": "IE 11",
	"server": "http:\/\/www.webpagetest.org",
	"name": "ec2-ap-northeast-1:IE 11"
},
{
	"label": "Japan - EC2 - Firefox Firefox",
	"location": "ec2-ap-northeast-1",
	"browser": "Firefox",
	"server": "http:\/\/www.webpagetest.org",
	"name": "ec2-ap-northeast-1:Firefox"
},
{
	"label": "Japan - EC2 - Safari Safari",
	"location": "ec2-ap-northeast-1",
	"browser": "Safari",
	"server": "http:\/\/www.webpagetest.org",
	"name": "ec2-ap-northeast-1:Safari"
},
{
	"label": "Sydney, Australia (Servers Australia) - IE 10 IE 10",
	"location": "Sydney2",
	"browser": "IE 10",
	"server": "http:\/\/www.webpagetest.org",
	"name": "Sydney2:IE 10"
},
{
	"label": "Sydney, Australia (Servers Australia) - Chrome Chrome",
	"location": "Sydney2",
	"browser": "Chrome",
	"server": "http:\/\/www.webpagetest.org",
	"name": "Sydney2:Chrome"
},
{
	"label": "Sydney, Australia (Servers Australia) - Canary Canary",
	"location": "Sydney2",
	"browser": "Canary",
	"server": "http:\/\/www.webpagetest.org",
	"name": "Sydney2:Canary"
},
{
	"label": "Sydney, Australia (Servers Australia) - Firefox Firefox",
	"location": "Sydney2",
	"browser": "Firefox",
	"server": "http:\/\/www.webpagetest.org",
	"name": "Sydney2:Firefox"
},
{
	"label": "Australia - EC2 - Chrome Chrome",
	"location": "ec2-ap-southeast-2",
	"browser": "Chrome",
	"server": "http:\/\/www.webpagetest.org",
	"name": "ec2-ap-southeast-2:Chrome"
},
{
	"label": "Australia - EC2 - IE 11 IE 11",
	"location": "ec2-ap-southeast-2",
	"browser": "IE 11",
	"server": "http:\/\/www.webpagetest.org",
	"name": "ec2-ap-southeast-2:IE 11"
},
{
	"label": "Australia - EC2 - Firefox Firefox",
	"location": "ec2-ap-southeast-2",
	"browser": "Firefox",
	"server": "http:\/\/www.webpagetest.org",
	"name": "ec2-ap-southeast-2:Firefox"
},
{
	"label": "Australia - EC2 - Safari Safari",
	"location": "ec2-ap-southeast-2",
	"browser": "Safari",
	"server": "http:\/\/www.webpagetest.org",
	"name": "ec2-ap-southeast-2:Safari"
},
{
	"label": "MT Bangalore - Chrome Chrome",
	"location": "mt_bangalore",
	"browser": "Chrome",
	"server": "http:\/\/10.60.224.22:8997",
	"name": "mt_bangalore:Chrome"
},
{
	"label": "MT Bangalore - Firefox Firefox",
	"location": "mt_bangalore",
	"browser": "Firefox",
	"server": "http:\/\/10.60.224.22:8997",
	"name": "mt_bangalore:Firefox"
},
{
	"label": "MT Bangalore - IE IE",
	"location": "mt_bangalore",
	"browser": "IE",
	"server": "http:\/\/10.60.224.22:8997",
	"name": "mt_bangalore:IE"
},
{
	"label": "MT Bangalore - Safari Safari",
	"location": "mt_bangalore",
	"browser": "Safari",
	"server": "http:\/\/10.60.224.22:8997",
	"name": "mt_bangalore:Safari"
}]