[{"label":"Dulles, VA Moto G4 - Chrome","location":"Dulles_MotoG4","browser":"Moto G4 - Chrome","server":"http:\/\/api.webpagetest.org","name":"Dulles_MotoG4:Moto G4 - Chrome"},{"label":"Dulles, VA Moto G4 - Chrome Canary","location":"Dulles_MotoG4","browser":"Moto G4 - Chrome Canary","server":"http:\/\/api.webpagetest.org","name":"Dulles_MotoG4:Moto G4 - Chrome Canary"},{"label":"Dulles, VA Moto G4 - Chrome Beta","location":"Dulles_MotoG4","browser":"Moto G4 - Chrome Beta","server":"http:\/\/api.webpagetest.org","name":"Dulles_MotoG4:Moto G4 - Chrome Beta"},{"label":"Dulles, VA Moto G4 - Chrome Dev","location":"Dulles_MotoG4","browser":"Moto G4 - Chrome Dev","server":"http:\/\/api.webpagetest.org","name":"Dulles_MotoG4:Moto G4 - Chrome Dev"},{"label":"Dulles, VA Moto G4 - UC Browser","location":"Dulles_MotoG4","browser":"Moto G4 - UC Browser","server":"http:\/\/api.webpagetest.org","name":"Dulles_MotoG4:Moto G4 - UC Browser"},{"label":"Dulles, VA Moto G4 - UC Mini","location":"Dulles_MotoG4","browser":"Moto G4 - UC Mini","server":"http:\/\/api.webpagetest.org","name":"Dulles_MotoG4:Moto G4 - UC Mini"},{"label":"Dulles, VA Moto G4 - Opera Mini","location":"Dulles_MotoG4","browser":"Moto G4 - Opera Mini","server":"http:\/\/api.webpagetest.org","name":"Dulles_MotoG4:Moto G4 - Opera Mini"},{"label":"Dulles, VA Moto G4 - Firefox","location":"Dulles_MotoG4","browser":"Moto G4 - Firefox","server":"http:\/\/api.webpagetest.org","name":"Dulles_MotoG4:Moto G4 - Firefox"},{"label":"Dulles, VA Moto G4 - Chrome","location":"Dulles_MotoG4","browser":"Moto G4 - Chrome","server":"http:\/\/api.webpagetest.org","name":"Dulles_MotoG4:Moto G4 - Chrome"},{"label":"Dulles, VA Moto G4 - Chrome Canary","location":"Dulles_MotoG4","browser":"Moto G4 - Chrome Canary","server":"http:\/\/api.webpagetest.org","name":"Dulles_MotoG4:Moto G4 - Chrome Canary"},{"label":"Dulles, VA Moto G4 - Chrome Beta","location":"Dulles_MotoG4","browser":"Moto G4 - Chrome Beta","server":"http:\/\/api.webpagetest.org","name":"Dulles_MotoG4:Moto G4 - Chrome Beta"},{"label":"Dulles, VA Moto G4 - Chrome Dev","location":"Dulles_MotoG4","browser":"Moto G4 - Chrome Dev","server":"http:\/\/api.webpagetest.org","name":"Dulles_MotoG4:Moto G4 - Chrome Dev"},{"label":"Dulles, VA Moto G4 - UC Browser","location":"Dulles_MotoG4","browser":"Moto G4 - UC Browser","server":"http:\/\/api.webpagetest.org","name":"Dulles_MotoG4:Moto G4 - UC Browser"},{"label":"Dulles, VA Moto G4 - UC Mini","location":"Dulles_MotoG4","browser":"Moto G4 - UC Mini","server":"http:\/\/api.webpagetest.org","name":"Dulles_MotoG4:Moto G4 - UC Mini"},{"label":"Dulles, VA Moto G4 - Opera Mini","location":"Dulles_MotoG4","browser":"Moto G4 - Opera Mini","server":"http:\/\/api.webpagetest.org","name":"Dulles_MotoG4:Moto G4 - Opera Mini"},{"label":"Dulles, VA Moto G4 - Firefox","location":"Dulles_MotoG4","browser":"Moto G4 - Firefox","server":"http:\/\/api.webpagetest.org","name":"Dulles_MotoG4:Moto G4 - Firefox"},{"label":"Dulles, VA Moto G - Chrome","location":"Dulles_MotoG","browser":"Moto G - Chrome","server":"http:\/\/api.webpagetest.org","name":"Dulles_MotoG:Moto G - Chrome"},{"label":"Dulles, VA Moto G - Chrome Canary","location":"Dulles_MotoG","browser":"Moto G - Chrome Canary","server":"http:\/\/api.webpagetest.org","name":"Dulles_MotoG:Moto G - Chrome Canary"},{"label":"Dulles, VA Moto G - Chrome Beta","location":"Dulles_MotoG","browser":"Moto G - Chrome Beta","server":"http:\/\/api.webpagetest.org","name":"Dulles_MotoG:Moto G - Chrome Beta"},{"label":"Dulles, VA Moto G - Chrome Dev","location":"Dulles_MotoG","browser":"Moto G - Chrome Dev","server":"http:\/\/api.webpagetest.org","name":"Dulles_MotoG:Moto G - Chrome Dev"},{"label":"Dulles, VA Moto G - UC Browser","location":"Dulles_MotoG","browser":"Moto G - UC Browser","server":"http:\/\/api.webpagetest.org","name":"Dulles_MotoG:Moto G - UC Browser"},{"label":"Dulles, VA Moto G - UC Mini","location":"Dulles_MotoG","browser":"Moto G - UC Mini","server":"http:\/\/api.webpagetest.org","name":"Dulles_MotoG:Moto G - UC Mini"},{"label":"Dulles, VA Moto G - Opera Mini","location":"Dulles_MotoG","browser":"Moto G - Opera Mini","server":"http:\/\/api.webpagetest.org","name":"Dulles_MotoG:Moto G - Opera Mini"},{"label":"Dulles, VA Moto G - Firefox","location":"Dulles_MotoG","browser":"Moto G - Firefox","server":"http:\/\/api.webpagetest.org","name":"Dulles_MotoG:Moto G - Firefox"},{"label":"Dulles, VA Moto G - Chrome","location":"Dulles_MotoG","browser":"Moto G - Chrome","server":"http:\/\/api.webpagetest.org","name":"Dulles_MotoG:Moto G - Chrome"},{"label":"Dulles, VA Moto G - Chrome Canary","location":"Dulles_MotoG","browser":"Moto G - Chrome Canary","server":"http:\/\/api.webpagetest.org","name":"Dulles_MotoG:Moto G - Chrome Canary"},{"label":"Dulles, VA Moto G - Chrome Beta","location":"Dulles_MotoG","browser":"Moto G - Chrome Beta","server":"http:\/\/api.webpagetest.org","name":"Dulles_MotoG:Moto G - Chrome Beta"},{"label":"Dulles, VA Moto G - Chrome Dev","location":"Dulles_MotoG","browser":"Moto G - Chrome Dev","server":"http:\/\/api.webpagetest.org","name":"Dulles_MotoG:Moto G - Chrome Dev"},{"label":"Dulles, VA Moto G - UC Browser","location":"Dulles_MotoG","browser":"Moto G - UC Browser","server":"http:\/\/api.webpagetest.org","name":"Dulles_MotoG:Moto G - UC Browser"},{"label":"Dulles, VA Moto G - UC Mini","location":"Dulles_MotoG","browser":"Moto G - UC Mini","server":"http:\/\/api.webpagetest.org","name":"Dulles_MotoG:Moto G - UC Mini"},{"label":"Dulles, VA Moto G - Opera Mini","location":"Dulles_MotoG","browser":"Moto G - Opera Mini","server":"http:\/\/api.webpagetest.org","name":"Dulles_MotoG:Moto G - Opera Mini"},{"label":"Dulles, VA Moto G - Firefox","location":"Dulles_MotoG","browser":"Moto G - Firefox","server":"http:\/\/api.webpagetest.org","name":"Dulles_MotoG:Moto G - Firefox"},{"label":"Dulles, VA Nexus 5 - Chrome","location":"Dulles_Nexus5","browser":"Nexus 5 - Chrome","server":"http:\/\/api.webpagetest.org","name":"Dulles_Nexus5:Nexus 5 - Chrome"},{"label":"Dulles, VA Nexus 5 - Chrome Canary","location":"Dulles_Nexus5","browser":"Nexus 5 - Chrome Canary","server":"http:\/\/api.webpagetest.org","name":"Dulles_Nexus5:Nexus 5 - Chrome Canary"},{"label":"Dulles, VA Nexus 5 - Chrome Beta","location":"Dulles_Nexus5","browser":"Nexus 5 - Chrome Beta","server":"http:\/\/api.webpagetest.org","name":"Dulles_Nexus5:Nexus 5 - Chrome Beta"},{"label":"Dulles, VA Nexus 5 - Chrome Dev","location":"Dulles_Nexus5","browser":"Nexus 5 - Chrome Dev","server":"http:\/\/api.webpagetest.org","name":"Dulles_Nexus5:Nexus 5 - Chrome Dev"},{"label":"Dulles, VA Nexus 5 - UC Browser","location":"Dulles_Nexus5","browser":"Nexus 5 - UC Browser","server":"http:\/\/api.webpagetest.org","name":"Dulles_Nexus5:Nexus 5 - UC Browser"},{"label":"Dulles, VA Nexus 5 - UC Mini","location":"Dulles_Nexus5","browser":"Nexus 5 - UC Mini","server":"http:\/\/api.webpagetest.org","name":"Dulles_Nexus5:Nexus 5 - UC Mini"},{"label":"Dulles, VA Nexus 5 - Opera Mini","location":"Dulles_Nexus5","browser":"Nexus 5 - Opera Mini","server":"http:\/\/api.webpagetest.org","name":"Dulles_Nexus5:Nexus 5 - Opera Mini"},{"label":"Dulles, VA Nexus 5 - Firefox","location":"Dulles_Nexus5","browser":"Nexus 5 - Firefox","server":"http:\/\/api.webpagetest.org","name":"Dulles_Nexus5:Nexus 5 - Firefox"},{"label":"Dulles, VA Nexus 5 - Chrome","location":"Dulles_Nexus5","browser":"Nexus 5 - Chrome","server":"http:\/\/api.webpagetest.org","name":"Dulles_Nexus5:Nexus 5 - Chrome"},{"label":"Dulles, VA Nexus 5 - Chrome Canary","location":"Dulles_Nexus5","browser":"Nexus 5 - Chrome Canary","server":"http:\/\/api.webpagetest.org","name":"Dulles_Nexus5:Nexus 5 - Chrome Canary"},{"label":"Dulles, VA Nexus 5 - Chrome Beta","location":"Dulles_Nexus5","browser":"Nexus 5 - Chrome Beta","server":"http:\/\/api.webpagetest.org","name":"Dulles_Nexus5:Nexus 5 - Chrome Beta"},{"label":"Dulles, VA Nexus 5 - Chrome Dev","location":"Dulles_Nexus5","browser":"Nexus 5 - Chrome Dev","server":"http:\/\/api.webpagetest.org","name":"Dulles_Nexus5:Nexus 5 - Chrome Dev"},{"label":"Dulles, VA Nexus 5 - UC Browser","location":"Dulles_Nexus5","browser":"Nexus 5 - UC Browser","server":"http:\/\/api.webpagetest.org","name":"Dulles_Nexus5:Nexus 5 - UC Browser"},{"label":"Dulles, VA Nexus 5 - UC Mini","location":"Dulles_Nexus5","browser":"Nexus 5 - UC Mini","server":"http:\/\/api.webpagetest.org","name":"Dulles_Nexus5:Nexus 5 - UC Mini"},{"label":"Dulles, VA Nexus 5 - Opera Mini","location":"Dulles_Nexus5","browser":"Nexus 5 - Opera Mini","server":"http:\/\/api.webpagetest.org","name":"Dulles_Nexus5:Nexus 5 - Opera Mini"},{"label":"Dulles, VA Nexus 5 - Firefox","location":"Dulles_Nexus5","browser":"Nexus 5 - Firefox","server":"http:\/\/api.webpagetest.org","name":"Dulles_Nexus5:Nexus 5 - Firefox"},{"label":"Dulles, VA Moto E - Chrome","location":"Dulles_MotoE","browser":"Moto E - Chrome","server":"http:\/\/api.webpagetest.org","name":"Dulles_MotoE:Moto E - Chrome"},{"label":"Dulles, VA Moto E - Chrome Canary","location":"Dulles_MotoE","browser":"Moto E - Chrome Canary","server":"http:\/\/api.webpagetest.org","name":"Dulles_MotoE:Moto E - Chrome Canary"},{"label":"Dulles, VA Moto E - Chrome Beta","location":"Dulles_MotoE","browser":"Moto E - Chrome Beta","server":"http:\/\/api.webpagetest.org","name":"Dulles_MotoE:Moto E - Chrome Beta"},{"label":"Dulles, VA Moto E - Chrome Dev","location":"Dulles_MotoE","browser":"Moto E - Chrome Dev","server":"http:\/\/api.webpagetest.org","name":"Dulles_MotoE:Moto E - Chrome Dev"},{"label":"Dulles, VA Moto E - UC Browser","location":"Dulles_MotoE","browser":"Moto E - UC Browser","server":"http:\/\/api.webpagetest.org","name":"Dulles_MotoE:Moto E - UC Browser"},{"label":"Dulles, VA Moto E - UC Mini","location":"Dulles_MotoE","browser":"Moto E - UC Mini","server":"http:\/\/api.webpagetest.org","name":"Dulles_MotoE:Moto E - UC Mini"},{"label":"Dulles, VA Moto E - Opera Mini","location":"Dulles_MotoE","browser":"Moto E - Opera Mini","server":"http:\/\/api.webpagetest.org","name":"Dulles_MotoE:Moto E - Opera Mini"},{"label":"Dulles, VA Moto E - Firefox","location":"Dulles_MotoE","browser":"Moto E - Firefox","server":"http:\/\/api.webpagetest.org","name":"Dulles_MotoE:Moto E - Firefox"},{"label":"Dulles, VA Moto E - Chrome","location":"Dulles_MotoE","browser":"Moto E - Chrome","server":"http:\/\/api.webpagetest.org","name":"Dulles_MotoE:Moto E - Chrome"},{"label":"Dulles, VA Moto E - Chrome Canary","location":"Dulles_MotoE","browser":"Moto E - Chrome Canary","server":"http:\/\/api.webpagetest.org","name":"Dulles_MotoE:Moto E - Chrome Canary"},{"label":"Dulles, VA Moto E - Chrome Beta","location":"Dulles_MotoE","browser":"Moto E - Chrome Beta","server":"http:\/\/api.webpagetest.org","name":"Dulles_MotoE:Moto E - Chrome Beta"},{"label":"Dulles, VA Moto E - Chrome Dev","location":"Dulles_MotoE","browser":"Moto E - Chrome Dev","server":"http:\/\/api.webpagetest.org","name":"Dulles_MotoE:Moto E - Chrome Dev"},{"label":"Dulles, VA Moto E - UC Browser","location":"Dulles_MotoE","browser":"Moto E - UC Browser","server":"http:\/\/api.webpagetest.org","name":"Dulles_MotoE:Moto E - UC Browser"},{"label":"Dulles, VA Moto E - UC Mini","location":"Dulles_MotoE","browser":"Moto E - UC Mini","server":"http:\/\/api.webpagetest.org","name":"Dulles_MotoE:Moto E - UC Mini"},{"label":"Dulles, VA Moto E - Opera Mini","location":"Dulles_MotoE","browser":"Moto E - Opera Mini","server":"http:\/\/api.webpagetest.org","name":"Dulles_MotoE:Moto E - Opera Mini"},{"label":"Dulles, VA Moto E - Firefox","location":"Dulles_MotoE","browser":"Moto E - Firefox","server":"http:\/\/api.webpagetest.org","name":"Dulles_MotoE:Moto E - Firefox"},{"label":"Dulles, VA OnePlus 5 - Chrome","location":"Dulles_OnePlus5","browser":"OnePlus 5 - Chrome","server":"http:\/\/api.webpagetest.org","name":"Dulles_OnePlus5:OnePlus 5 - Chrome"},{"label":"Dulles, VA OnePlus 5 - Chrome Canary","location":"Dulles_OnePlus5","browser":"OnePlus 5 - Chrome Canary","server":"http:\/\/api.webpagetest.org","name":"Dulles_OnePlus5:OnePlus 5 - Chrome Canary"},{"label":"Dulles, VA OnePlus 5 - Chrome Beta","location":"Dulles_OnePlus5","browser":"OnePlus 5 - Chrome Beta","server":"http:\/\/api.webpagetest.org","name":"Dulles_OnePlus5:OnePlus 5 - Chrome Beta"},{"label":"Dulles, VA OnePlus 5 - Chrome Dev","location":"Dulles_OnePlus5","browser":"OnePlus 5 - Chrome Dev","server":"http:\/\/api.webpagetest.org","name":"Dulles_OnePlus5:OnePlus 5 - Chrome Dev"},{"label":"Dulles, VA OnePlus 5 - UC Browser","location":"Dulles_OnePlus5","browser":"OnePlus 5 - UC Browser","server":"http:\/\/api.webpagetest.org","name":"Dulles_OnePlus5:OnePlus 5 - UC Browser"},{"label":"Dulles, VA OnePlus 5 - UC Mini","location":"Dulles_OnePlus5","browser":"OnePlus 5 - UC Mini","server":"http:\/\/api.webpagetest.org","name":"Dulles_OnePlus5:OnePlus 5 - UC Mini"},{"label":"Dulles, VA OnePlus 5 - Opera Mini","location":"Dulles_OnePlus5","browser":"OnePlus 5 - Opera Mini","server":"http:\/\/api.webpagetest.org","name":"Dulles_OnePlus5:OnePlus 5 - Opera Mini"},{"label":"Dulles, VA OnePlus 5 - Firefox","location":"Dulles_OnePlus5","browser":"OnePlus 5 - Firefox","server":"http:\/\/api.webpagetest.org","name":"Dulles_OnePlus5:OnePlus 5 - Firefox"},{"label":"Dulles, VA OnePlus 5 - Chrome","location":"Dulles_OnePlus5","browser":"OnePlus 5 - Chrome","server":"http:\/\/api.webpagetest.org","name":"Dulles_OnePlus5:OnePlus 5 - Chrome"},{"label":"Dulles, VA OnePlus 5 - Chrome Canary","location":"Dulles_OnePlus5","browser":"OnePlus 5 - Chrome Canary","server":"http:\/\/api.webpagetest.org","name":"Dulles_OnePlus5:OnePlus 5 - Chrome Canary"},{"label":"Dulles, VA OnePlus 5 - Chrome Beta","location":"Dulles_OnePlus5","browser":"OnePlus 5 - Chrome Beta","server":"http:\/\/api.webpagetest.org","name":"Dulles_OnePlus5:OnePlus 5 - Chrome Beta"},{"label":"Dulles, VA OnePlus 5 - Chrome Dev","location":"Dulles_OnePlus5","browser":"OnePlus 5 - Chrome Dev","server":"http:\/\/api.webpagetest.org","name":"Dulles_OnePlus5:OnePlus 5 - Chrome Dev"},{"label":"Dulles, VA OnePlus 5 - UC Browser","location":"Dulles_OnePlus5","browser":"OnePlus 5 - UC Browser","server":"http:\/\/api.webpagetest.org","name":"Dulles_OnePlus5:OnePlus 5 - UC Browser"},{"label":"Dulles, VA OnePlus 5 - UC Mini","location":"Dulles_OnePlus5","browser":"OnePlus 5 - UC Mini","server":"http:\/\/api.webpagetest.org","name":"Dulles_OnePlus5:OnePlus 5 - UC Mini"},{"label":"Dulles, VA OnePlus 5 - Opera Mini","location":"Dulles_OnePlus5","browser":"OnePlus 5 - Opera Mini","server":"http:\/\/api.webpagetest.org","name":"Dulles_OnePlus5:OnePlus 5 - Opera Mini"},{"label":"Dulles, VA OnePlus 5 - Firefox","location":"Dulles_OnePlus5","browser":"OnePlus 5 - Firefox","server":"http:\/\/api.webpagetest.org","name":"Dulles_OnePlus5:OnePlus 5 - Firefox"},{"label":"Dulles, VA Galaxy S7 - Chrome","location":"Dulles_GalaxyS7","browser":"Galaxy S7 - Chrome","server":"http:\/\/api.webpagetest.org","name":"Dulles_GalaxyS7:Galaxy S7 - Chrome"},{"label":"Dulles, VA Galaxy S7 - Chrome Canary","location":"Dulles_GalaxyS7","browser":"Galaxy S7 - Chrome Canary","server":"http:\/\/api.webpagetest.org","name":"Dulles_GalaxyS7:Galaxy S7 - Chrome Canary"},{"label":"Dulles, VA Galaxy S7 - Chrome Beta","location":"Dulles_GalaxyS7","browser":"Galaxy S7 - Chrome Beta","server":"http:\/\/api.webpagetest.org","name":"Dulles_GalaxyS7:Galaxy S7 - Chrome Beta"},{"label":"Dulles, VA Galaxy S7 - Chrome Dev","location":"Dulles_GalaxyS7","browser":"Galaxy S7 - Chrome Dev","server":"http:\/\/api.webpagetest.org","name":"Dulles_GalaxyS7:Galaxy S7 - Chrome Dev"},{"label":"Dulles, VA Galaxy S7 - Samsung Browser","location":"Dulles_GalaxyS7","browser":"Galaxy S7 - Samsung Browser","server":"http:\/\/api.webpagetest.org","name":"Dulles_GalaxyS7:Galaxy S7 - Samsung Browser"},{"label":"Dulles, VA Galaxy S7 - UC Browser","location":"Dulles_GalaxyS7","browser":"Galaxy S7 - UC Browser","server":"http:\/\/api.webpagetest.org","name":"Dulles_GalaxyS7:Galaxy S7 - UC Browser"},{"label":"Dulles, VA Galaxy S7 - UC Mini","location":"Dulles_GalaxyS7","browser":"Galaxy S7 - UC Mini","server":"http:\/\/api.webpagetest.org","name":"Dulles_GalaxyS7:Galaxy S7 - UC Mini"},{"label":"Dulles, VA Galaxy S7 - Opera Mini","location":"Dulles_GalaxyS7","browser":"Galaxy S7 - Opera Mini","server":"http:\/\/api.webpagetest.org","name":"Dulles_GalaxyS7:Galaxy S7 - Opera Mini"},{"label":"Dulles, VA Galaxy S7 - Firefox","location":"Dulles_GalaxyS7","browser":"Galaxy S7 - Firefox","server":"http:\/\/api.webpagetest.org","name":"Dulles_GalaxyS7:Galaxy S7 - Firefox"},{"label":"Dulles, VA Galaxy S7 - Chrome","location":"Dulles_GalaxyS7","browser":"Galaxy S7 - Chrome","server":"http:\/\/api.webpagetest.org","name":"Dulles_GalaxyS7:Galaxy S7 - Chrome"},{"label":"Dulles, VA Galaxy S7 - Chrome Canary","location":"Dulles_GalaxyS7","browser":"Galaxy S7 - Chrome Canary","server":"http:\/\/api.webpagetest.org","name":"Dulles_GalaxyS7:Galaxy S7 - Chrome Canary"},{"label":"Dulles, VA Galaxy S7 - Chrome Beta","location":"Dulles_GalaxyS7","browser":"Galaxy S7 - Chrome Beta","server":"http:\/\/api.webpagetest.org","name":"Dulles_GalaxyS7:Galaxy S7 - Chrome Beta"},{"label":"Dulles, VA Galaxy S7 - Chrome Dev","location":"Dulles_GalaxyS7","browser":"Galaxy S7 - Chrome Dev","server":"http:\/\/api.webpagetest.org","name":"Dulles_GalaxyS7:Galaxy S7 - Chrome Dev"},{"label":"Dulles, VA Galaxy S7 - Samsung Browser","location":"Dulles_GalaxyS7","browser":"Galaxy S7 - Samsung Browser","server":"http:\/\/api.webpagetest.org","name":"Dulles_GalaxyS7:Galaxy S7 - Samsung Browser"},{"label":"Dulles, VA Galaxy S7 - UC Browser","location":"Dulles_GalaxyS7","browser":"Galaxy S7 - UC Browser","server":"http:\/\/api.webpagetest.org","name":"Dulles_GalaxyS7:Galaxy S7 - UC Browser"},{"label":"Dulles, VA Galaxy S7 - UC Mini","location":"Dulles_GalaxyS7","browser":"Galaxy S7 - UC Mini","server":"http:\/\/api.webpagetest.org","name":"Dulles_GalaxyS7:Galaxy S7 - UC Mini"},{"label":"Dulles, VA Galaxy S7 - Opera Mini","location":"Dulles_GalaxyS7","browser":"Galaxy S7 - Opera Mini","server":"http:\/\/api.webpagetest.org","name":"Dulles_GalaxyS7:Galaxy S7 - Opera Mini"},{"label":"Dulles, VA Galaxy S7 - Firefox","location":"Dulles_GalaxyS7","browser":"Galaxy S7 - Firefox","server":"http:\/\/api.webpagetest.org","name":"Dulles_GalaxyS7:Galaxy S7 - Firefox"},{"label":"Dulles, VA Nexus 7 - Chrome","location":"Dulles_Nexus7","browser":"Nexus 7 - Chrome","server":"http:\/\/api.webpagetest.org","name":"Dulles_Nexus7:Nexus 7 - Chrome"},{"label":"Dulles, VA Nexus 7 - Chrome Canary","location":"Dulles_Nexus7","browser":"Nexus 7 - Chrome Canary","server":"http:\/\/api.webpagetest.org","name":"Dulles_Nexus7:Nexus 7 - Chrome Canary"},{"label":"Dulles, VA Nexus 7 - Chrome Beta","location":"Dulles_Nexus7","browser":"Nexus 7 - Chrome Beta","server":"http:\/\/api.webpagetest.org","name":"Dulles_Nexus7:Nexus 7 - Chrome Beta"},{"label":"Dulles, VA Nexus 7 - Chrome Dev","location":"Dulles_Nexus7","browser":"Nexus 7 - Chrome Dev","server":"http:\/\/api.webpagetest.org","name":"Dulles_Nexus7:Nexus 7 - Chrome Dev"},{"label":"Dulles, VA Nexus 7 - UC Browser","location":"Dulles_Nexus7","browser":"Nexus 7 - UC Browser","server":"http:\/\/api.webpagetest.org","name":"Dulles_Nexus7:Nexus 7 - UC Browser"},{"label":"Dulles, VA Nexus 7 - UC Mini","location":"Dulles_Nexus7","browser":"Nexus 7 - UC Mini","server":"http:\/\/api.webpagetest.org","name":"Dulles_Nexus7:Nexus 7 - UC Mini"},{"label":"Dulles, VA Nexus 7 - Opera Mini","location":"Dulles_Nexus7","browser":"Nexus 7 - Opera Mini","server":"http:\/\/api.webpagetest.org","name":"Dulles_Nexus7:Nexus 7 - Opera Mini"},{"label":"Dulles, VA Nexus 7 - Firefox","location":"Dulles_Nexus7","browser":"Nexus 7 - Firefox","server":"http:\/\/api.webpagetest.org","name":"Dulles_Nexus7:Nexus 7 - Firefox"},{"label":"Dulles, VA Nexus 7 - Chrome","location":"Dulles_Nexus7","browser":"Nexus 7 - Chrome","server":"http:\/\/api.webpagetest.org","name":"Dulles_Nexus7:Nexus 7 - Chrome"},{"label":"Dulles, VA Nexus 7 - Chrome Canary","location":"Dulles_Nexus7","browser":"Nexus 7 - Chrome Canary","server":"http:\/\/api.webpagetest.org","name":"Dulles_Nexus7:Nexus 7 - Chrome Canary"},{"label":"Dulles, VA Nexus 7 - Chrome Beta","location":"Dulles_Nexus7","browser":"Nexus 7 - Chrome Beta","server":"http:\/\/api.webpagetest.org","name":"Dulles_Nexus7:Nexus 7 - Chrome Beta"},{"label":"Dulles, VA Nexus 7 - Chrome Dev","location":"Dulles_Nexus7","browser":"Nexus 7 - Chrome Dev","server":"http:\/\/api.webpagetest.org","name":"Dulles_Nexus7:Nexus 7 - Chrome Dev"},{"label":"Dulles, VA Nexus 7 - UC Browser","location":"Dulles_Nexus7","browser":"Nexus 7 - UC Browser","server":"http:\/\/api.webpagetest.org","name":"Dulles_Nexus7:Nexus 7 - UC Browser"},{"label":"Dulles, VA Nexus 7 - UC Mini","location":"Dulles_Nexus7","browser":"Nexus 7 - UC Mini","server":"http:\/\/api.webpagetest.org","name":"Dulles_Nexus7:Nexus 7 - UC Mini"},{"label":"Dulles, VA Nexus 7 - Opera Mini","location":"Dulles_Nexus7","browser":"Nexus 7 - Opera Mini","server":"http:\/\/api.webpagetest.org","name":"Dulles_Nexus7:Nexus 7 - Opera Mini"},{"label":"Dulles, VA Nexus 7 - Firefox","location":"Dulles_Nexus7","browser":"Nexus 7 - Firefox","server":"http:\/\/api.webpagetest.org","name":"Dulles_Nexus7:Nexus 7 - Firefox"},{"label":"Dulles, VA iPhone 8 iOS 11","location":"Dulles_iPhone8","browser":"iPhone 8 iOS 11","server":"http:\/\/api.webpagetest.org","name":"Dulles_iPhone8:iPhone 8 iOS 11"},{"label":"Dulles, VA iPhone 8 iOS 11 - Landscape","location":"Dulles_iPhone8","browser":"iPhone 8 iOS 11 - Landscape","server":"http:\/\/api.webpagetest.org","name":"Dulles_iPhone8:iPhone 8 iOS 11 - Landscape"},{"label":"Dulles, VA iPhone 8 iOS 11","location":"Dulles_iPhone8","browser":"iPhone 8 iOS 11","server":"http:\/\/api.webpagetest.org","name":"Dulles_iPhone8:iPhone 8 iOS 11"},{"label":"Dulles, VA iPhone 8 iOS 11 - Landscape","location":"Dulles_iPhone8","browser":"iPhone 8 iOS 11 - Landscape","server":"http:\/\/api.webpagetest.org","name":"Dulles_iPhone8:iPhone 8 iOS 11 - Landscape"},{"label":"Dulles, VA iPhone 6s iOS 11","location":"Dulles_iPhone6s","browser":"iPhone 6s iOS 11","server":"http:\/\/api.webpagetest.org","name":"Dulles_iPhone6s:iPhone 6s iOS 11"},{"label":"Dulles, VA iPhone 6s iOS 11 - Landscape","location":"Dulles_iPhone6s","browser":"iPhone 6s iOS 11 - Landscape","server":"http:\/\/api.webpagetest.org","name":"Dulles_iPhone6s:iPhone 6s iOS 11 - Landscape"},{"label":"Dulles, VA iPhone 6s iOS 11","location":"Dulles_iPhone6s","browser":"iPhone 6s iOS 11","server":"http:\/\/api.webpagetest.org","name":"Dulles_iPhone6s:iPhone 6s iOS 11"},{"label":"Dulles, VA iPhone 6s iOS 11 - Landscape","location":"Dulles_iPhone6s","browser":"iPhone 6s iOS 11 - Landscape","server":"http:\/\/api.webpagetest.org","name":"Dulles_iPhone6s:iPhone 6s iOS 11 - Landscape"},{"label":"Dulles, VA iPhone 6 iOS 11","location":"Dulles_iPhone6","browser":"iPhone 6 iOS 11","server":"http:\/\/api.webpagetest.org","name":"Dulles_iPhone6:iPhone 6 iOS 11"},{"label":"Dulles, VA iPhone 6 iOS 11 - Landscape","location":"Dulles_iPhone6","browser":"iPhone 6 iOS 11 - Landscape","server":"http:\/\/api.webpagetest.org","name":"Dulles_iPhone6:iPhone 6 iOS 11 - Landscape"},{"label":"Dulles, VA iPhone 6 iOS 11","location":"Dulles_iPhone6","browser":"iPhone 6 iOS 11","server":"http:\/\/api.webpagetest.org","name":"Dulles_iPhone6:iPhone 6 iOS 11"},{"label":"Dulles, VA iPhone 6 iOS 11 - Landscape","location":"Dulles_iPhone6","browser":"iPhone 6 iOS 11 - Landscape","server":"http:\/\/api.webpagetest.org","name":"Dulles_iPhone6:iPhone 6 iOS 11 - Landscape"},{"label":"Dulles, VA iPhone SE iOS 11","location":"Dulles_iPhoneSE","browser":"iPhone SE iOS 11","server":"http:\/\/api.webpagetest.org","name":"Dulles_iPhoneSE:iPhone SE iOS 11"},{"label":"Dulles, VA iPhone SE iOS 11 - Landscape","location":"Dulles_iPhoneSE","browser":"iPhone SE iOS 11 - Landscape","server":"http:\/\/api.webpagetest.org","name":"Dulles_iPhoneSE:iPhone SE iOS 11 - Landscape"},{"label":"Dulles, VA iPhone SE iOS 11","location":"Dulles_iPhoneSE","browser":"iPhone SE iOS 11","server":"http:\/\/api.webpagetest.org","name":"Dulles_iPhoneSE:iPhone SE iOS 11"},{"label":"Dulles, VA iPhone SE iOS 11 - Landscape","location":"Dulles_iPhoneSE","browser":"iPhone SE iOS 11 - Landscape","server":"http:\/\/api.webpagetest.org","name":"Dulles_iPhoneSE:iPhone SE iOS 11 - Landscape"},{"label":"Dulles, VA iPhone 5c iOS 10.3","location":"Dulles_iPhone5c","browser":"iPhone 5c iOS 10.3","server":"http:\/\/api.webpagetest.org","name":"Dulles_iPhone5c:iPhone 5c iOS 10.3"},{"label":"Dulles, VA iPhone 5c iOS 10.3 - Landscape","location":"Dulles_iPhone5c","browser":"iPhone 5c iOS 10.3 - Landscape","server":"http:\/\/api.webpagetest.org","name":"Dulles_iPhone5c:iPhone 5c iOS 10.3 - Landscape"},{"label":"Dulles, VA iPhone 5c iOS 10.3","location":"Dulles_iPhone5c","browser":"iPhone 5c iOS 10.3","server":"http:\/\/api.webpagetest.org","name":"Dulles_iPhone5c:iPhone 5c iOS 10.3"},{"label":"Dulles, VA iPhone 5c iOS 10.3 - Landscape","location":"Dulles_iPhone5c","browser":"iPhone 5c iOS 10.3 - Landscape","server":"http:\/\/api.webpagetest.org","name":"Dulles_iPhone5c:iPhone 5c iOS 10.3 - Landscape"},{"label":"Dulles, VA iPad 2017 iOS 11","location":"Dulles_iPad","browser":"iPad 2017 iOS 11","server":"http:\/\/api.webpagetest.org","name":"Dulles_iPad:iPad 2017 iOS 11"},{"label":"Dulles, VA iPad 2017 iOS 11 - Landscape","location":"Dulles_iPad","browser":"iPad 2017 iOS 11 - Landscape","server":"http:\/\/api.webpagetest.org","name":"Dulles_iPad:iPad 2017 iOS 11 - Landscape"},{"label":"Dulles, VA iPad 2017 iOS 11","location":"Dulles_iPad","browser":"iPad 2017 iOS 11","server":"http:\/\/api.webpagetest.org","name":"Dulles_iPad:iPad 2017 iOS 11"},{"label":"Dulles, VA iPad 2017 iOS 11 - Landscape","location":"Dulles_iPad","browser":"iPad 2017 iOS 11 - Landscape","server":"http:\/\/api.webpagetest.org","name":"Dulles_iPad:iPad 2017 iOS 11 - Landscape"},{"label":"Dulles, VA iPad Mini 2 iOS 11","location":"Dulles_iPadMini2","browser":"iPad Mini 2 iOS 11","server":"http:\/\/api.webpagetest.org","name":"Dulles_iPadMini2:iPad Mini 2 iOS 11"},{"label":"Dulles, VA iPad Mini 2 iOS 11 - Landscape","location":"Dulles_iPadMini2","browser":"iPad Mini 2 iOS 11 - Landscape","server":"http:\/\/api.webpagetest.org","name":"Dulles_iPadMini2:iPad Mini 2 iOS 11 - Landscape"},{"label":"Dulles, VA iPad Mini 2 iOS 11","location":"Dulles_iPadMini2","browser":"iPad Mini 2 iOS 11","server":"http:\/\/api.webpagetest.org","name":"Dulles_iPadMini2:iPad Mini 2 iOS 11"},{"label":"Dulles, VA iPad Mini 2 iOS 11 - Landscape","location":"Dulles_iPadMini2","browser":"iPad Mini 2 iOS 11 - Landscape","server":"http:\/\/api.webpagetest.org","name":"Dulles_iPadMini2:iPad Mini 2 iOS 11 - Landscape"},{"label":"Dulles, VA Chrome","location":"Dulles","browser":"Chrome","server":"http:\/\/api.webpagetest.org","name":"Dulles:Chrome"},{"label":"Dulles, VA Canary","location":"Dulles","browser":"Canary","server":"http:\/\/api.webpagetest.org","name":"Dulles:Canary"},{"label":"Dulles, VA Firefox","location":"Dulles","browser":"Firefox","server":"http:\/\/api.webpagetest.org","name":"Dulles:Firefox"},{"label":"Dulles, VA Firefox Nightly","location":"Dulles","browser":"Firefox Nightly","server":"http:\/\/api.webpagetest.org","name":"Dulles:Firefox Nightly"},{"label":"Dulles, VA Microsoft Edge","location":"Dulles","browser":"Microsoft Edge","server":"http:\/\/api.webpagetest.org","name":"Dulles:Microsoft Edge"},{"label":"Dulles, VA IE 11","location":"Dulles_IE11","browser":"IE 11","server":"http:\/\/api.webpagetest.org","name":"Dulles_IE11:IE 11"},{"label":"Dulles, VA IE 10","location":"Dulles_IE10","browser":"IE 10","server":"http:\/\/api.webpagetest.org","name":"Dulles_IE10:IE 10"},{"label":"Dulles, VA IE 9","location":"Dulles_IE9","browser":"IE 9","server":"http:\/\/api.webpagetest.org","name":"Dulles_IE9:IE 9"},{"label":"Dulles, VA - Thinkpad T430 Chrome","location":"Dulles_Thinkpad","browser":"Chrome","server":"http:\/\/api.webpagetest.org","name":"Dulles_Thinkpad:Chrome"},{"label":"Dulles, VA - Thinkpad T430 Canary","location":"Dulles_Thinkpad","browser":"Canary","server":"http:\/\/api.webpagetest.org","name":"Dulles_Thinkpad:Canary"},{"label":"Dulles, VA - Thinkpad T430 Firefox","location":"Dulles_Thinkpad","browser":"Firefox","server":"http:\/\/api.webpagetest.org","name":"Dulles_Thinkpad:Firefox"},{"label":"Dulles, VA - Thinkpad T430 Firefox Beta","location":"Dulles_Thinkpad","browser":"Firefox Beta","server":"http:\/\/api.webpagetest.org","name":"Dulles_Thinkpad:Firefox Beta"},{"label":"Dulles, VA - Thinkpad T430 Firefox Nightly","location":"Dulles_Thinkpad","browser":"Firefox Nightly","server":"http:\/\/api.webpagetest.org","name":"Dulles_Thinkpad:Firefox Nightly"},{"label":"Dulles, VA - Thinkpad T430 Microsoft Edge","location":"Dulles_Thinkpad","browser":"Microsoft Edge","server":"http:\/\/api.webpagetest.org","name":"Dulles_Thinkpad:Microsoft Edge"},{"label":"Dulles, VA - Thinkpad T430 IE 11","location":"Dulles_Thinkpad","browser":"IE 11","server":"http:\/\/api.webpagetest.org","name":"Dulles_Thinkpad:IE 11"},{"label":"Dulles, VA - Asus Aspire i3 2017 Chrome","location":"Dulles_Aspire17","browser":"Chrome","server":"http:\/\/api.webpagetest.org","name":"Dulles_Aspire17:Chrome"},{"label":"Dulles, VA - Asus Aspire i3 2017 Chrome Beta","location":"Dulles_Aspire17","browser":"Chrome Beta","server":"http:\/\/api.webpagetest.org","name":"Dulles_Aspire17:Chrome Beta"},{"label":"Dulles, VA - Asus Aspire i3 2017 Chrome Dev","location":"Dulles_Aspire17","browser":"Chrome Dev","server":"http:\/\/api.webpagetest.org","name":"Dulles_Aspire17:Chrome Dev"},{"label":"Dulles, VA - Asus Aspire i3 2017 Canary","location":"Dulles_Aspire17","browser":"Canary","server":"http:\/\/api.webpagetest.org","name":"Dulles_Aspire17:Canary"},{"label":"Dulles, VA - Asus Aspire i3 2017 Firefox","location":"Dulles_Aspire17","browser":"Firefox","server":"http:\/\/api.webpagetest.org","name":"Dulles_Aspire17:Firefox"},{"label":"Dulles, VA - Asus Aspire i3 2017 Firefox Beta","location":"Dulles_Aspire17","browser":"Firefox Beta","server":"http:\/\/api.webpagetest.org","name":"Dulles_Aspire17:Firefox Beta"},{"label":"Dulles, VA - Asus Aspire i3 2017 Microsoft Edge","location":"Dulles_Aspire17","browser":"Microsoft Edge","server":"http:\/\/api.webpagetest.org","name":"Dulles_Aspire17:Microsoft Edge"},{"label":"Dulles, VA - Asus Aspire i3 2017 IE 11","location":"Dulles_Aspire17","browser":"IE 11","server":"http:\/\/api.webpagetest.org","name":"Dulles_Aspire17:IE 11"},{"label":"Dulles, VA - Linux Chrome","location":"Dulles_Linux","browser":"Chrome","server":"http:\/\/api.webpagetest.org","name":"Dulles_Linux:Chrome"},{"label":"Dulles, VA - Linux Chrome Beta","location":"Dulles_Linux","browser":"Chrome Beta","server":"http:\/\/api.webpagetest.org","name":"Dulles_Linux:Chrome Beta"},{"label":"Dulles, VA - Linux Chrome Canary","location":"Dulles_Linux","browser":"Chrome Canary","server":"http:\/\/api.webpagetest.org","name":"Dulles_Linux:Chrome Canary"},{"label":"Dulles, VA - Linux Firefox","location":"Dulles_Linux","browser":"Firefox","server":"http:\/\/api.webpagetest.org","name":"Dulles_Linux:Firefox"},{"label":"Dulles, VA - Linux Firefox Nightly","location":"Dulles_Linux","browser":"Firefox Nightly","server":"http:\/\/api.webpagetest.org","name":"Dulles_Linux:Firefox Nightly"},{"label":"Dulles, VA - Linux Opera","location":"Dulles_Linux","browser":"Opera","server":"http:\/\/api.webpagetest.org","name":"Dulles_Linux:Opera"},{"label":"Dulles, VA - Linux Opera Beta","location":"Dulles_Linux","browser":"Opera Beta","server":"http:\/\/api.webpagetest.org","name":"Dulles_Linux:Opera Beta"},{"label":"Dulles, VA - Linux Opera Developer","location":"Dulles_Linux","browser":"Opera Developer","server":"http:\/\/api.webpagetest.org","name":"Dulles_Linux:Opera Developer"},{"label":"Virginia USA - EC2  Chrome","location":"ec2-us-east-1","browser":"Chrome","server":"http:\/\/api.webpagetest.org","name":"ec2-us-east-1:Chrome"},{"label":"Virginia USA - EC2  Chrome Beta","location":"ec2-us-east-1","browser":"Chrome Beta","server":"http:\/\/api.webpagetest.org","name":"ec2-us-east-1:Chrome Beta"},{"label":"Virginia USA - EC2  Chrome Canary","location":"ec2-us-east-1","browser":"Chrome Canary","server":"http:\/\/api.webpagetest.org","name":"ec2-us-east-1:Chrome Canary"},{"label":"Virginia USA - EC2  Firefox","location":"ec2-us-east-1","browser":"Firefox","server":"http:\/\/api.webpagetest.org","name":"ec2-us-east-1:Firefox"},{"label":"Virginia USA - EC2  Firefox Nightly","location":"ec2-us-east-1","browser":"Firefox Nightly","server":"http:\/\/api.webpagetest.org","name":"ec2-us-east-1:Firefox Nightly"},{"label":"Virginia USA - EC2  Opera","location":"ec2-us-east-1","browser":"Opera","server":"http:\/\/api.webpagetest.org","name":"ec2-us-east-1:Opera"},{"label":"Virginia USA - EC2  Opera Beta","location":"ec2-us-east-1","browser":"Opera Beta","server":"http:\/\/api.webpagetest.org","name":"ec2-us-east-1:Opera Beta"},{"label":"Virginia USA - EC2  Opera Developer","location":"ec2-us-east-1","browser":"Opera Developer","server":"http:\/\/api.webpagetest.org","name":"ec2-us-east-1:Opera Developer"},{"label":"Clifton, NJ Chrome","location":"NewJersey","browser":"Chrome","server":"http:\/\/api.webpagetest.org","name":"NewJersey:Chrome"},{"label":"Clifton, NJ Chrome Beta","location":"NewJersey","browser":"Chrome Beta","server":"http:\/\/api.webpagetest.org","name":"NewJersey:Chrome Beta"},{"label":"Clifton, NJ Chrome Canary","location":"NewJersey","browser":"Chrome Canary","server":"http:\/\/api.webpagetest.org","name":"NewJersey:Chrome Canary"},{"label":"Clifton, NJ Firefox","location":"NewJersey","browser":"Firefox","server":"http:\/\/api.webpagetest.org","name":"NewJersey:Firefox"},{"label":"Clifton, NJ Firefox Nightly","location":"NewJersey","browser":"Firefox Nightly","server":"http:\/\/api.webpagetest.org","name":"NewJersey:Firefox Nightly"},{"label":"Clifton, NJ Opera","location":"NewJersey","browser":"Opera","server":"http:\/\/api.webpagetest.org","name":"NewJersey:Opera"},{"label":"Clifton, NJ Opera Beta","location":"NewJersey","browser":"Opera Beta","server":"http:\/\/api.webpagetest.org","name":"NewJersey:Opera Beta"},{"label":"Clifton, NJ Opera Developer","location":"NewJersey","browser":"Opera Developer","server":"http:\/\/api.webpagetest.org","name":"NewJersey:Opera Developer"},{"label":"New York, NY USA Chrome","location":"NewYork","browser":"Chrome","server":"http:\/\/api.webpagetest.org","name":"NewYork:Chrome"},{"label":"New York, NY USA Firefox","location":"NewYork","browser":"Firefox","server":"http:\/\/api.webpagetest.org","name":"NewYork:Firefox"},{"label":"New York, NY USA IE 11","location":"NewYork","browser":"IE 11","server":"http:\/\/api.webpagetest.org","name":"NewYork:IE 11"},{"label":"Orlando, FL Chrome","location":"Florida","browser":"Chrome","server":"http:\/\/api.webpagetest.org","name":"Florida:Chrome"},{"label":"Orlando, FL Chrome Beta","location":"Florida","browser":"Chrome Beta","server":"http:\/\/api.webpagetest.org","name":"Florida:Chrome Beta"},{"label":"Orlando, FL Chrome Canary","location":"Florida","browser":"Chrome Canary","server":"http:\/\/api.webpagetest.org","name":"Florida:Chrome Canary"},{"label":"Orlando, FL Firefox","location":"Florida","browser":"Firefox","server":"http:\/\/api.webpagetest.org","name":"Florida:Firefox"},{"label":"Orlando, FL Firefox Nightly","location":"Florida","browser":"Firefox Nightly","server":"http:\/\/api.webpagetest.org","name":"Florida:Firefox Nightly"},{"label":"Orlando, FL Opera","location":"Florida","browser":"Opera","server":"http:\/\/api.webpagetest.org","name":"Florida:Opera"},{"label":"Orlando, FL Opera Beta","location":"Florida","browser":"Opera Beta","server":"http:\/\/api.webpagetest.org","name":"Florida:Opera Beta"},{"label":"Orlando, FL Opera Developer","location":"Florida","browser":"Opera Developer","server":"http:\/\/api.webpagetest.org","name":"Florida:Opera Developer"},{"label":"Dallas, TX Chrome","location":"Texas2","browser":"Chrome","server":"http:\/\/api.webpagetest.org","name":"Texas2:Chrome"},{"label":"Dallas, TX Chrome Beta","location":"Texas2","browser":"Chrome Beta","server":"http:\/\/api.webpagetest.org","name":"Texas2:Chrome Beta"},{"label":"Dallas, TX Chrome Canary","location":"Texas2","browser":"Chrome Canary","server":"http:\/\/api.webpagetest.org","name":"Texas2:Chrome Canary"},{"label":"Dallas, TX Firefox","location":"Texas2","browser":"Firefox","server":"http:\/\/api.webpagetest.org","name":"Texas2:Firefox"},{"label":"Dallas, TX Firefox Nightly","location":"Texas2","browser":"Firefox Nightly","server":"http:\/\/api.webpagetest.org","name":"Texas2:Firefox Nightly"},{"label":"Dallas, TX Opera","location":"Texas2","browser":"Opera","server":"http:\/\/api.webpagetest.org","name":"Texas2:Opera"},{"label":"Dallas, TX Opera Beta","location":"Texas2","browser":"Opera Beta","server":"http:\/\/api.webpagetest.org","name":"Texas2:Opera Beta"},{"label":"Dallas, TX Opera Developer","location":"Texas2","browser":"Opera Developer","server":"http:\/\/api.webpagetest.org","name":"Texas2:Opera Developer"},{"label":"Lincoln, Nebraska USA Chrome","location":"Nebraska","browser":"Chrome","server":"http:\/\/api.webpagetest.org","name":"Nebraska:Chrome"},{"label":"Lincoln, Nebraska USA Canary","location":"Nebraska","browser":"Canary","server":"http:\/\/api.webpagetest.org","name":"Nebraska:Canary"},{"label":"Lincoln, Nebraska USA Firefox","location":"Nebraska","browser":"Firefox","server":"http:\/\/api.webpagetest.org","name":"Nebraska:Firefox"},{"label":"Lincoln, Nebraska USA IE 11","location":"Nebraska","browser":"IE 11","server":"http:\/\/api.webpagetest.org","name":"Nebraska:IE 11"},{"label":"Denver, Colorado USA Chrome","location":"Colorado","browser":"Chrome","server":"http:\/\/api.webpagetest.org","name":"Colorado:Chrome"},{"label":"Denver, Colorado USA Firefox","location":"Colorado","browser":"Firefox","server":"http:\/\/api.webpagetest.org","name":"Colorado:Firefox"},{"label":"Denver, Colorado USA IE 11","location":"Colorado","browser":"IE 11","server":"http:\/\/api.webpagetest.org","name":"Colorado:IE 11"},{"label":"Phoenix, AZ USA IE10","location":"US_Phx_Wptdriver","browser":"IE10","server":"http:\/\/api.webpagetest.org","name":"US_Phx_Wptdriver:IE10"},{"label":"Phoenix, AZ USA Chrome","location":"US_Phx_Wptdriver","browser":"Chrome","server":"http:\/\/api.webpagetest.org","name":"US_Phx_Wptdriver:Chrome"},{"label":"Phoenix, AZ USA Firefox","location":"US_Phx_Wptdriver","browser":"Firefox","server":"http:\/\/api.webpagetest.org","name":"US_Phx_Wptdriver:Firefox"},{"label":"Oregon, USA - EC2 Chrome","location":"ec2-us-west-2","browser":"Chrome","server":"http:\/\/api.webpagetest.org","name":"ec2-us-west-2:Chrome"},{"label":"Oregon, USA - EC2 Chrome Beta","location":"ec2-us-west-2","browser":"Chrome Beta","server":"http:\/\/api.webpagetest.org","name":"ec2-us-west-2:Chrome Beta"},{"label":"Oregon, USA - EC2 Chrome Canary","location":"ec2-us-west-2","browser":"Chrome Canary","server":"http:\/\/api.webpagetest.org","name":"ec2-us-west-2:Chrome Canary"},{"label":"Oregon, USA - EC2 Firefox","location":"ec2-us-west-2","browser":"Firefox","server":"http:\/\/api.webpagetest.org","name":"ec2-us-west-2:Firefox"},{"label":"Oregon, USA - EC2 Firefox Nightly","location":"ec2-us-west-2","browser":"Firefox Nightly","server":"http:\/\/api.webpagetest.org","name":"ec2-us-west-2:Firefox Nightly"},{"label":"Oregon, USA - EC2 Opera","location":"ec2-us-west-2","browser":"Opera","server":"http:\/\/api.webpagetest.org","name":"ec2-us-west-2:Opera"},{"label":"Oregon, USA - EC2 Opera Beta","location":"ec2-us-west-2","browser":"Opera Beta","server":"http:\/\/api.webpagetest.org","name":"ec2-us-west-2:Opera Beta"},{"label":"Oregon, USA - EC2 Opera Developer","location":"ec2-us-west-2","browser":"Opera Developer","server":"http:\/\/api.webpagetest.org","name":"ec2-us-west-2:Opera Developer"},{"label":"San Francisco, CA Chrome","location":"SanFrancisco","browser":"Chrome","server":"http:\/\/api.webpagetest.org","name":"SanFrancisco:Chrome"},{"label":"San Francisco, CA Chrome Beta","location":"SanFrancisco","browser":"Chrome Beta","server":"http:\/\/api.webpagetest.org","name":"SanFrancisco:Chrome Beta"},{"label":"San Francisco, CA Chrome Canary","location":"SanFrancisco","browser":"Chrome Canary","server":"http:\/\/api.webpagetest.org","name":"SanFrancisco:Chrome Canary"},{"label":"San Francisco, CA Firefox","location":"SanFrancisco","browser":"Firefox","server":"http:\/\/api.webpagetest.org","name":"SanFrancisco:Firefox"},{"label":"San Francisco, CA Firefox Nightly","location":"SanFrancisco","browser":"Firefox Nightly","server":"http:\/\/api.webpagetest.org","name":"SanFrancisco:Firefox Nightly"},{"label":"San Francisco, CA Opera","location":"SanFrancisco","browser":"Opera","server":"http:\/\/api.webpagetest.org","name":"SanFrancisco:Opera"},{"label":"San Francisco, CA Opera Beta","location":"SanFrancisco","browser":"Opera Beta","server":"http:\/\/api.webpagetest.org","name":"SanFrancisco:Opera Beta"},{"label":"San Francisco, CA Opera Developer","location":"SanFrancisco","browser":"Opera Developer","server":"http:\/\/api.webpagetest.org","name":"SanFrancisco:Opera Developer"},{"label":"San Jose, CA Chrome","location":"SanJose","browser":"Chrome","server":"http:\/\/api.webpagetest.org","name":"SanJose:Chrome"},{"label":"San Jose, CA Firefox","location":"SanJose","browser":"Firefox","server":"http:\/\/api.webpagetest.org","name":"SanJose:Firefox"},{"label":"San Jose, CA IE 11","location":"SanJose","browser":"IE 11","server":"http:\/\/api.webpagetest.org","name":"SanJose:IE 11"},{"label":"California, USA - EC2 Chrome","location":"ec2-us-west-1","browser":"Chrome","server":"http:\/\/api.webpagetest.org","name":"ec2-us-west-1:Chrome"},{"label":"California, USA - EC2 Chrome Beta","location":"ec2-us-west-1","browser":"Chrome Beta","server":"http:\/\/api.webpagetest.org","name":"ec2-us-west-1:Chrome Beta"},{"label":"California, USA - EC2 Chrome Canary","location":"ec2-us-west-1","browser":"Chrome Canary","server":"http:\/\/api.webpagetest.org","name":"ec2-us-west-1:Chrome Canary"},{"label":"California, USA - EC2 Firefox","location":"ec2-us-west-1","browser":"Firefox","server":"http:\/\/api.webpagetest.org","name":"ec2-us-west-1:Firefox"},{"label":"California, USA - EC2 Firefox Nightly","location":"ec2-us-west-1","browser":"Firefox Nightly","server":"http:\/\/api.webpagetest.org","name":"ec2-us-west-1:Firefox Nightly"},{"label":"California, USA - EC2 Opera","location":"ec2-us-west-1","browser":"Opera","server":"http:\/\/api.webpagetest.org","name":"ec2-us-west-1:Opera"},{"label":"California, USA - EC2 Opera Beta","location":"ec2-us-west-1","browser":"Opera Beta","server":"http:\/\/api.webpagetest.org","name":"ec2-us-west-1:Opera Beta"},{"label":"California, USA - EC2 Opera Developer","location":"ec2-us-west-1","browser":"Opera Developer","server":"http:\/\/api.webpagetest.org","name":"ec2-us-west-1:Opera Developer"},{"label":"Los Angeles, CA IE 8","location":"LosAngeles_IE8","browser":"IE 8","server":"http:\/\/api.webpagetest.org","name":"LosAngeles_IE8:IE 8"},{"label":"Los Angeles, CA IE 9","location":"LosAngeles_IE9","browser":"IE 9","server":"http:\/\/api.webpagetest.org","name":"LosAngeles_IE9:IE 9"},{"label":"Los Angeles, CA IE 10","location":"LosAngeles","browser":"IE 10","server":"http:\/\/api.webpagetest.org","name":"LosAngeles:IE 10"},{"label":"Los Angeles, CA Chrome","location":"LosAngeles","browser":"Chrome","server":"http:\/\/api.webpagetest.org","name":"LosAngeles:Chrome"},{"label":"Los Angeles, CA Canary","location":"LosAngeles","browser":"Canary","server":"http:\/\/api.webpagetest.org","name":"LosAngeles:Canary"},{"label":"Los Angeles, CA Firefox","location":"LosAngeles","browser":"Firefox","server":"http:\/\/api.webpagetest.org","name":"LosAngeles:Firefox"},{"label":"Toronto, Canada Chrome","location":"Toronto","browser":"Chrome","server":"http:\/\/api.webpagetest.org","name":"Toronto:Chrome"},{"label":"Toronto, Canada Chrome Beta","location":"Toronto","browser":"Chrome Beta","server":"http:\/\/api.webpagetest.org","name":"Toronto:Chrome Beta"},{"label":"Toronto, Canada Chrome Canary","location":"Toronto","browser":"Chrome Canary","server":"http:\/\/api.webpagetest.org","name":"Toronto:Chrome Canary"},{"label":"Toronto, Canada Firefox","location":"Toronto","browser":"Firefox","server":"http:\/\/api.webpagetest.org","name":"Toronto:Firefox"},{"label":"Toronto, Canada Firefox Nightly","location":"Toronto","browser":"Firefox Nightly","server":"http:\/\/api.webpagetest.org","name":"Toronto:Firefox Nightly"},{"label":"Toronto, Canada Opera","location":"Toronto","browser":"Opera","server":"http:\/\/api.webpagetest.org","name":"Toronto:Opera"},{"label":"Toronto, Canada Opera Beta","location":"Toronto","browser":"Opera Beta","server":"http:\/\/api.webpagetest.org","name":"Toronto:Opera Beta"},{"label":"Toronto, Canada Opera Developer","location":"Toronto","browser":"Opera Developer","server":"http:\/\/api.webpagetest.org","name":"Toronto:Opera Developer"},{"label":"Buenos Aires, Argentina Chrome","location":"Argentina","browser":"Chrome","server":"http:\/\/api.webpagetest.org","name":"Argentina:Chrome"},{"label":"Buenos Aires, Argentina Canary","location":"Argentina","browser":"Canary","server":"http:\/\/api.webpagetest.org","name":"Argentina:Canary"},{"label":"Buenos Aires, Argentina Firefox","location":"Argentina","browser":"Firefox","server":"http:\/\/api.webpagetest.org","name":"Argentina:Firefox"},{"label":"Buenos Aires, Argentina IE 11","location":"Argentina","browser":"IE 11","server":"http:\/\/api.webpagetest.org","name":"Argentina:IE 11"},{"label":"Sao Paulo, Brazil Chrome","location":"SaoPaulo_BR","browser":"Chrome","server":"http:\/\/api.webpagetest.org","name":"SaoPaulo_BR:Chrome"},{"label":"Sao Paulo, Brazil Chrome Beta","location":"SaoPaulo_BR","browser":"Chrome Beta","server":"http:\/\/api.webpagetest.org","name":"SaoPaulo_BR:Chrome Beta"},{"label":"Sao Paulo, Brazil Chrome Canary","location":"SaoPaulo_BR","browser":"Chrome Canary","server":"http:\/\/api.webpagetest.org","name":"SaoPaulo_BR:Chrome Canary"},{"label":"Sao Paulo, Brazil Firefox","location":"SaoPaulo_BR","browser":"Firefox","server":"http:\/\/api.webpagetest.org","name":"SaoPaulo_BR:Firefox"},{"label":"Sao Paulo, Brazil Firefox Nightly","location":"SaoPaulo_BR","browser":"Firefox Nightly","server":"http:\/\/api.webpagetest.org","name":"SaoPaulo_BR:Firefox Nightly"},{"label":"Sao Paulo, Brazil - EC2 Chrome","location":"ec2-sa-east-1","browser":"Chrome","server":"http:\/\/api.webpagetest.org","name":"ec2-sa-east-1:Chrome"},{"label":"Sao Paulo, Brazil - EC2 Chrome Beta","location":"ec2-sa-east-1","browser":"Chrome Beta","server":"http:\/\/api.webpagetest.org","name":"ec2-sa-east-1:Chrome Beta"},{"label":"Sao Paulo, Brazil - EC2 Chrome Canary","location":"ec2-sa-east-1","browser":"Chrome Canary","server":"http:\/\/api.webpagetest.org","name":"ec2-sa-east-1:Chrome Canary"},{"label":"Sao Paulo, Brazil - EC2 Firefox","location":"ec2-sa-east-1","browser":"Firefox","server":"http:\/\/api.webpagetest.org","name":"ec2-sa-east-1:Firefox"},{"label":"Sao Paulo, Brazil - EC2 Firefox Nightly","location":"ec2-sa-east-1","browser":"Firefox Nightly","server":"http:\/\/api.webpagetest.org","name":"ec2-sa-east-1:Firefox Nightly"},{"label":"Sao Paulo, Brazil - EC2 Opera","location":"ec2-sa-east-1","browser":"Opera","server":"http:\/\/api.webpagetest.org","name":"ec2-sa-east-1:Opera"},{"label":"Sao Paulo, Brazil - EC2 Opera Beta","location":"ec2-sa-east-1","browser":"Opera Beta","server":"http:\/\/api.webpagetest.org","name":"ec2-sa-east-1:Opera Beta"},{"label":"Sao Paulo, Brazil - EC2 Opera Developer","location":"ec2-sa-east-1","browser":"Opera Developer","server":"http:\/\/api.webpagetest.org","name":"ec2-sa-east-1:Opera Developer"},{"label":"Ireland - EC2 Chrome","location":"ec2-eu-west-1","browser":"Chrome","server":"http:\/\/api.webpagetest.org","name":"ec2-eu-west-1:Chrome"},{"label":"Ireland - EC2 Chrome Beta","location":"ec2-eu-west-1","browser":"Chrome Beta","server":"http:\/\/api.webpagetest.org","name":"ec2-eu-west-1:Chrome Beta"},{"label":"Ireland - EC2 Chrome Canary","location":"ec2-eu-west-1","browser":"Chrome Canary","server":"http:\/\/api.webpagetest.org","name":"ec2-eu-west-1:Chrome Canary"},{"label":"Ireland - EC2 Firefox","location":"ec2-eu-west-1","browser":"Firefox","server":"http:\/\/api.webpagetest.org","name":"ec2-eu-west-1:Firefox"},{"label":"Ireland - EC2 Firefox Nightly","location":"ec2-eu-west-1","browser":"Firefox Nightly","server":"http:\/\/api.webpagetest.org","name":"ec2-eu-west-1:Firefox Nightly"},{"label":"Ireland - EC2 Opera","location":"ec2-eu-west-1","browser":"Opera","server":"http:\/\/api.webpagetest.org","name":"ec2-eu-west-1:Opera"},{"label":"Ireland - EC2 Opera Beta","location":"ec2-eu-west-1","browser":"Opera Beta","server":"http:\/\/api.webpagetest.org","name":"ec2-eu-west-1:Opera Beta"},{"label":"Ireland - EC2 Opera Developer","location":"ec2-eu-west-1","browser":"Opera Developer","server":"http:\/\/api.webpagetest.org","name":"ec2-eu-west-1:Opera Developer"},{"label":"Manchester, UK Chrome","location":"Manchester","browser":"Chrome","server":"http:\/\/api.webpagetest.org","name":"Manchester:Chrome"},{"label":"Manchester, UK Firefox","location":"Manchester","browser":"Firefox","server":"http:\/\/api.webpagetest.org","name":"Manchester:Firefox"},{"label":"Manchester, UK IE 11","location":"Manchester","browser":"IE 11","server":"http:\/\/api.webpagetest.org","name":"Manchester:IE 11"},{"label":"London, UK - EC2 Chrome","location":"London_EC2","browser":"Chrome","server":"http:\/\/api.webpagetest.org","name":"London_EC2:Chrome"},{"label":"London, UK - EC2 Firefox","location":"London_EC2","browser":"Firefox","server":"http:\/\/api.webpagetest.org","name":"London_EC2:Firefox"},{"label":"London, UK - EC2 IE 11","location":"London_EC2","browser":"IE 11","server":"http:\/\/api.webpagetest.org","name":"London_EC2:IE 11"},{"label":"London, UK Chrome","location":"London","browser":"Chrome","server":"http:\/\/api.webpagetest.org","name":"London:Chrome"},{"label":"London, UK Canary","location":"London","browser":"Canary","server":"http:\/\/api.webpagetest.org","name":"London:Canary"},{"label":"London, UK Firefox","location":"London","browser":"Firefox","server":"http:\/\/api.webpagetest.org","name":"London:Firefox"},{"label":"London, UK IE 11","location":"London","browser":"IE 11","server":"http:\/\/api.webpagetest.org","name":"London:IE 11"},{"label":"London, UK Chrome","location":"London2","browser":"Chrome","server":"http:\/\/api.webpagetest.org","name":"London2:Chrome"},{"label":"London, UK Chrome Beta","location":"London2","browser":"Chrome Beta","server":"http:\/\/api.webpagetest.org","name":"London2:Chrome Beta"},{"label":"London, UK Chrome Canary","location":"London2","browser":"Chrome Canary","server":"http:\/\/api.webpagetest.org","name":"London2:Chrome Canary"},{"label":"London, UK Firefox","location":"London2","browser":"Firefox","server":"http:\/\/api.webpagetest.org","name":"London2:Firefox"},{"label":"London, UK Firefox Nightly","location":"London2","browser":"Firefox Nightly","server":"http:\/\/api.webpagetest.org","name":"London2:Firefox Nightly"},{"label":"London, UK Opera","location":"London2","browser":"Opera","server":"http:\/\/api.webpagetest.org","name":"London2:Opera"},{"label":"London, UK Opera Beta","location":"London2","browser":"Opera Beta","server":"http:\/\/api.webpagetest.org","name":"London2:Opera Beta"},{"label":"London, UK Opera Developer","location":"London2","browser":"Opera Developer","server":"http:\/\/api.webpagetest.org","name":"London2:Opera Developer"},{"label":"Paris, France Chrome","location":"Paris","browser":"Chrome","server":"http:\/\/api.webpagetest.org","name":"Paris:Chrome"},{"label":"Paris, France Firefox","location":"Paris","browser":"Firefox","server":"http:\/\/api.webpagetest.org","name":"Paris:Firefox"},{"label":"Paris, France IE 11","location":"Paris","browser":"IE 11","server":"http:\/\/api.webpagetest.org","name":"Paris:IE 11"},{"label":"Strasburg, France Chrome","location":"Strasburg_FR","browser":"Chrome","server":"http:\/\/api.webpagetest.org","name":"Strasburg_FR:Chrome"},{"label":"Strasburg, France Chrome Beta","location":"Strasburg_FR","browser":"Chrome Beta","server":"http:\/\/api.webpagetest.org","name":"Strasburg_FR:Chrome Beta"},{"label":"Strasburg, France Chrome Canary","location":"Strasburg_FR","browser":"Chrome Canary","server":"http:\/\/api.webpagetest.org","name":"Strasburg_FR:Chrome Canary"},{"label":"Strasburg, France Firefox","location":"Strasburg_FR","browser":"Firefox","server":"http:\/\/api.webpagetest.org","name":"Strasburg_FR:Firefox"},{"label":"Strasburg, France Firefox Nightly","location":"Strasburg_FR","browser":"Firefox Nightly","server":"http:\/\/api.webpagetest.org","name":"Strasburg_FR:Firefox Nightly"},{"label":"Strasburg, France Opera","location":"Strasburg_FR","browser":"Opera","server":"http:\/\/api.webpagetest.org","name":"Strasburg_FR:Opera"},{"label":"Strasburg, France Opera Beta","location":"Strasburg_FR","browser":"Opera Beta","server":"http:\/\/api.webpagetest.org","name":"Strasburg_FR:Opera Beta"},{"label":"Strasburg, France Opera Developer","location":"Strasburg_FR","browser":"Opera Developer","server":"http:\/\/api.webpagetest.org","name":"Strasburg_FR:Opera Developer"},{"label":"Brussels, BE IE 8","location":"Brussels","browser":"IE 8","server":"http:\/\/api.webpagetest.org","name":"Brussels:IE 8"},{"label":"Brussels, BE Chrome","location":"Brussels","browser":"Chrome","server":"http:\/\/api.webpagetest.org","name":"Brussels:Chrome"},{"label":"Brussels, BE Canary","location":"Brussels","browser":"Canary","server":"http:\/\/api.webpagetest.org","name":"Brussels:Canary"},{"label":"Brussels, BE Firefox","location":"Brussels","browser":"Firefox","server":"http:\/\/api.webpagetest.org","name":"Brussels:Firefox"},{"label":"Amsterdam, NL - IISpeed Chrome","location":"Amsterdam_IISpeed","browser":"Chrome","server":"http:\/\/api.webpagetest.org","name":"Amsterdam_IISpeed:Chrome"},{"label":"Amsterdam, NL - IISpeed Chrome Beta","location":"Amsterdam_IISpeed","browser":"Chrome Beta","server":"http:\/\/api.webpagetest.org","name":"Amsterdam_IISpeed:Chrome Beta"},{"label":"Amsterdam, NL - IISpeed Chrome Canary","location":"Amsterdam_IISpeed","browser":"Chrome Canary","server":"http:\/\/api.webpagetest.org","name":"Amsterdam_IISpeed:Chrome Canary"},{"label":"Amsterdam, NL - IISpeed Firefox","location":"Amsterdam_IISpeed","browser":"Firefox","server":"http:\/\/api.webpagetest.org","name":"Amsterdam_IISpeed:Firefox"},{"label":"Amsterdam, NL - IISpeed Firefox Nightly","location":"Amsterdam_IISpeed","browser":"Firefox Nightly","server":"http:\/\/api.webpagetest.org","name":"Amsterdam_IISpeed:Firefox Nightly"},{"label":"Amsterdam, NL - IISpeed Opera","location":"Amsterdam_IISpeed","browser":"Opera","server":"http:\/\/api.webpagetest.org","name":"Amsterdam_IISpeed:Opera"},{"label":"Amsterdam, NL - IISpeed Opera Beta","location":"Amsterdam_IISpeed","browser":"Opera Beta","server":"http:\/\/api.webpagetest.org","name":"Amsterdam_IISpeed:Opera Beta"},{"label":"Amsterdam, NL - IISpeed Opera Developer","location":"Amsterdam_IISpeed","browser":"Opera Developer","server":"http:\/\/api.webpagetest.org","name":"Amsterdam_IISpeed:Opera Developer"},{"label":"Frankfurt, Germany - Dynatrace Chrome","location":"Frankfurt_Ruxit","browser":"Chrome","server":"http:\/\/api.webpagetest.org","name":"Frankfurt_Ruxit:Chrome"},{"label":"Frankfurt, Germany - Dynatrace Firefox","location":"Frankfurt_Ruxit","browser":"Firefox","server":"http:\/\/api.webpagetest.org","name":"Frankfurt_Ruxit:Firefox"},{"label":"Frankfurt, Germany - Dynatrace IE 11","location":"Frankfurt_Ruxit","browser":"IE 11","server":"http:\/\/api.webpagetest.org","name":"Frankfurt_Ruxit:IE 11"},{"label":"Frankfurt, Germany - EC2 Chrome","location":"ec2-eu-central-1","browser":"Chrome","server":"http:\/\/api.webpagetest.org","name":"ec2-eu-central-1:Chrome"},{"label":"Frankfurt, Germany - EC2 Chrome Beta","location":"ec2-eu-central-1","browser":"Chrome Beta","server":"http:\/\/api.webpagetest.org","name":"ec2-eu-central-1:Chrome Beta"},{"label":"Frankfurt, Germany - EC2 Chrome Canary","location":"ec2-eu-central-1","browser":"Chrome Canary","server":"http:\/\/api.webpagetest.org","name":"ec2-eu-central-1:Chrome Canary"},{"label":"Frankfurt, Germany - EC2 Firefox","location":"ec2-eu-central-1","browser":"Firefox","server":"http:\/\/api.webpagetest.org","name":"ec2-eu-central-1:Firefox"},{"label":"Frankfurt, Germany - EC2 Firefox Nightly","location":"ec2-eu-central-1","browser":"Firefox Nightly","server":"http:\/\/api.webpagetest.org","name":"ec2-eu-central-1:Firefox Nightly"},{"label":"Frankfurt, Germany - EC2 Opera","location":"ec2-eu-central-1","browser":"Opera","server":"http:\/\/api.webpagetest.org","name":"ec2-eu-central-1:Opera"},{"label":"Frankfurt, Germany - EC2 Opera Beta","location":"ec2-eu-central-1","browser":"Opera Beta","server":"http:\/\/api.webpagetest.org","name":"ec2-eu-central-1:Opera Beta"},{"label":"Frankfurt, Germany - EC2 Opera Developer","location":"ec2-eu-central-1","browser":"Opera Developer","server":"http:\/\/api.webpagetest.org","name":"ec2-eu-central-1:Opera Developer"},{"label":"Falkenstein, Germany Chrome","location":"Falkenstein","browser":"Chrome","server":"http:\/\/api.webpagetest.org","name":"Falkenstein:Chrome"},{"label":"Falkenstein, Germany Chrome Beta","location":"Falkenstein","browser":"Chrome Beta","server":"http:\/\/api.webpagetest.org","name":"Falkenstein:Chrome Beta"},{"label":"Falkenstein, Germany Chrome Canary","location":"Falkenstein","browser":"Chrome Canary","server":"http:\/\/api.webpagetest.org","name":"Falkenstein:Chrome Canary"},{"label":"Milan, Italy Chrome","location":"Italy","browser":"Chrome","server":"http:\/\/api.webpagetest.org","name":"Italy:Chrome"},{"label":"Milan, Italy Chrome Beta","location":"Italy","browser":"Chrome Beta","server":"http:\/\/api.webpagetest.org","name":"Italy:Chrome Beta"},{"label":"Milan, Italy Chrome Canary","location":"Italy","browser":"Chrome Canary","server":"http:\/\/api.webpagetest.org","name":"Italy:Chrome Canary"},{"label":"Milan, Italy Firefox","location":"Italy","browser":"Firefox","server":"http:\/\/api.webpagetest.org","name":"Italy:Firefox"},{"label":"Milan, Italy Firefox Nightly","location":"Italy","browser":"Firefox Nightly","server":"http:\/\/api.webpagetest.org","name":"Italy:Firefox Nightly"},{"label":"Milan, Italy Opera","location":"Italy","browser":"Opera","server":"http:\/\/api.webpagetest.org","name":"Italy:Opera"},{"label":"Milan, Italy Opera Beta","location":"Italy","browser":"Opera Beta","server":"http:\/\/api.webpagetest.org","name":"Italy:Opera Beta"},{"label":"Milan, Italy Opera Developer","location":"Italy","browser":"Opera Developer","server":"http:\/\/api.webpagetest.org","name":"Italy:Opera Developer"},{"label":"Prague, Czech Republic Chrome","location":"Prague","browser":"Chrome","server":"http:\/\/api.webpagetest.org","name":"Prague:Chrome"},{"label":"Prague, Czech Republic Canary","location":"Prague","browser":"Canary","server":"http:\/\/api.webpagetest.org","name":"Prague:Canary"},{"label":"Prague, Czech Republic Firefox","location":"Prague","browser":"Firefox","server":"http:\/\/api.webpagetest.org","name":"Prague:Firefox"},{"label":"Prague, Czech Republic IE 11","location":"Prague","browser":"IE 11","server":"http:\/\/api.webpagetest.org","name":"Prague:IE 11"},{"label":"Warsaw, Poland Chrome","location":"Poland","browser":"Chrome","server":"http:\/\/api.webpagetest.org","name":"Poland:Chrome"},{"label":"Warsaw, Poland Chrome Beta","location":"Poland","browser":"Chrome Beta","server":"http:\/\/api.webpagetest.org","name":"Poland:Chrome Beta"},{"label":"Warsaw, Poland Chrome Canary","location":"Poland","browser":"Chrome Canary","server":"http:\/\/api.webpagetest.org","name":"Poland:Chrome Canary"},{"label":"Warsaw, Poland Firefox","location":"Poland","browser":"Firefox","server":"http:\/\/api.webpagetest.org","name":"Poland:Firefox"},{"label":"Warsaw, Poland Firefox Nightly","location":"Poland","browser":"Firefox Nightly","server":"http:\/\/api.webpagetest.org","name":"Poland:Firefox Nightly"},{"label":"Warsaw, Poland Opera","location":"Poland","browser":"Opera","server":"http:\/\/api.webpagetest.org","name":"Poland:Opera"},{"label":"Warsaw, Poland Opera Beta","location":"Poland","browser":"Opera Beta","server":"http:\/\/api.webpagetest.org","name":"Poland:Opera Beta"},{"label":"Warsaw, Poland Opera Developer","location":"Poland","browser":"Opera Developer","server":"http:\/\/api.webpagetest.org","name":"Poland:Opera Developer"},{"label":"Rose Hill, Mauritius Chrome","location":"Mauritius","browser":"Chrome","server":"http:\/\/api.webpagetest.org","name":"Mauritius:Chrome"},{"label":"Rose Hill, Mauritius Chrome Beta","location":"Mauritius","browser":"Chrome Beta","server":"http:\/\/api.webpagetest.org","name":"Mauritius:Chrome Beta"},{"label":"Rose Hill, Mauritius Chrome Canary","location":"Mauritius","browser":"Chrome Canary","server":"http:\/\/api.webpagetest.org","name":"Mauritius:Chrome Canary"},{"label":"Rose Hill, Mauritius Firefox","location":"Mauritius","browser":"Firefox","server":"http:\/\/api.webpagetest.org","name":"Mauritius:Firefox"},{"label":"Rose Hill, Mauritius Firefox Nightly","location":"Mauritius","browser":"Firefox Nightly","server":"http:\/\/api.webpagetest.org","name":"Mauritius:Firefox Nightly"},{"label":"Rose Hill, Mauritius Opera","location":"Mauritius","browser":"Opera","server":"http:\/\/api.webpagetest.org","name":"Mauritius:Opera"},{"label":"Rose Hill, Mauritius Opera Beta","location":"Mauritius","browser":"Opera Beta","server":"http:\/\/api.webpagetest.org","name":"Mauritius:Opera Beta"},{"label":"Rose Hill, Mauritius Opera Developer","location":"Mauritius","browser":"Opera Developer","server":"http:\/\/api.webpagetest.org","name":"Mauritius:Opera Developer"},{"label":"Istanbul, Turkey Chrome","location":"Istanbul","browser":"Chrome","server":"http:\/\/api.webpagetest.org","name":"Istanbul:Chrome"},{"label":"Istanbul, Turkey Firefox","location":"Istanbul","browser":"Firefox","server":"http:\/\/api.webpagetest.org","name":"Istanbul:Firefox"},{"label":"Ankara, Turkey Chrome","location":"Ankara","browser":"Chrome","server":"http:\/\/api.webpagetest.org","name":"Ankara:Chrome"},{"label":"Ankara, Turkey Firefox","location":"Ankara","browser":"Firefox","server":"http:\/\/api.webpagetest.org","name":"Ankara:Firefox"},{"label":"Israel Chrome","location":"Israel","browser":"Chrome","server":"http:\/\/api.webpagetest.org","name":"Israel:Chrome"},{"label":"Israel Chrome Beta","location":"Israel","browser":"Chrome Beta","server":"http:\/\/api.webpagetest.org","name":"Israel:Chrome Beta"},{"label":"Israel Chrome Canary","location":"Israel","browser":"Chrome Canary","server":"http:\/\/api.webpagetest.org","name":"Israel:Chrome Canary"},{"label":"Israel Firefox","location":"Israel","browser":"Firefox","server":"http:\/\/api.webpagetest.org","name":"Israel:Firefox"},{"label":"Israel Firefox Nightly","location":"Israel","browser":"Firefox Nightly","server":"http:\/\/api.webpagetest.org","name":"Israel:Firefox Nightly"},{"label":"Israel Opera","location":"Israel","browser":"Opera","server":"http:\/\/api.webpagetest.org","name":"Israel:Opera"},{"label":"Israel Opera Beta","location":"Israel","browser":"Opera Beta","server":"http:\/\/api.webpagetest.org","name":"Israel:Opera Beta"},{"label":"Israel Opera Developer","location":"Israel","browser":"Opera Developer","server":"http:\/\/api.webpagetest.org","name":"Israel:Opera Developer"},{"label":"Tehran, Iran Chrome","location":"Tehran","browser":"Chrome","server":"http:\/\/api.webpagetest.org","name":"Tehran:Chrome"},{"label":"Tehran, Iran Firefox","location":"Tehran","browser":"Firefox","server":"http:\/\/api.webpagetest.org","name":"Tehran:Firefox"},{"label":"Dubai, UAE Chrome","location":"Dubai","browser":"Chrome","server":"http:\/\/api.webpagetest.org","name":"Dubai:Chrome"},{"label":"Dubai, UAE Firefox","location":"Dubai","browser":"Firefox","server":"http:\/\/api.webpagetest.org","name":"Dubai:Firefox"},{"label":"Mumbai, India - EC2 Chrome","location":"ap-south-1","browser":"Chrome","server":"http:\/\/api.webpagetest.org","name":"ap-south-1:Chrome"},{"label":"Mumbai, India - EC2 Chrome Beta","location":"ap-south-1","browser":"Chrome Beta","server":"http:\/\/api.webpagetest.org","name":"ap-south-1:Chrome Beta"},{"label":"Mumbai, India - EC2 Chrome Canary","location":"ap-south-1","browser":"Chrome Canary","server":"http:\/\/api.webpagetest.org","name":"ap-south-1:Chrome Canary"},{"label":"Mumbai, India - EC2 Firefox","location":"ap-south-1","browser":"Firefox","server":"http:\/\/api.webpagetest.org","name":"ap-south-1:Firefox"},{"label":"Mumbai, India - EC2 Firefox Nightly","location":"ap-south-1","browser":"Firefox Nightly","server":"http:\/\/api.webpagetest.org","name":"ap-south-1:Firefox Nightly"},{"label":"Mumbai, India - EC2 Opera","location":"ap-south-1","browser":"Opera","server":"http:\/\/api.webpagetest.org","name":"ap-south-1:Opera"},{"label":"Mumbai, India - EC2 Opera Beta","location":"ap-south-1","browser":"Opera Beta","server":"http:\/\/api.webpagetest.org","name":"ap-south-1:Opera Beta"},{"label":"Mumbai, India - EC2 Opera Developer","location":"ap-south-1","browser":"Opera Developer","server":"http:\/\/api.webpagetest.org","name":"ap-south-1:Opera Developer"},{"label":"Singapore IE10","location":"AP_Sin_Wptdriver","browser":"IE10","server":"http:\/\/api.webpagetest.org","name":"AP_Sin_Wptdriver:IE10"},{"label":"Singapore Chrome","location":"AP_Sin_Wptdriver","browser":"Chrome","server":"http:\/\/api.webpagetest.org","name":"AP_Sin_Wptdriver:Chrome"},{"label":"Singapore Firefox","location":"AP_Sin_Wptdriver","browser":"Firefox","server":"http:\/\/api.webpagetest.org","name":"AP_Sin_Wptdriver:Firefox"},{"label":"Singapore - EC2 Chrome","location":"ec2-ap-southeast-1","browser":"Chrome","server":"http:\/\/api.webpagetest.org","name":"ec2-ap-southeast-1:Chrome"},{"label":"Singapore - EC2 Chrome Beta","location":"ec2-ap-southeast-1","browser":"Chrome Beta","server":"http:\/\/api.webpagetest.org","name":"ec2-ap-southeast-1:Chrome Beta"},{"label":"Singapore - EC2 Chrome Canary","location":"ec2-ap-southeast-1","browser":"Chrome Canary","server":"http:\/\/api.webpagetest.org","name":"ec2-ap-southeast-1:Chrome Canary"},{"label":"Singapore - EC2 Firefox","location":"ec2-ap-southeast-1","browser":"Firefox","server":"http:\/\/api.webpagetest.org","name":"ec2-ap-southeast-1:Firefox"},{"label":"Singapore - EC2 Firefox Nightly","location":"ec2-ap-southeast-1","browser":"Firefox Nightly","server":"http:\/\/api.webpagetest.org","name":"ec2-ap-southeast-1:Firefox Nightly"},{"label":"Singapore - EC2 Opera","location":"ec2-ap-southeast-1","browser":"Opera","server":"http:\/\/api.webpagetest.org","name":"ec2-ap-southeast-1:Opera"},{"label":"Singapore - EC2 Opera Beta","location":"ec2-ap-southeast-1","browser":"Opera Beta","server":"http:\/\/api.webpagetest.org","name":"ec2-ap-southeast-1:Opera Beta"},{"label":"Singapore - EC2 Opera Developer","location":"ec2-ap-southeast-1","browser":"Opera Developer","server":"http:\/\/api.webpagetest.org","name":"ec2-ap-southeast-1:Opera Developer"},{"label":"Jakarta, Indonesia Chrome","location":"Indonesia","browser":"Chrome","server":"http:\/\/api.webpagetest.org","name":"Indonesia:Chrome"},{"label":"Jakarta, Indonesia Chrome Beta","location":"Indonesia","browser":"Chrome Beta","server":"http:\/\/api.webpagetest.org","name":"Indonesia:Chrome Beta"},{"label":"Jakarta, Indonesia Chrome Canary","location":"Indonesia","browser":"Chrome Canary","server":"http:\/\/api.webpagetest.org","name":"Indonesia:Chrome Canary"},{"label":"Jakarta, Indonesia Firefox","location":"Indonesia","browser":"Firefox","server":"http:\/\/api.webpagetest.org","name":"Indonesia:Firefox"},{"label":"Jakarta, Indonesia Firefox Nightly","location":"Indonesia","browser":"Firefox Nightly","server":"http:\/\/api.webpagetest.org","name":"Indonesia:Firefox Nightly"},{"label":"Jakarta, Indonesia Opera","location":"Indonesia","browser":"Opera","server":"http:\/\/api.webpagetest.org","name":"Indonesia:Opera"},{"label":"Jakarta, Indonesia Opera Beta","location":"Indonesia","browser":"Opera Beta","server":"http:\/\/api.webpagetest.org","name":"Indonesia:Opera Beta"},{"label":"Jakarta, Indonesia Opera Developer","location":"Indonesia","browser":"Opera Developer","server":"http:\/\/api.webpagetest.org","name":"Indonesia:Opera Developer"},{"label":"Hong Kong, China Chrome","location":"HongKong","browser":"Chrome","server":"http:\/\/api.webpagetest.org","name":"HongKong:Chrome"},{"label":"Hong Kong, China Firefox","location":"HongKong","browser":"Firefox","server":"http:\/\/api.webpagetest.org","name":"HongKong:Firefox"},{"label":"Hong Kong, China IE 11","location":"HongKong","browser":"IE 11","server":"http:\/\/api.webpagetest.org","name":"HongKong:IE 11"},{"label":"Seoul, Korea EC2 Chrome","location":"Seoul_EC2","browser":"Chrome","server":"http:\/\/api.webpagetest.org","name":"Seoul_EC2:Chrome"},{"label":"Seoul, Korea EC2 Firefox","location":"Seoul_EC2","browser":"Firefox","server":"http:\/\/api.webpagetest.org","name":"Seoul_EC2:Firefox"},{"label":"Seoul, Korea EC2 IE 11","location":"Seoul_EC2","browser":"IE 11","server":"http:\/\/api.webpagetest.org","name":"Seoul_EC2:IE 11"},{"label":"Seoul, Korea Chrome","location":"Seoul","browser":"Chrome","server":"http:\/\/api.webpagetest.org","name":"Seoul:Chrome"},{"label":"Seoul, Korea Canary","location":"Seoul","browser":"Canary","server":"http:\/\/api.webpagetest.org","name":"Seoul:Canary"},{"label":"Seoul, Korea Firefox","location":"Seoul","browser":"Firefox","server":"http:\/\/api.webpagetest.org","name":"Seoul:Firefox"},{"label":"Seoul, Korea IE 11","location":"Seoul","browser":"IE 11","server":"http:\/\/api.webpagetest.org","name":"Seoul:IE 11"},{"label":"Seoul, Korea IE 8","location":"Seoul_IE8","browser":"IE 8","server":"http:\/\/api.webpagetest.org","name":"Seoul_IE8:IE 8"},{"label":"Tokyo, Japan - EC2 Chrome","location":"ec2-ap-northeast-1","browser":"Chrome","server":"http:\/\/api.webpagetest.org","name":"ec2-ap-northeast-1:Chrome"},{"label":"Tokyo, Japan - EC2 Chrome Beta","location":"ec2-ap-northeast-1","browser":"Chrome Beta","server":"http:\/\/api.webpagetest.org","name":"ec2-ap-northeast-1:Chrome Beta"},{"label":"Tokyo, Japan - EC2 Chrome Canary","location":"ec2-ap-northeast-1","browser":"Chrome Canary","server":"http:\/\/api.webpagetest.org","name":"ec2-ap-northeast-1:Chrome Canary"},{"label":"Tokyo, Japan - EC2 Firefox","location":"ec2-ap-northeast-1","browser":"Firefox","server":"http:\/\/api.webpagetest.org","name":"ec2-ap-northeast-1:Firefox"},{"label":"Tokyo, Japan - EC2 Firefox Nightly","location":"ec2-ap-northeast-1","browser":"Firefox Nightly","server":"http:\/\/api.webpagetest.org","name":"ec2-ap-northeast-1:Firefox Nightly"},{"label":"Tokyo, Japan - EC2 Opera","location":"ec2-ap-northeast-1","browser":"Opera","server":"http:\/\/api.webpagetest.org","name":"ec2-ap-northeast-1:Opera"},{"label":"Tokyo, Japan - EC2 Opera Beta","location":"ec2-ap-northeast-1","browser":"Opera Beta","server":"http:\/\/api.webpagetest.org","name":"ec2-ap-northeast-1:Opera Beta"},{"label":"Tokyo, Japan - EC2 Opera Developer","location":"ec2-ap-northeast-1","browser":"Opera Developer","server":"http:\/\/api.webpagetest.org","name":"ec2-ap-northeast-1:Opera Developer"},{"label":"Sydney, Australia (Bulletproof Networks) Chrome","location":"Sydney","browser":"Chrome","server":"http:\/\/api.webpagetest.org","name":"Sydney:Chrome"},{"label":"Sydney, Australia (Bulletproof Networks) Chrome Beta","location":"Sydney","browser":"Chrome Beta","server":"http:\/\/api.webpagetest.org","name":"Sydney:Chrome Beta"},{"label":"Sydney, Australia (Bulletproof Networks) Chrome Canary","location":"Sydney","browser":"Chrome Canary","server":"http:\/\/api.webpagetest.org","name":"Sydney:Chrome Canary"},{"label":"Sydney, Australia (Bulletproof Networks) Firefox","location":"Sydney","browser":"Firefox","server":"http:\/\/api.webpagetest.org","name":"Sydney:Firefox"},{"label":"Sydney, Australia (Bulletproof Networks) Firefox Nightly","location":"Sydney","browser":"Firefox Nightly","server":"http:\/\/api.webpagetest.org","name":"Sydney:Firefox Nightly"},{"label":"Sydney, Australia (Bulletproof Networks) Opera","location":"Sydney","browser":"Opera","server":"http:\/\/api.webpagetest.org","name":"Sydney:Opera"},{"label":"Sydney, Australia (Bulletproof Networks) Opera Beta","location":"Sydney","browser":"Opera Beta","server":"http:\/\/api.webpagetest.org","name":"Sydney:Opera Beta"},{"label":"Sydney, Australia (Bulletproof Networks) Opera Developer","location":"Sydney","browser":"Opera Developer","server":"http:\/\/api.webpagetest.org","name":"Sydney:Opera Developer"},{"label":"Sydney, Australia (Servers Australia) IE 10","location":"Sydney2","browser":"IE 10","server":"http:\/\/api.webpagetest.org","name":"Sydney2:IE 10"},{"label":"Sydney, Australia (Servers Australia) Chrome","location":"Sydney2","browser":"Chrome","server":"http:\/\/api.webpagetest.org","name":"Sydney2:Chrome"},{"label":"Sydney, Australia (Servers Australia) Canary","location":"Sydney2","browser":"Canary","server":"http:\/\/api.webpagetest.org","name":"Sydney2:Canary"},{"label":"Sydney, Australia (Servers Australia) Firefox","location":"Sydney2","browser":"Firefox","server":"http:\/\/api.webpagetest.org","name":"Sydney2:Firefox"},{"label":"Sydney, Australia - EC2 Chrome","location":"ec2-ap-southeast-2","browser":"Chrome","server":"http:\/\/api.webpagetest.org","name":"ec2-ap-southeast-2:Chrome"},{"label":"Sydney, Australia - EC2 Chrome Beta","location":"ec2-ap-southeast-2","browser":"Chrome Beta","server":"http:\/\/api.webpagetest.org","name":"ec2-ap-southeast-2:Chrome Beta"},{"label":"Sydney, Australia - EC2 Chrome Canary","location":"ec2-ap-southeast-2","browser":"Chrome Canary","server":"http:\/\/api.webpagetest.org","name":"ec2-ap-southeast-2:Chrome Canary"},{"label":"Sydney, Australia - EC2 Firefox","location":"ec2-ap-southeast-2","browser":"Firefox","server":"http:\/\/api.webpagetest.org","name":"ec2-ap-southeast-2:Firefox"},{"label":"Sydney, Australia - EC2 Firefox Nightly","location":"ec2-ap-southeast-2","browser":"Firefox Nightly","server":"http:\/\/api.webpagetest.org","name":"ec2-ap-southeast-2:Firefox Nightly"},{"label":"Sydney, Australia - EC2 Opera","location":"ec2-ap-southeast-2","browser":"Opera","server":"http:\/\/api.webpagetest.org","name":"ec2-ap-southeast-2:Opera"},{"label":"Sydney, Australia - EC2 Opera Beta","location":"ec2-ap-southeast-2","browser":"Opera Beta","server":"http:\/\/api.webpagetest.org","name":"ec2-ap-southeast-2:Opera Beta"},{"label":"Sydney, Australia - EC2 Opera Developer","location":"ec2-ap-southeast-2","browser":"Opera Developer","server":"http:\/\/api.webpagetest.org","name":"ec2-ap-southeast-2:Opera Developer"}]