{
	"type": "graph-multiBarChart",
	"tool": "pWatch",
	"name": "graph-barChart",
	"dataSource": "static",
	"data": {
		"points": [{
			"key": "StartRender",
			"values": [{
				"key": "Chrome",
				"value": {
					"count": 110,
					"sum": 241.54000000000005,
					"avg": 2.1958181818181823
				}
			}, {
				"key": "Firefox",
				"value": {
					"count": 106,
					"sum": 235.76999999999995,
					"avg": 2.2242452830188677
				}
			}]
		}, {
			"key": "DocComplete",
			"values": [{
				"key": "Chrome",
				"value": {
					"count": 110,
					"sum": 617.851,
					"avg": 5.616827272727273
				}
			}, {
				"key": "Firefox",
				"value": {
					"count": 106,
					"sum": 711.5640000000003,
					"avg": 6.712867924528305
				}
			}]
		}, {
			"key": "FullyLoaded",
			"values": [{
				"key": "Chrome",
				"value": {
					"count": 110,
					"sum": 725.6850000000001,
					"avg": 6.5971363636363645
				}
			}, {
				"key": "Firefox",
				"value": {
					"count": 106,
					"sum": 983.6780000000003,
					"avg": 9.279981132075475
				}
			}]
		}],
		"axisLabel": ["Seconds"],
		"xFn": "function xFn(d) { return d.key }",
		"yFn": "function yFn(d) { return d.value.avg }",
		"transitionDuration": 300,
		"reduceXTicks": true,
		"rotateLabels": 0,
		"showControls": false,
		"groupSpacing": 0.40,
		"color": ["#edf8b1",
			"#c7e9b4",
			"#7fcdbb"
		]
	}
}