{
	"type": "graph-lineChart",
	"tool": "eut",
	"name": "graph-dashboard",
	"dataSource": "static",
	"data": {
		"axisLabel": [
			"Execution Date",
			"Seconds"
		],
		"pointsLen": 1,
		"points": [{
			"key": "Amex ",
			"values": [{
				"x": 1478616240675,
				"y": 4.380833333333334
			}, {
				"x": 1478622937810,
				"y": 4.289
			}, {
				"x": 1478630640520,
				"y": 4.761799999999999
			}, {
				"x": 1478652240776,
				"y": 4.228666666666666
			}, {
				"x": 1478659440630,
				"y": 4.023000000000001
			}, {
				"x": 1478686230350,
				"y": 4.319000000000001
			}]
		}, {
			"key": "BOA ",
			"values": [{
				"x": 1478616240675,
				"y": 5.602
			}, {
				"x": 1478622937810,
				"y": 5.893833333333333
			}, {
				"x": 1478630640520,
				"y": 5.5906666666666665
			}, {
				"x": 1478652240776,
				"y": 5.661
			}, {
				"x": 1478659440630,
				"y": 5.5367500000000005
			}, {
				"x": 1478686230350,
				"y": 5.543
			}]
		}, {
			"key": "Capital One",
			"values": [{
				"x": 1478616240675,
				"y": 5.2932500000000005
			}, {
				"x": 1478622937810,
				"y": 4.356599999999999
			}, {
				"x": 1478630640520,
				"y": 4.464
			}, {
				"x": 1478652240776,
				"y": 4.6842500000000005
			}, {
				"x": 1478659440630,
				"y": 4.6342
			}, {
				"x": 1478686230350,
				"y": 4.7261999999999995
			}]
		}, {
			"key": "Chase ",
			"values": [{
				"x": 1478616240675,
				"y": 5.001166666666667
			}, {
				"x": 1478622937810,
				"y": 4.9079999999999995
			}, {
				"x": 1478630640520,
				"y": 4.067166666666667
			}, {
				"x": 1478652240776,
				"y": 4.1098333333333334
			}, {
				"x": 1478659440630,
				"y": 4.692375
			}, {
				"x": 1478686230350,
				"y": 4.666333333333334
			}]
		}, {
			"key": "Citi ",
			"values": [{
				"x": 1478616240675,
				"y": 5.962
			}, {
				"x": 1478622937810,
				"y": 6.4682
			}, {
				"x": 1478630640520,
				"y": 6.777
			}, {
				"x": 1478652240776,
				"y": 6.255166666666667
			}, {
				"x": 1478659440630,
				"y": 6.374666666666666
			}, {
				"x": 1478686230350,
				"y": 6.29275
			}]
		}, {
			"key": "Discover ",
			"values": [{
				"x": 1478616240675,
				"y": 7.005000000000001
			}, {
				"x": 1478622937810,
				"y": 5.93825
			}, {
				"x": 1478630640520,
				"y": 5.5136666666666665
			}, {
				"x": 1478652240776,
				"y": 4.228
			}, {
				"x": 1478659440630,
				"y": 5.544
			}, {
				"x": 1478686230350,
				"y": 5.739
			}]
		}],
		"forceY": 0,
		"xFn": "function xFn(d) { return +d['x'] }",
		"yFn": "function yFn(d) { return +d['y'] }",
		"xTckFmt": "function xTckFmt(d) { return d3.time.format('%d/%m-%H:%M')(new Date(d)); }",
		"yTckFmt": ".3f"
	}
}