{
	"summary": {
		"non-cached": {
			"Mindtree": {
				"First Response Time": 0.5,
				"Time to Start Render": 2.08,
				"Perceived Response Time": 10.75,
				"Actual Response Time": 14.59,
				"Page Size": 3537.65,
				"No of Requests to Load Page": 79.42
			},
			"Infosys": {
				"First Response Time": 0.59,
				"Time to Start Render": 1.75,
				"Perceived Response Time": 4.89,
				"Actual Response Time": 4.94,
				"Page Size": 1263.67,
				"No of Requests to Load Page": 39.42
			},
			"TCS": {
				"First Response Time": 0.62,
				"Time to Start Render": 1.38,
				"Perceived Response Time": 4.62,
				"Actual Response Time": 7.32,
				"Page Size": 980.23,
				"No of Requests to Load Page": 63.26
			}
		},
		"cached": {
			"Mindtree": {
				"First Response Time": 0.62,
				"Time to Start Render": 2.08,
				"Perceived Response Time": 5.85,
				"Actual Response Time": 8.37,
				"Page Size": 87.93,
				"No of Requests to Load Page": 30.6
			},
			"Infosys": {
				"First Response Time": 0.49,
				"Time to Start Render": 1.75,
				"Perceived Response Time": 3.26,
				"Actual Response Time": 3.27,
				"Page Size": 42.18,
				"No of Requests to Load Page": 9.54
			},
			"TCS": {
				"First Response Time": 0.39,
				"Time to Start Render": 1.38,
				"Perceived Response Time": 3.31,
				"Actual Response Time": 4.5,
				"Page Size": 106.63,
				"No of Requests to Load Page": 49.45
			}
		}
	},
	"location": {
		"non-cached": {
			"SouthAfrica": {
				"Infosys": {
					"First Response Time": 0.98,
					"Perceived Response Time": 9.15,
					"Actual Response Time": 9.24,
					"Page Size": 1267.65,
					"No of Requests to Load Page": 40.25
				},
				"TCS": {
					"First Response Time": 1.18,
					"Perceived Response Time": 8.63,
					"Actual Response Time": 14.91,
					"Page Size": 978.18,
					"No of Requests to Load Page": 61.19
				},
				"Mindtree": {
					"First Response Time": 0.99,
					"Perceived Response Time": 18.12,
					"Actual Response Time": 25.9,
					"Page Size": 3542.15,
					"No of Requests to Load Page": 78.44
				}
			},
			"SanJose": {
				"Mindtree": {
					"First Response Time": 0.21,
					"Perceived Response Time": 6.79,
					"Actual Response Time": 8.43,
					"Page Size": 3537.71,
					"No of Requests to Load Page": 81.5
				},
				"Infosys": {
					"First Response Time": 0.26,
					"Perceived Response Time": 2.84,
					"Actual Response Time": 2.87,
					"Page Size": 1261.62,
					"No of Requests to Load Page": 39
				},
				"TCS": {
					"First Response Time": 0.27,
					"Perceived Response Time": 3.11,
					"Actual Response Time": 4.09,
					"Page Size": 993.34,
					"No of Requests to Load Page": 67.73
				}
			},
			"HongKong": {
				"Infosys": {
					"First Response Time": 0,
					"Perceived Response Time": 0,
					"Actual Response Time": 0,
					"Page Size": 0,
					"No of Requests to Load Page": 0
				},
				"Mindtree": {
					"First Response Time": 0,
					"Perceived Response Time": 0,
					"Actual Response Time": 0,
					"Page Size": 0,
					"No of Requests to Load Page": 0
				},
				"TCS": {
					"First Response Time": 0,
					"Perceived Response Time": 0,
					"Actual Response Time": 0,
					"Page Size": 0,
					"No of Requests to Load Page": 0
				}
			},
			"Prague": {
				"Mindtree": {
					"First Response Time": 0.3,
					"Perceived Response Time": 7.33,
					"Actual Response Time": 9.45,
					"Page Size": 3533.09,
					"No of Requests to Load Page": 78.31
				},
				"TCS": {
					"First Response Time": 0.38,
					"Perceived Response Time": 2.01,
					"Actual Response Time": 2.77,
					"Page Size": 969.98,
					"No of Requests to Load Page": 61.13
				},
				"Infosys": {
					"First Response Time": 0.54,
					"Perceived Response Time": 2.68,
					"Actual Response Time": 2.7,
					"Page Size": 1261.73,
					"No of Requests to Load Page": 39
				}
			}
		},
		"cached": {
			"SouthAfrica": {
				"Infosys": {
					"First Response Time": 1.15,
					"Perceived Response Time": 6.73,
					"Actual Response Time": 6.74,
					"Page Size": 44.39,
					"No of Requests to Load Page": 10
				},
				"TCS": {
					"First Response Time": 0.68,
					"Perceived Response Time": 5.71,
					"Actual Response Time": 8.82,
					"Page Size": 98.67,
					"No of Requests to Load Page": 44.56
				},
				"Mindtree": {
					"First Response Time": 1.3,
					"Perceived Response Time": 11.2,
					"Actual Response Time": 16.08,
					"Page Size": 72.19,
					"No of Requests to Load Page": 29.31
				}
			},
			"SanJose": {
				"Mindtree": {
					"First Response Time": 0.28,
					"Perceived Response Time": 4.31,
					"Actual Response Time": 5.63,
					"Page Size": 106.31,
					"No of Requests to Load Page": 31.44
				},
				"Infosys": {
					"First Response Time": 0.18,
					"Perceived Response Time": 1.87,
					"Actual Response Time": 1.88,
					"Page Size": 40.98,
					"No of Requests to Load Page": 9.13
				},
				"TCS": {
					"First Response Time": 0.21,
					"Perceived Response Time": 2.68,
					"Actual Response Time": 2.94,
					"Page Size": 119.46,
					"No of Requests to Load Page": 57.73
				}
			},
			"HongKong": {
				"Infosys": {
					"First Response Time": 0,
					"Perceived Response Time": 0,
					"Actual Response Time": 0,
					"Page Size": 0,
					"No of Requests to Load Page": 0
				},
				"Mindtree": {
					"First Response Time": 0,
					"Perceived Response Time": 0,
					"Actual Response Time": 0,
					"Page Size": 0,
					"No of Requests to Load Page": 0
				},
				"TCS": {
					"First Response Time": 0,
					"Perceived Response Time": 0,
					"Actual Response Time": 0,
					"Page Size": 0,
					"No of Requests to Load Page": 0
				}
			},
			"Prague": {
				"Mindtree": {
					"First Response Time": 0.27,
					"Perceived Response Time": 2.04,
					"Actual Response Time": 3.4,
					"Page Size": 85.28,
					"No of Requests to Load Page": 31.06
				},
				"TCS": {
					"First Response Time": 0.28,
					"Perceived Response Time": 1.5,
					"Actual Response Time": 1.65,
					"Page Size": 102.57,
					"No of Requests to Load Page": 46.56
				},
				"Infosys": {
					"First Response Time": 0.13,
					"Perceived Response Time": 1.18,
					"Actual Response Time": 1.18,
					"Page Size": 41.19,
					"No of Requests to Load Page": 9.5
				}
			}
		}
	},
	"browser": {
		"non-cached": {
			"Chrome": {
				"Infosys": {
					"First Response Time": 0.48,
					"Perceived Response Time": 4.72,
					"Actual Response Time": 4.82,
					"Page Size": 1258.67,
					"No of Requests to Load Page": 37.08
				},
				"Mindtree": {
					"First Response Time": 0.52,
					"Perceived Response Time": 11.02,
					"Actual Response Time": 15.11,
					"Page Size": 3533.56,
					"No of Requests to Load Page": 76.38
				},
				"TCS": {
					"First Response Time": 0.64,
					"Perceived Response Time": 5.2,
					"Actual Response Time": 7.78,
					"Page Size": 971.91,
					"No of Requests to Load Page": 62.88
				}
			},
			"Firefox": {
				"Mindtree": {
					"First Response Time": 0.48,
					"Perceived Response Time": 10.48,
					"Actual Response Time": 14.07,
					"Page Size": 3541.74,
					"No of Requests to Load Page": 82.46
				},
				"Infosys": {
					"First Response Time": 0.71,
					"Perceived Response Time": 5.06,
					"Actual Response Time": 5.06,
					"Page Size": 1268.67,
					"No of Requests to Load Page": 41.75
				},
				"TCS": {
					"First Response Time": 0.6,
					"Perceived Response Time": 4.01,
					"Actual Response Time": 6.85,
					"Page Size": 988.91,
					"No of Requests to Load Page": 63.65
				}
			}
		},
		"cached": {
			"Chrome": {
				"Infosys": {
					"First Response Time": 0.3,
					"Perceived Response Time": 3.06,
					"Actual Response Time": 3.07,
					"Page Size": 55.64,
					"No of Requests to Load Page": 7.88
				},
				"Mindtree": {
					"First Response Time": 0.43,
					"Perceived Response Time": 5.97,
					"Actual Response Time": 8.52,
					"Page Size": 110.44,
					"No of Requests to Load Page": 29.71
				},
				"TCS": {
					"First Response Time": 0.35,
					"Perceived Response Time": 3.92,
					"Actual Response Time": 4.73,
					"Page Size": 129.64,
					"No of Requests to Load Page": 48.96
				}
			},
			"Firefox": {
				"Mindtree": {
					"First Response Time": 0.81,
					"Perceived Response Time": 5.73,
					"Actual Response Time": 8.22,
					"Page Size": 65.42,
					"No of Requests to Load Page": 31.5
				},
				"Infosys": {
					"First Response Time": 0.67,
					"Perceived Response Time": 3.46,
					"Actual Response Time": 3.46,
					"Page Size": 28.72,
					"No of Requests to Load Page": 11.21
				},
				"TCS": {
					"First Response Time": 0.44,
					"Perceived Response Time": 2.67,
					"Actual Response Time": 4.26,
					"Page Size": 82.62,
					"No of Requests to Load Page": 49.96
				}
			}
		}
	},
	"network": {
		"non-cached": {
			"Mobile 3G": {
				"Infosys": {
					"First Response Time": 0.72,
					"Perceived Response Time": 4.44,
					"Actual Response Time": 4.49,
					"Page Size": 1262.51,
					"No of Requests to Load Page": 39.21
				},
				"TCS": {
					"First Response Time": 0.45,
					"Perceived Response Time": 3.9,
					"Actual Response Time": 6.43,
					"Page Size": 975.79,
					"No of Requests to Load Page": 63.22
				},
				"Mindtree": {
					"First Response Time": 0.47,
					"Perceived Response Time": 8.18,
					"Actual Response Time": 11.84,
					"Page Size": 3536.22,
					"No of Requests to Load Page": 78.83
				}
			},
			"Cable": {
				"Mindtree": {
					"First Response Time": 0.53,
					"Perceived Response Time": 13.31,
					"Actual Response Time": 17.35,
					"Page Size": 3539.08,
					"No of Requests to Load Page": 80
				},
				"Infosys": {
					"First Response Time": 0.46,
					"Perceived Response Time": 5.34,
					"Actual Response Time": 5.39,
					"Page Size": 1264.82,
					"No of Requests to Load Page": 39.63
				},
				"TCS": {
					"First Response Time": 0.78,
					"Perceived Response Time": 5.3,
					"Actual Response Time": 8.18,
					"Page Size": 984.48,
					"No of Requests to Load Page": 63.29
				}
			}
		},
		"cached": {
			"Mobile 3G": {
				"Infosys": {
					"First Response Time": 0.38,
					"Perceived Response Time": 3.11,
					"Actual Response Time": 3.11,
					"Page Size": 42.68,
					"No of Requests to Load Page": 9.46
				},
				"TCS": {
					"First Response Time": 0.39,
					"Perceived Response Time": 3.61,
					"Actual Response Time": 4.57,
					"Page Size": 113.46,
					"No of Requests to Load Page": 49.39
				},
				"Mindtree": {
					"First Response Time": 0.75,
					"Perceived Response Time": 5.75,
					"Actual Response Time": 8.25,
					"Page Size": 91.55,
					"No of Requests to Load Page": 30.96
				}
			},
			"Cable": {
				"Mindtree": {
					"First Response Time": 0.48,
					"Perceived Response Time": 5.95,
					"Actual Response Time": 8.49,
					"Page Size": 84.31,
					"No of Requests to Load Page": 30.25
				},
				"Infosys": {
					"First Response Time": 0.59,
					"Perceived Response Time": 3.41,
					"Actual Response Time": 3.42,
					"Page Size": 41.69,
					"No of Requests to Load Page": 9.63
				},
				"TCS": {
					"First Response Time": 0.4,
					"Perceived Response Time": 3.02,
					"Actual Response Time": 4.44,
					"Page Size": 100.09,
					"No of Requests to Load Page": 49.5
				}
			}
		}
	},
	"testProfiles": {
		"dateAndTime": {
			"StartDate": "2015-12-07",
			"StartTime": "03:10:00",
			"EndDate": "2015-12-07",
			"EndTime": "21:10:00"
		},
		"URLSTested": [{
			"url": "http:\/\/www.tcs.com",
			"label": "homepage",
			"labelgroup": "TCS"
		}, {
			"url": "http:\/\/www.infosys.com",
			"label": "homepage",
			"labelgroup": "Infosys"
		}, {
			"url": "http:\/\/www.mindtree.com",
			"label": "homepage",
			"labelgroup": "Mindtree"
		}],
		"locations": ["SouthAfrica",
			"SanJose",
			"HongKong",
			"Prague"
		],
		"browsers": ["Chrome",
			"Firefox"
		],
		"networks": ["Cable",
			"Mobile 3G"
		]
	}
}