{
	"startRender": "2",
	"rtt": "152",
	"docComplete": "8",
	"fullyLoaded": "14",
	"breakdown": "{\"html\":{\"color\":[130,181,252],\"bytes\":45466,\"requests\":5},\"js\":{\"color\":[254,197,132],\"bytes\":382432,\"requests\":21},\"css\":{\"color\":[178,234,148],\"bytes\":23330,\"requests\":4},\"image\":{\"color\":[196,154,232],\"bytes\":722900,\"requests\":29},\"flash\":{\"color\":[45,183,193],\"bytes\":0,\"requests\":0},\"font\":{\"color\":[255,82,62],\"bytes\":0,\"requests\":0},\"other\":{\"color\":[196,196,196],\"bytes\":9162,\"requests\":6}}",
	"domains": "{\"m_addthisedge_com\":{\"bytes\":777,\"requests\":1,\"cdn_provider\":\"Cloudflare\",\"connections\":1},\"api_demandbase_com\":{\"bytes\":864,\"requests\":1,\"cdn_provider\":\"Amazon CloudFront\",\"connections\":1},\"scripts_demandbase_com\":{\"bytes\":6926,\"requests\":1,\"cdn_provider\":\"Amazon CloudFront\",\"connections\":1},\"snap_licdn_com\":{\"bytes\":8041,\"requests\":1,\"cdn_provider\":\"Akamai\",\"connections\":1},\"dc_ads_linkedin_com\":{\"bytes\":318,\"requests\":1,\"connections\":1},\"ap-southeast-1_dc_ads_linkedin_com\":{\"bytes\":722,\"requests\":1,\"connections\":1},\"120-ptn-868_mktoresp_com\":{\"bytes\":603,\"requests\":1,\"connections\":1},\"www_googletagmanager_com\":{\"bytes\":18784,\"requests\":1,\"cdn_provider\":\"Google\",\"connections\":1},\"js_bizographics_com\":{\"bytes\":381,\"requests\":1,\"cdn_provider\":\"Amazon CloudFront\",\"connections\":1},\"www_bizographics_com\":{\"bytes\":336,\"requests\":1,\"connections\":1},\"www_google-analytics_com\":{\"bytes\":12012,\"requests\":2,\"cdn_provider\":\"Google\",\"connections\":1},\"www_tcs_com\":{\"bytes\":891823,\"requests\":40,\"cdn_provider\":\"Akamai\",\"connections\":7},\"s7_addthis_com\":{\"bytes\":224834,\"requests\":5,\"cdn_provider\":\"Cloudflare\",\"connections\":3},\"m_addthis_com\":{\"bytes\":1004,\"requests\":1,\"cdn_provider\":\"Cloudflare\",\"connections\":1},\"secure_adnxs_com\":{\"bytes\":558,\"requests\":1,\"connections\":1},\"a_company-target_com\":{\"bytes\":1777,\"requests\":3,\"connections\":2},\"b_company-target_com\":{\"bytes\":1435,\"requests\":1,\"cdn_provider\":\"Amazon CloudFront\",\"connections\":1},\"ocsp_digicert_com\":{\"bytes\":2364,\"requests\":3,\"cdn_provider\":\"Edgecast\",\"connections\":3},\"ocsp_godaddy_com\":{\"bytes\":6798,\"requests\":3,\"connections\":3},\"munchkin_marketo_net\":{\"bytes\":5286,\"requests\":2,\"cdn_provider\":\"Akamai\",\"connections\":1}}",
	"ttfb": "1637",
	"requests": "64",
	"bytesin": "1223"
}