{
	"startRender": "2",
	"rtt": "151",
	"docComplete": "6",
	"fullyLoaded": "7",
	"breakdown": "{\"html\":{\"color\":[130,181,252],\"bytes\":64313,\"requests\":13},\"js\":{\"color\":[254,197,132],\"bytes\":4707,\"requests\":8},\"css\":{\"color\":[178,234,148],\"bytes\":495,\"requests\":2},\"image\":{\"color\":[196,154,232],\"bytes\":165666,\"requests\":41},\"flash\":{\"color\":[45,183,193],\"bytes\":0,\"requests\":0},\"font\":{\"color\":[255,82,62],\"bytes\":0,\"requests\":0},\"other\":{\"color\":[196,196,196],\"bytes\":2364,\"requests\":3}}",
	"domains": "{\"match_adsrvr_org\":{\"bytes\":1709,\"requests\":2,\"connections\":1},\"r_nexac_com\":{\"bytes\":307,\"requests\":1,\"connections\":1},\"p_adsymptotic_com\":{\"bytes\":998,\"requests\":2,\"connections\":1},\"m_addthisedge_com\":{\"bytes\":254,\"requests\":1,\"cdn_provider\":\"Cloudflare\",\"connections\":1},\"api_demandbase_com\":{\"bytes\":864,\"requests\":1,\"cdn_provider\":\"Amazon CloudFront\",\"connections\":1},\"scripts_demandbase_com\":{\"bytes\":386,\"requests\":1,\"cdn_provider\":\"Amazon CloudFront\",\"connections\":1},\"sync_mathtag_com\":{\"bytes\":1917,\"requests\":3,\"connections\":2},\"addthis_mathtag_com\":{\"bytes\":390,\"requests\":1,\"cdn_provider\":\"Cloudflare\",\"connections\":1},\"tags_bluekai_com\":{\"bytes\":3564,\"requests\":5,\"connections\":2},\"dc_ads_linkedin_com\":{\"bytes\":568,\"requests\":1,\"connections\":1},\"a_tribalfusion_com\":{\"bytes\":1176,\"requests\":2,\"connections\":1},\"120-ptn-868_mktoresp_com\":{\"bytes\":603,\"requests\":1,\"connections\":1},\"www_google-analytics_com\":{\"bytes\":296,\"requests\":2,\"cdn_provider\":\"Google\",\"connections\":1},\"www_tcs_com\":{\"bytes\":186190,\"requests\":34,\"cdn_provider\":\"Akamai\",\"connections\":6},\"s7_addthis_com\":{\"bytes\":28379,\"requests\":1,\"cdn_provider\":\"Cloudflare\",\"connections\":1},\"m_addthis_com\":{\"bytes\":1481,\"requests\":1,\"cdn_provider\":\"Cloudflare\",\"connections\":1},\"su_addthis_com\":{\"bytes\":4048,\"requests\":7,\"cdn_provider\":\"Cloudflare\",\"connections\":5},\"secure_adnxs_com\":{\"bytes\":558,\"requests\":1,\"connections\":1},\"a_company-target_com\":{\"bytes\":1314,\"requests\":2,\"connections\":2},\"b_company-target_com\":{\"bytes\":422,\"requests\":1,\"cdn_provider\":\"Amazon CloudFront\",\"connections\":1},\"ocsp_digicert_com\":{\"bytes\":2364,\"requests\":3,\"cdn_provider\":\"Edgecast\",\"connections\":1},\"cm_g_doubleclick_net\":{\"bytes\":3174,\"requests\":3,\"cdn_provider\":\"Google\",\"connections\":1},\"bcp_crwdcntrl_net\":{\"bytes\":1399,\"requests\":2,\"connections\":1}}",
	"ttfb": "1104",
	"requests": "76",
	"bytesin": "274"
}