[{
	"executionId": "5841770094a60a1435000033",
	"label": "tcs",
	"executionTime": 1480684637,
	"location": "ec2-ap-southeast-2",
	"browser": "Firefox",
	"network": "3GFast ",
	"firstView": {
		"startRender": "2",
		"rtt": "152",
		"docComplete": "8",
		"fullyLoaded": "14",
		"breakdown": "{\"html\":{\"color\":[130,181,252],\"bytes\":45466,\"requests\":5},\"js\":{\"color\":[254,197,132],\"bytes\":382432,\"requests\":21},\"css\":{\"color\":[178,234,148],\"bytes\":23330,\"requests\":4},\"image\":{\"color\":[196,154,232],\"bytes\":722900,\"requests\":29},\"flash\":{\"color\":[45,183,193],\"bytes\":0,\"requests\":0},\"font\":{\"color\":[255,82,62],\"bytes\":0,\"requests\":0},\"other\":{\"color\":[196,196,196],\"bytes\":9162,\"requests\":6}}",
		"domains": "{\"m_addthisedge_com\":{\"bytes\":777,\"requests\":1,\"cdn_provider\":\"Cloudflare\",\"connections\":1},\"api_demandbase_com\":{\"bytes\":864,\"requests\":1,\"cdn_provider\":\"Amazon CloudFront\",\"connections\":1},\"scripts_demandbase_com\":{\"bytes\":6926,\"requests\":1,\"cdn_provider\":\"Amazon CloudFront\",\"connections\":1},\"snap_licdn_com\":{\"bytes\":8041,\"requests\":1,\"cdn_provider\":\"Akamai\",\"connections\":1},\"dc_ads_linkedin_com\":{\"bytes\":318,\"requests\":1,\"connections\":1},\"ap-southeast-1_dc_ads_linkedin_com\":{\"bytes\":722,\"requests\":1,\"connections\":1},\"120-ptn-868_mktoresp_com\":{\"bytes\":603,\"requests\":1,\"connections\":1},\"www_googletagmanager_com\":{\"bytes\":18784,\"requests\":1,\"cdn_provider\":\"Google\",\"connections\":1},\"js_bizographics_com\":{\"bytes\":381,\"requests\":1,\"cdn_provider\":\"Amazon CloudFront\",\"connections\":1},\"www_bizographics_com\":{\"bytes\":336,\"requests\":1,\"connections\":1},\"www_google-analytics_com\":{\"bytes\":12012,\"requests\":2,\"cdn_provider\":\"Google\",\"connections\":1},\"www_tcs_com\":{\"bytes\":891823,\"requests\":40,\"cdn_provider\":\"Akamai\",\"connections\":7},\"s7_addthis_com\":{\"bytes\":224834,\"requests\":5,\"cdn_provider\":\"Cloudflare\",\"connections\":3},\"m_addthis_com\":{\"bytes\":1004,\"requests\":1,\"cdn_provider\":\"Cloudflare\",\"connections\":1},\"secure_adnxs_com\":{\"bytes\":558,\"requests\":1,\"connections\":1},\"a_company-target_com\":{\"bytes\":1777,\"requests\":3,\"connections\":2},\"b_company-target_com\":{\"bytes\":1435,\"requests\":1,\"cdn_provider\":\"Amazon CloudFront\",\"connections\":1},\"ocsp_digicert_com\":{\"bytes\":2364,\"requests\":3,\"cdn_provider\":\"Edgecast\",\"connections\":3},\"ocsp_godaddy_com\":{\"bytes\":6798,\"requests\":3,\"connections\":3},\"munchkin_marketo_net\":{\"bytes\":5286,\"requests\":2,\"cdn_provider\":\"Akamai\",\"connections\":1}}",
		"ttfb": "1637",
		"requests": "64",
		"bytesin": "1223"
	},
	"repeatView": {
		"startRender": "2",
		"rtt": "151",
		"docComplete": "6",
		"fullyLoaded": "7",
		"breakdown": "{\"html\":{\"color\":[130,181,252],\"bytes\":64313,\"requests\":13},\"js\":{\"color\":[254,197,132],\"bytes\":4707,\"requests\":8},\"css\":{\"color\":[178,234,148],\"bytes\":495,\"requests\":2},\"image\":{\"color\":[196,154,232],\"bytes\":165666,\"requests\":41},\"flash\":{\"color\":[45,183,193],\"bytes\":0,\"requests\":0},\"font\":{\"color\":[255,82,62],\"bytes\":0,\"requests\":0},\"other\":{\"color\":[196,196,196],\"bytes\":2364,\"requests\":3}}",
		"domains": "{\"match_adsrvr_org\":{\"bytes\":1709,\"requests\":2,\"connections\":1},\"r_nexac_com\":{\"bytes\":307,\"requests\":1,\"connections\":1},\"p_adsymptotic_com\":{\"bytes\":998,\"requests\":2,\"connections\":1},\"m_addthisedge_com\":{\"bytes\":254,\"requests\":1,\"cdn_provider\":\"Cloudflare\",\"connections\":1},\"api_demandbase_com\":{\"bytes\":864,\"requests\":1,\"cdn_provider\":\"Amazon CloudFront\",\"connections\":1},\"scripts_demandbase_com\":{\"bytes\":386,\"requests\":1,\"cdn_provider\":\"Amazon CloudFront\",\"connections\":1},\"sync_mathtag_com\":{\"bytes\":1917,\"requests\":3,\"connections\":2},\"addthis_mathtag_com\":{\"bytes\":390,\"requests\":1,\"cdn_provider\":\"Cloudflare\",\"connections\":1},\"tags_bluekai_com\":{\"bytes\":3564,\"requests\":5,\"connections\":2},\"dc_ads_linkedin_com\":{\"bytes\":568,\"requests\":1,\"connections\":1},\"a_tribalfusion_com\":{\"bytes\":1176,\"requests\":2,\"connections\":1},\"120-ptn-868_mktoresp_com\":{\"bytes\":603,\"requests\":1,\"connections\":1},\"www_google-analytics_com\":{\"bytes\":296,\"requests\":2,\"cdn_provider\":\"Google\",\"connections\":1},\"www_tcs_com\":{\"bytes\":186190,\"requests\":34,\"cdn_provider\":\"Akamai\",\"connections\":6},\"s7_addthis_com\":{\"bytes\":28379,\"requests\":1,\"cdn_provider\":\"Cloudflare\",\"connections\":1},\"m_addthis_com\":{\"bytes\":1481,\"requests\":1,\"cdn_provider\":\"Cloudflare\",\"connections\":1},\"su_addthis_com\":{\"bytes\":4048,\"requests\":7,\"cdn_provider\":\"Cloudflare\",\"connections\":5},\"secure_adnxs_com\":{\"bytes\":558,\"requests\":1,\"connections\":1},\"a_company-target_com\":{\"bytes\":1314,\"requests\":2,\"connections\":2},\"b_company-target_com\":{\"bytes\":422,\"requests\":1,\"cdn_provider\":\"Amazon CloudFront\",\"connections\":1},\"ocsp_digicert_com\":{\"bytes\":2364,\"requests\":3,\"cdn_provider\":\"Edgecast\",\"connections\":1},\"cm_g_doubleclick_net\":{\"bytes\":3174,\"requests\":3,\"cdn_provider\":\"Google\",\"connections\":1},\"bcp_crwdcntrl_net\":{\"bytes\":1399,\"requests\":2,\"connections\":1}}",
		"ttfb": "1104",
		"requests": "76",
		"bytesin": "274"
	}
},
{
	"executionId": "5841770094a60a143500002a",
	"label": "mindtree",
	"executionTime": 1480684637,
	"location": "SanJose",
	"browser": "Chrome",
	"network": "Cable",
	"firstView": {
		"startRender": "1",
		"rtt": "65",
		"docComplete": "10",
		"fullyLoaded": "11",
		"breakdown": "{\"html\":{\"color\":[130,181,252],\"bytes\":37628,\"requests\":22},\"js\":{\"color\":[254,197,132],\"bytes\":557036,\"requests\":28},\"css\":{\"color\":[178,234,148],\"bytes\":112393,\"requests\":8},\"image\":{\"color\":[196,154,232],\"bytes\":1667291,\"requests\":48},\"flash\":{\"color\":[45,183,193],\"bytes\":0,\"requests\":0},\"font\":{\"color\":[255,82,62],\"bytes\":169215,\"requests\":4},\"other\":{\"color\":[196,196,196],\"bytes\":0,\"requests\":0}}",
		"domains": "{\"match_adsrvr_org\":{\"bytes\":1901,\"requests\":2,\"connections\":1},\"insight_adsrvr_org\":{\"bytes\":777,\"requests\":1,\"connections\":1},\"trc_taboola_com\":{\"bytes\":754,\"requests\":1,\"cdn_provider\":\"Akamai\",\"connections\":1},\"cdn_taboola_com\":{\"bytes\":2012,\"requests\":1,\"cdn_provider\":\"Akamai\",\"connections\":1},\"weborama_ndf_weborama_com\":{\"bytes\":1777,\"requests\":3,\"connections\":1},\"e_nexac_com\":{\"bytes\":1178,\"requests\":2,\"connections\":1},\"p_nexac_com\":{\"bytes\":1138,\"requests\":2,\"connections\":1},\"pixel_tapad_com\":{\"bytes\":1221,\"requests\":2,\"connections\":1},\"www_mindtree_com\":{\"bytes\":2027220,\"requests\":30,\"connections\":6},\"cse_google_com\":{\"bytes\":80024,\"requests\":3,\"cdn_provider\":\"Google\",\"connections\":2},\"www_google_com\":{\"bytes\":108511,\"requests\":10,\"cdn_provider\":\"Google\",\"connections\":2},\"api_demandbase_com\":{\"bytes\":869,\"requests\":1,\"cdn_provider\":\"Amazon CloudFront\",\"connections\":1},\"scripts_demandbase_com\":{\"bytes\":7709,\"requests\":1,\"cdn_provider\":\"Amazon CloudFront\",\"connections\":1},\"s_thebrighttag_com\":{\"bytes\":1274,\"requests\":2,\"connections\":2},\"script_crazyegg_com\":{\"bytes\":479,\"requests\":1,\"cdn_provider\":\"Amazon CloudFront\",\"connections\":1},\"b_scorecardresearch_com\":{\"bytes\":1051,\"requests\":2,\"cdn_provider\":\"Akamai\",\"connections\":1},\"www_facebook_com\":{\"bytes\":341,\"requests\":2,\"cdn_provider\":\"Facebook\",\"connections\":1},\"tag_crsspxl_com\":{\"bytes\":623,\"requests\":1,\"connections\":1},\"snap_licdn_com\":{\"bytes\":8041,\"requests\":1,\"cdn_provider\":\"Akamai\",\"connections\":1},\"rc_rlcdn_com\":{\"bytes\":2118,\"requests\":4,\"cdn_provider\":\"Reapleaf\",\"connections\":2},\"maxcdn_bootstrapcdn_com\":{\"bytes\":71948,\"requests\":2,\"cdn_provider\":\"NetDNA\",\"connections\":2},\"dc_ads_linkedin_com\":{\"bytes\":288,\"requests\":1,\"connections\":1},\"us-west-2_dc_ads_linkedin_com\":{\"bytes\":680,\"requests\":1,\"connections\":1},\"itag_ads_linkedin_com\":{\"bytes\":22992,\"requests\":1,\"cdn_provider\":\"Amazon CloudFront\",\"connections\":1},\"aa_agkn_com\":{\"bytes\":470,\"requests\":1,\"connections\":1},\"d_agkn_com\":{\"bytes\":643,\"requests\":1,\"connections\":1},\"574-lhh-431_mktoresp_com\":{\"bytes\":616,\"requests\":1,\"connections\":1},\"www_googletagmanager_com\":{\"bytes\":28089,\"requests\":1,\"cdn_provider\":\"Google\",\"connections\":1},\"static_ads-twitter_com\":{\"bytes\":2627,\"requests\":1,\"cdn_provider\":\"Fastly\",\"connections\":1},\"platform_twitter_com\":{\"bytes\":33727,\"requests\":2,\"cdn_provider\":\"Fastly\",\"connections\":2},\"analytics_twitter_com\":{\"bytes\":597,\"requests\":1,\"connections\":1},\"js_bizographics_com\":{\"bytes\":384,\"requests\":1,\"cdn_provider\":\"Amazon CloudFront\",\"connections\":1},\"www_bizographics_com\":{\"bytes\":301,\"requests\":1,\"connections\":1},\"www_google-analytics_com\":{\"bytes\":12579,\"requests\":3,\"cdn_provider\":\"Google\",\"connections\":1},\"www_googleadservices_com\":{\"bytes\":5666,\"requests\":1,\"cdn_provider\":\"Google\",\"connections\":1},\"stpix_media6degrees_com\":{\"bytes\":1653,\"requests\":2,\"connections\":2},\"sync_sharethis_com\":{\"bytes\":360,\"requests\":1,\"connections\":1},\"edge_sharethis_com\":{\"bytes\":4403,\"requests\":1,\"cdn_provider\":\"Akamai\",\"connections\":1},\"seg_sharethis_com\":{\"bytes\":1996,\"requests\":1,\"connections\":1},\"l_sharethis_com\":{\"bytes\":1329,\"requests\":3,\"connections\":2},\"t_sharethis_com\":{\"bytes\":6935,\"requests\":3,\"cdn_provider\":\"Akamai\",\"connections\":1},\"w_sharethis_com\":{\"bytes\":79114,\"requests\":5,\"cdn_provider\":\"Akamai\",\"connections\":2},\"www_googleapis_com\":{\"bytes\":70,\"requests\":1,\"cdn_provider\":\"Google\",\"connections\":1},\"ib_adnxs_com\":{\"bytes\":1116,\"requests\":2,\"connections\":1},\"lib_adnxs_com\":{\"bytes\":558,\"requests\":1,\"connections\":1},\"secure_adnxs_com\":{\"bytes\":558,\"requests\":1,\"connections\":1},\"pixel_rubiconproject_com\":{\"bytes\":2160,\"requests\":3,\"connections\":1},\"pi_pardot_com\":{\"bytes\":478,\"requests\":1,\"connections\":1},\"cdn_pardot_com\":{\"bytes\":2445,\"requests\":1,\"cdn_provider\":\"NetDNA\",\"connections\":1},\"t_co\":{\"bytes\":662,\"requests\":1,\"connections\":1},\"idsync_weborama_fr\":{\"bytes\":851,\"requests\":2,\"connections\":1},\"ps_eyeota_net\":{\"bytes\":582,\"requests\":2,\"connections\":1},\"vmweb_net\":{\"bytes\":1620,\"requests\":1,\"connections\":1},\"cm_g_doubleclick_net\":{\"bytes\":944,\"requests\":1,\"cdn_provider\":\"Google\",\"connections\":1},\"googleads_g_doubleclick_net\":{\"bytes\":775,\"requests\":1,\"cdn_provider\":\"Google\",\"connections\":1},\"stats_g_doubleclick_net\":{\"bytes\":700,\"requests\":1,\"cdn_provider\":\"Google\",\"connections\":1},\"4754632_fls_doubleclick_net\":{\"bytes\":2283,\"requests\":2,\"cdn_provider\":\"Google\",\"connections\":1},\"connect_facebook_net\":{\"bytes\":5319,\"requests\":1,\"cdn_provider\":\"Facebook\",\"connections\":1},\"bcp_crwdcntrl_net\":{\"bytes\":1231,\"requests\":2,\"connections\":1},\"munchkin_marketo_net\":{\"bytes\":5374,\"requests\":2,\"cdn_provider\":\"Akamai\",\"connections\":1},\"px_owneriq_net\":{\"bytes\":1799,\"requests\":3,\"cdn_provider\":\"Akamai\",\"connections\":3}}",
		"ttfb": "296",
		"requests": "126",
		"bytesin": "2572"
	},
	"repeatView": {
		"startRender": "1",
		"rtt": "66",
		"docComplete": "6",
		"fullyLoaded": "7",
		"breakdown": "{\"html\":{\"color\":[130,181,252],\"bytes\":23198,\"requests\":14},\"js\":{\"color\":[254,197,132],\"bytes\":36841,\"requests\":5},\"css\":{\"color\":[178,234,148],\"bytes\":0,\"requests\":0},\"image\":{\"color\":[196,154,232],\"bytes\":14702,\"requests\":28},\"flash\":{\"color\":[45,183,193],\"bytes\":0,\"requests\":0},\"font\":{\"color\":[255,82,62],\"bytes\":0,\"requests\":0},\"other\":{\"color\":[196,196,196],\"bytes\":0,\"requests\":0}}",
		"domains": "{\"match_adsrvr_org\":{\"bytes\":1981,\"requests\":2,\"connections\":1},\"insight_adsrvr_org\":{\"bytes\":808,\"requests\":1,\"connections\":1},\"trc_taboola_com\":{\"bytes\":753,\"requests\":1,\"cdn_provider\":\"Akamai\",\"connections\":1},\"cdn_taboola_com\":{\"bytes\":347,\"requests\":1,\"cdn_provider\":\"Akamai\",\"connections\":1},\"weborama_ndf_weborama_com\":{\"bytes\":505,\"requests\":1,\"connections\":1},\"p_nexac_com\":{\"bytes\":548,\"requests\":1,\"connections\":1},\"pixel_tapad_com\":{\"bytes\":611,\"requests\":1,\"connections\":1},\"www_mindtree_com\":{\"bytes\":11798,\"requests\":2,\"connections\":1},\"cse_google_com\":{\"bytes\":1733,\"requests\":1,\"cdn_provider\":\"Google\",\"connections\":1},\"www_google_com\":{\"bytes\":1326,\"requests\":6,\"cdn_provider\":\"Google\",\"connections\":2},\"api_demandbase_com\":{\"bytes\":869,\"requests\":1,\"cdn_provider\":\"Amazon CloudFront\",\"connections\":1},\"scripts_demandbase_com\":{\"bytes\":358,\"requests\":1,\"cdn_provider\":\"Amazon CloudFront\",\"connections\":1},\"sync_mathtag_com\":{\"bytes\":1262,\"requests\":2,\"connections\":1},\"s_thebrighttag_com\":{\"bytes\":354,\"requests\":1,\"connections\":1},\"script_crazyegg_com\":{\"bytes\":362,\"requests\":1,\"cdn_provider\":\"Amazon CloudFront\",\"connections\":1},\"b_scorecardresearch_com\":{\"bytes\":248,\"requests\":1,\"cdn_provider\":\"Akamai\",\"connections\":1},\"www_facebook_com\":{\"bytes\":298,\"requests\":2,\"cdn_provider\":\"Facebook\",\"connections\":1},\"tag_crsspxl_com\":{\"bytes\":492,\"requests\":1,\"connections\":1},\"idsync_rlcdn_com\":{\"bytes\":1662,\"requests\":2,\"cdn_provider\":\"Reapleaf\",\"connections\":2},\"rc_rlcdn_com\":{\"bytes\":2104,\"requests\":2,\"cdn_provider\":\"Reapleaf\",\"connections\":2},\"dc_ads_linkedin_com\":{\"bytes\":526,\"requests\":1,\"connections\":1},\"itag_ads_linkedin_com\":{\"bytes\":416,\"requests\":1,\"cdn_provider\":\"Amazon CloudFront\",\"connections\":1},\"aa_agkn_com\":{\"bytes\":834,\"requests\":2,\"connections\":2},\"d_agkn_com\":{\"bytes\":1283,\"requests\":2,\"connections\":1},\"cms_analytics_yahoo_com\":{\"bytes\":231,\"requests\":1,\"connections\":1},\"574-lhh-431_mktoresp_com\":{\"bytes\":616,\"requests\":1,\"connections\":1},\"platform_twitter_com\":{\"bytes\":33727,\"requests\":2,\"cdn_provider\":\"Fastly\",\"connections\":2},\"analytics_twitter_com\":{\"bytes\":522,\"requests\":1,\"connections\":1},\"www_google-analytics_com\":{\"bytes\":299,\"requests\":2,\"cdn_provider\":\"Google\",\"connections\":1},\"stpix_media6degrees_com\":{\"bytes\":905,\"requests\":1,\"connections\":1},\"sync_sharethis_com\":{\"bytes\":360,\"requests\":1,\"connections\":1},\"seg_sharethis_com\":{\"bytes\":1706,\"requests\":1,\"connections\":1},\"l_sharethis_com\":{\"bytes\":887,\"requests\":3,\"connections\":2},\"t_sharethis_com\":{\"bytes\":2108,\"requests\":2,\"cdn_provider\":\"Akamai\",\"connections\":1},\"www_googleapis_com\":{\"bytes\":70,\"requests\":1,\"cdn_provider\":\"Google\",\"connections\":1},\"ib_adnxs_com\":{\"bytes\":558,\"requests\":1,\"connections\":1},\"lib_adnxs_com\":{\"bytes\":558,\"requests\":1,\"connections\":1},\"secure_adnxs_com\":{\"bytes\":558,\"requests\":1,\"connections\":1},\"pi_pardot_com\":{\"bytes\":478,\"requests\":1,\"connections\":1},\"t_co\":{\"bytes\":662,\"requests\":1,\"connections\":1},\"ps_eyeota_net\":{\"bytes\":171,\"requests\":1,\"connections\":1},\"vmweb_net\":{\"bytes\":1620,\"requests\":1,\"connections\":1},\"cm_g_doubleclick_net\":{\"bytes\":1400,\"requests\":2,\"cdn_provider\":\"Google\",\"connections\":1},\"googleads_g_doubleclick_net\":{\"bytes\":775,\"requests\":1,\"cdn_provider\":\"Google\",\"connections\":1},\"4754632_fls_doubleclick_net\":{\"bytes\":1755,\"requests\":2,\"cdn_provider\":\"Google\",\"connections\":1},\"bcp_crwdcntrl_net\":{\"bytes\":280,\"requests\":1,\"connections\":1},\"dpm_demdex_net\":{\"bytes\":1419,\"requests\":2,\"connections\":1}}",
		"ttfb": "188",
		"requests": "64",
		"bytesin": "131"
	}
},
{
	"executionId": "5841770094a60a143500002c",
	"label": "mindtree",
	"executionTime": 1480684637,
	"location": "ec2-ap-southeast-2",
	"browser": "Firefox",
	"network": "Cable",
	"firstView": {
		"startRender": "3",
		"rtt": "202",
		"docComplete": "14",
		"fullyLoaded": "21",
		"breakdown": "{\"html\":{\"color\":[130,181,252],\"bytes\":39038,\"requests\":22},\"js\":{\"color\":[254,197,132],\"bytes\":556252,\"requests\":28},\"css\":{\"color\":[178,234,148],\"bytes\":112437,\"requests\":8},\"image\":{\"color\":[196,154,232],\"bytes\":1665668,\"requests\":44},\"flash\":{\"color\":[45,183,193],\"bytes\":0,\"requests\":0},\"font\":{\"color\":[255,82,62],\"bytes\":169215,\"requests\":4},\"other\":{\"color\":[196,196,196],\"bytes\":11224,\"requests\":9}}",
		"domains": "{\"match_adsrvr_org\":{\"bytes\":3051,\"requests\":3,\"connections\":2},\"insight_adsrvr_org\":{\"bytes\":744,\"requests\":1,\"connections\":1},\"ml314_com\":{\"bytes\":1608,\"requests\":2,\"connections\":1},\"perpro25-as1a_ml314_com\":{\"bytes\":287,\"requests\":1,\"connections\":1},\"trc_taboola_com\":{\"bytes\":822,\"requests\":1,\"cdn_provider\":\"Akamai\",\"connections\":1},\"cdn_taboola_com\":{\"bytes\":2012,\"requests\":1,\"cdn_provider\":\"Akamai\",\"connections\":1},\"p_rfihub_com\":{\"bytes\":948,\"requests\":1,\"connections\":1},\"p_nexac_com\":{\"bytes\":1138,\"requests\":2,\"connections\":1},\"pixel_tapad_com\":{\"bytes\":611,\"requests\":1,\"connections\":1},\"ss_symcd_com\":{\"bytes\":1964,\"requests\":1,\"cdn_provider\":\"Akamai\",\"connections\":1},\"www_mindtree_com\":{\"bytes\":2027221,\"requests\":30,\"connections\":6},\"cse_google_com\":{\"bytes\":80022,\"requests\":3,\"cdn_provider\":\"Google\",\"connections\":2},\"www_google_com\":{\"bytes\":110295,\"requests\":10,\"cdn_provider\":\"Google\",\"connections\":3},\"api_demandbase_com\":{\"bytes\":865,\"requests\":1,\"cdn_provider\":\"Amazon CloudFront\",\"connections\":1},\"scripts_demandbase_com\":{\"bytes\":7707,\"requests\":1,\"cdn_provider\":\"Amazon CloudFront\",\"connections\":1},\"s_thebrighttag_com\":{\"bytes\":1286,\"requests\":2,\"connections\":2},\"script_crazyegg_com\":{\"bytes\":480,\"requests\":1,\"cdn_provider\":\"Amazon CloudFront\",\"connections\":1},\"b_scorecardresearch_com\":{\"bytes\":1051,\"requests\":2,\"cdn_provider\":\"Akamai\",\"connections\":1},\"tags_bluekai_com\":{\"bytes\":1133,\"requests\":2,\"connections\":1},\"www_facebook_com\":{\"bytes\":514,\"requests\":2,\"cdn_provider\":\"Facebook\",\"connections\":2},\"tag_crsspxl_com\":{\"bytes\":623,\"requests\":1,\"connections\":1},\"snap_licdn_com\":{\"bytes\":8041,\"requests\":1,\"cdn_provider\":\"Akamai\",\"connections\":1},\"maxcdn_bootstrapcdn_com\":{\"bytes\":71948,\"requests\":2,\"cdn_provider\":\"NetDNA\",\"connections\":2},\"dc_ads_linkedin_com\":{\"bytes\":288,\"requests\":1,\"connections\":1},\"ap-southeast-1_dc_ads_linkedin_com\":{\"bytes\":680,\"requests\":1,\"connections\":1},\"itag_ads_linkedin_com\":{\"bytes\":22992,\"requests\":1,\"cdn_provider\":\"Amazon CloudFront\",\"connections\":1},\"aa_agkn_com\":{\"bytes\":470,\"requests\":1,\"connections\":1},\"d_agkn_com\":{\"bytes\":642,\"requests\":1,\"connections\":1},\"574-lhh-431_mktoresp_com\":{\"bytes\":616,\"requests\":1,\"connections\":1},\"ad_yieldmanager_com\":{\"bytes\":154,\"requests\":1,\"connections\":1},\"www_googletagmanager_com\":{\"bytes\":28089,\"requests\":1,\"cdn_provider\":\"Google\",\"connections\":1},\"static_ads-twitter_com\":{\"bytes\":2622,\"requests\":1,\"cdn_provider\":\"Fastly\",\"connections\":1},\"platform_twitter_com\":{\"bytes\":33478,\"requests\":2,\"cdn_provider\":\"Edgecast\",\"connections\":1},\"analytics_twitter_com\":{\"bytes\":594,\"requests\":1,\"connections\":1},\"js_bizographics_com\":{\"bytes\":380,\"requests\":1,\"cdn_provider\":\"Amazon CloudFront\",\"connections\":1},\"www_bizographics_com\":{\"bytes\":306,\"requests\":1,\"connections\":1},\"www_google-analytics_com\":{\"bytes\":12575,\"requests\":3,\"cdn_provider\":\"Google\",\"connections\":1},\"www_googleadservices_com\":{\"bytes\":5666,\"requests\":1,\"cdn_provider\":\"Google\",\"connections\":1},\"sync_sharethis_com\":{\"bytes\":360,\"requests\":1,\"connections\":1},\"edge_sharethis_com\":{\"bytes\":4403,\"requests\":1,\"cdn_provider\":\"Akamai\",\"connections\":1},\"seg_sharethis_com\":{\"bytes\":2014,\"requests\":1,\"connections\":1},\"l_sharethis_com\":{\"bytes\":1329,\"requests\":3,\"connections\":2},\"t_sharethis_com\":{\"bytes\":6934,\"requests\":3,\"cdn_provider\":\"Akamai\",\"connections\":1},\"w_sharethis_com\":{\"bytes\":79114,\"requests\":5,\"cdn_provider\":\"Akamai\",\"connections\":2},\"www_googleapis_com\":{\"bytes\":67,\"requests\":1,\"cdn_provider\":\"Google\",\"connections\":1},\"lib_adnxs_com\":{\"bytes\":558,\"requests\":1,\"connections\":1},\"secure_adnxs_com\":{\"bytes\":558,\"requests\":1,\"connections\":1},\"scm_ctnsnet_com\":{\"bytes\":511,\"requests\":1,\"connections\":1},\"pi_pardot_com\":{\"bytes\":478,\"requests\":1,\"connections\":1},\"cdn_pardot_com\":{\"bytes\":2428,\"requests\":1,\"cdn_provider\":\"NetDNA\",\"connections\":1},\"ocsp_digicert_com\":{\"bytes\":4728,\"requests\":6,\"cdn_provider\":\"Edgecast\",\"connections\":2},\"ocsp_godaddy_com\":{\"bytes\":4532,\"requests\":2,\"connections\":2},\"t_co\":{\"bytes\":664,\"requests\":1,\"connections\":1},\"ps_eyeota_net\":{\"bytes\":582,\"requests\":2,\"connections\":1},\"vmweb_net\":{\"bytes\":1616,\"requests\":1,\"connections\":1},\"cm_g_doubleclick_net\":{\"bytes\":2732,\"requests\":2,\"cdn_provider\":\"Google\",\"connections\":2},\"googleads_g_doubleclick_net\":{\"bytes\":849,\"requests\":1,\"cdn_provider\":\"Google\",\"connections\":1},\"stats_g_doubleclick_net\":{\"bytes\":695,\"requests\":1,\"cdn_provider\":\"Google\",\"connections\":1},\"4754632_fls_doubleclick_net\":{\"bytes\":1158,\"requests\":1,\"cdn_provider\":\"Google\",\"connections\":1},\"connect_facebook_net\":{\"bytes\":4746,\"requests\":1,\"cdn_provider\":\"Facebook\",\"connections\":1},\"bcp_crwdcntrl_net\":{\"bytes\":1285,\"requests\":2,\"connections\":1},\"munchkin_marketo_net\":{\"bytes\":5286,\"requests\":2,\"cdn_provider\":\"Akamai\",\"connections\":1},\"www_google_com_au\":{\"bytes\":490,\"requests\":2,\"cdn_provider\":\"Google\",\"connections\":2}}",
		"ttfb": "587",
		"requests": "120",
		"bytesin": "2622"
	},
	"repeatView": {
		"startRender": "2",
		"rtt": "202",
		"docComplete": "11",
		"fullyLoaded": "13",
		"breakdown": "{\"html\":{\"color\":[130,181,252],\"bytes\":24270,\"requests\":14},\"js\":{\"color\":[254,197,132],\"bytes\":36826,\"requests\":5},\"css\":{\"color\":[178,234,148],\"bytes\":0,\"requests\":0},\"image\":{\"color\":[196,154,232],\"bytes\":12924,\"requests\":26},\"flash\":{\"color\":[45,183,193],\"bytes\":0,\"requests\":0},\"font\":{\"color\":[255,82,62],\"bytes\":0,\"requests\":0},\"other\":{\"color\":[196,196,196],\"bytes\":6692,\"requests\":7}}",
		"domains": "{\"match_adsrvr_org\":{\"bytes\":2333,\"requests\":2,\"connections\":2},\"insight_adsrvr_org\":{\"bytes\":809,\"requests\":1,\"connections\":1},\"ml314_com\":{\"bytes\":1091,\"requests\":1,\"connections\":1},\"trc_taboola_com\":{\"bytes\":1406,\"requests\":2,\"cdn_provider\":\"Akamai\",\"connections\":1},\"cdn_taboola_com\":{\"bytes\":347,\"requests\":1,\"cdn_provider\":\"Akamai\",\"connections\":1},\"p_rfihub_com\":{\"bytes\":1196,\"requests\":1,\"connections\":1},\"p_nexac_com\":{\"bytes\":548,\"requests\":1,\"connections\":1},\"p_adsymptotic_com\":{\"bytes\":909,\"requests\":2,\"connections\":2},\"pixel_tapad_com\":{\"bytes\":611,\"requests\":1,\"connections\":1},\"ss_symcd_com\":{\"bytes\":1964,\"requests\":1,\"cdn_provider\":\"Akamai\",\"connections\":1},\"www_mindtree_com\":{\"bytes\":11799,\"requests\":2,\"connections\":1},\"cse_google_com\":{\"bytes\":1730,\"requests\":1,\"cdn_provider\":\"Google\",\"connections\":1},\"www_google_com\":{\"bytes\":2432,\"requests\":6,\"cdn_provider\":\"Google\",\"connections\":2},\"api_demandbase_com\":{\"bytes\":865,\"requests\":1,\"cdn_provider\":\"Amazon CloudFront\",\"connections\":1},\"scripts_demandbase_com\":{\"bytes\":356,\"requests\":1,\"cdn_provider\":\"Amazon CloudFront\",\"connections\":1},\"s_thebrighttag_com\":{\"bytes\":354,\"requests\":1,\"connections\":1},\"script_crazyegg_com\":{\"bytes\":363,\"requests\":1,\"cdn_provider\":\"Amazon CloudFront\",\"connections\":1},\"b_scorecardresearch_com\":{\"bytes\":248,\"requests\":1,\"cdn_provider\":\"Akamai\",\"connections\":1},\"tags_bluekai_com\":{\"bytes\":1079,\"requests\":2,\"connections\":1},\"www_facebook_com\":{\"bytes\":336,\"requests\":2,\"cdn_provider\":\"Facebook\",\"connections\":2},\"tag_crsspxl_com\":{\"bytes\":492,\"requests\":1,\"connections\":1},\"idsync_rlcdn_com\":{\"bytes\":1753,\"requests\":3,\"cdn_provider\":\"Reapleaf\",\"connections\":1},\"dc_ads_linkedin_com\":{\"bytes\":526,\"requests\":1,\"connections\":1},\"itag_ads_linkedin_com\":{\"bytes\":416,\"requests\":1,\"cdn_provider\":\"Amazon CloudFront\",\"connections\":1},\"aa_agkn_com\":{\"bytes\":650,\"requests\":1,\"connections\":1},\"d_agkn_com\":{\"bytes\":747,\"requests\":1,\"connections\":1},\"574-lhh-431_mktoresp_com\":{\"bytes\":616,\"requests\":1,\"connections\":1},\"ad_yieldmanager_com\":{\"bytes\":154,\"requests\":1,\"connections\":1},\"platform_twitter_com\":{\"bytes\":33718,\"requests\":2,\"cdn_provider\":\"Fastly\",\"connections\":2},\"analytics_twitter_com\":{\"bytes\":518,\"requests\":1,\"connections\":1},\"www_google-analytics_com\":{\"bytes\":296,\"requests\":2,\"cdn_provider\":\"Google\",\"connections\":1},\"sync_sharethis_com\":{\"bytes\":360,\"requests\":1,\"connections\":1},\"seg_sharethis_com\":{\"bytes\":1686,\"requests\":1,\"connections\":1},\"l_sharethis_com\":{\"bytes\":887,\"requests\":3,\"connections\":2},\"t_sharethis_com\":{\"bytes\":2107,\"requests\":2,\"cdn_provider\":\"Akamai\",\"connections\":1},\"www_googleapis_com\":{\"bytes\":67,\"requests\":1,\"cdn_provider\":\"Google\",\"connections\":1},\"lib_adnxs_com\":{\"bytes\":558,\"requests\":1,\"connections\":1},\"secure_adnxs_com\":{\"bytes\":558,\"requests\":1,\"connections\":1},\"pixel_rubiconproject_com\":{\"bytes\":1319,\"requests\":2,\"connections\":1},\"scm_ctnsnet_com\":{\"bytes\":633,\"requests\":1,\"connections\":1},\"pi_pardot_com\":{\"bytes\":478,\"requests\":1,\"connections\":1},\"ocsp_digicert_com\":{\"bytes\":4728,\"requests\":6,\"cdn_provider\":\"Edgecast\",\"connections\":3},\"t_co\":{\"bytes\":664,\"requests\":1,\"connections\":1},\"ps_eyeota_net\":{\"bytes\":171,\"requests\":1,\"connections\":1},\"vmweb_net\":{\"bytes\":1616,\"requests\":1,\"connections\":1},\"googleads_g_doubleclick_net\":{\"bytes\":772,\"requests\":1,\"cdn_provider\":\"Google\",\"connections\":1},\"4754632_fls_doubleclick_net\":{\"bytes\":1042,\"requests\":1,\"cdn_provider\":\"Google\",\"connections\":1},\"bcp_crwdcntrl_net\":{\"bytes\":305,\"requests\":1,\"connections\":1},\"www_google_com_au\":{\"bytes\":245,\"requests\":1,\"cdn_provider\":\"Google\",\"connections\":1}}",
		"ttfb": "695",
		"requests": "66",
		"bytesin": "161"
	}
},
{
	"executionId": "5841770094a60a1435000032",
	"label": "tcs",
	"executionTime": 1480684637,
	"location": "ec2-ap-southeast-2",
	"browser": "Firefox",
	"network": "Cable",
	"firstView": {
		"startRender": "1",
		"rtt": "31",
		"docComplete": "5",
		"fullyLoaded": "8",
		"breakdown": "{\"html\":{\"color\":[130,181,252],\"bytes\":57698,\"requests\":5},\"js\":{\"color\":[254,197,132],\"bytes\":382346,\"requests\":21},\"css\":{\"color\":[178,234,148],\"bytes\":23330,\"requests\":4},\"image\":{\"color\":[196,154,232],\"bytes\":722967,\"requests\":29},\"flash\":{\"color\":[45,183,193],\"bytes\":0,\"requests\":0},\"font\":{\"color\":[255,82,62],\"bytes\":0,\"requests\":0},\"other\":{\"color\":[196,196,196],\"bytes\":5418,\"requests\":5}}",
		"domains": "{\"m_addthisedge_com\":{\"bytes\":777,\"requests\":1,\"cdn_provider\":\"Cloudflare\",\"connections\":1},\"api_demandbase_com\":{\"bytes\":864,\"requests\":1,\"cdn_provider\":\"Amazon CloudFront\",\"connections\":1},\"scripts_demandbase_com\":{\"bytes\":6921,\"requests\":1,\"cdn_provider\":\"Amazon CloudFront\",\"connections\":1},\"snap_licdn_com\":{\"bytes\":8041,\"requests\":1,\"cdn_provider\":\"Akamai\",\"connections\":1},\"dc_ads_linkedin_com\":{\"bytes\":318,\"requests\":1,\"connections\":1},\"ap-southeast-1_dc_ads_linkedin_com\":{\"bytes\":722,\"requests\":1,\"connections\":1},\"120-ptn-868_mktoresp_com\":{\"bytes\":603,\"requests\":1,\"connections\":1},\"www_googletagmanager_com\":{\"bytes\":18784,\"requests\":1,\"cdn_provider\":\"Google\",\"connections\":1},\"js_bizographics_com\":{\"bytes\":381,\"requests\":1,\"cdn_provider\":\"Amazon CloudFront\",\"connections\":1},\"www_bizographics_com\":{\"bytes\":336,\"requests\":1,\"connections\":1},\"www_google-analytics_com\":{\"bytes\":12078,\"requests\":2,\"cdn_provider\":\"Google\",\"connections\":2},\"www_tcs_com\":{\"bytes\":904055,\"requests\":40,\"cdn_provider\":\"Akamai\",\"connections\":6},\"s7_addthis_com\":{\"bytes\":224756,\"requests\":4,\"cdn_provider\":\"Cloudflare\",\"connections\":2},\"m_addthis_com\":{\"bytes\":1002,\"requests\":1,\"cdn_provider\":\"Cloudflare\",\"connections\":1},\"secure_adnxs_com\":{\"bytes\":558,\"requests\":1,\"connections\":1},\"a_company-target_com\":{\"bytes\":1777,\"requests\":3,\"connections\":2},\"b_company-target_com\":{\"bytes\":1435,\"requests\":1,\"cdn_provider\":\"Amazon CloudFront\",\"connections\":1},\"ocsp_digicert_com\":{\"bytes\":3152,\"requests\":4,\"cdn_provider\":\"Edgecast\",\"connections\":2},\"ocsp_godaddy_com\":{\"bytes\":2266,\"requests\":1,\"connections\":1},\"munchkin_marketo_net\":{\"bytes\":5286,\"requests\":2,\"cdn_provider\":\"Akamai\",\"connections\":1}}",
		"ttfb": "945",
		"requests": "63",
		"bytesin": "1215"
	},
	"repeatView": {
		"startRender": "1",
		"rtt": "30",
		"docComplete": "4",
		"fullyLoaded": "7",
		"breakdown": "{\"html\":{\"color\":[130,181,252],\"bytes\":35934,\"requests\":12},\"js\":{\"color\":[254,197,132],\"bytes\":4710,\"requests\":8},\"css\":{\"color\":[178,234,148],\"bytes\":495,\"requests\":2},\"image\":{\"color\":[196,154,232],\"bytes\":166347,\"requests\":42},\"flash\":{\"color\":[45,183,193],\"bytes\":0,\"requests\":0},\"font\":{\"color\":[255,82,62],\"bytes\":0,\"requests\":0},\"other\":{\"color\":[196,196,196],\"bytes\":1576,\"requests\":2}}",
		"domains": "{\"match_adsrvr_org\":{\"bytes\":1709,\"requests\":2,\"connections\":1},\"r_nexac_com\":{\"bytes\":307,\"requests\":1,\"connections\":1},\"p_adsymptotic_com\":{\"bytes\":998,\"requests\":2,\"connections\":1},\"m_addthisedge_com\":{\"bytes\":254,\"requests\":1,\"cdn_provider\":\"Cloudflare\",\"connections\":1},\"api_demandbase_com\":{\"bytes\":864,\"requests\":1,\"cdn_provider\":\"Amazon CloudFront\",\"connections\":1},\"scripts_demandbase_com\":{\"bytes\":383,\"requests\":1,\"cdn_provider\":\"Amazon CloudFront\",\"connections\":1},\"sync_mathtag_com\":{\"bytes\":2532,\"requests\":4,\"connections\":2},\"addthis_mathtag_com\":{\"bytes\":390,\"requests\":1,\"cdn_provider\":\"Cloudflare\",\"connections\":1},\"tags_bluekai_com\":{\"bytes\":3567,\"requests\":5,\"connections\":1},\"dc_ads_linkedin_com\":{\"bytes\":568,\"requests\":1,\"connections\":1},\"a_tribalfusion_com\":{\"bytes\":1174,\"requests\":2,\"connections\":1},\"120-ptn-868_mktoresp_com\":{\"bytes\":603,\"requests\":1,\"connections\":1},\"www_google-analytics_com\":{\"bytes\":242,\"requests\":1,\"cdn_provider\":\"Google\",\"connections\":1},\"www_tcs_com\":{\"bytes\":186190,\"requests\":34,\"cdn_provider\":\"Akamai\",\"connections\":6},\"m_addthis_com\":{\"bytes\":1484,\"requests\":1,\"cdn_provider\":\"Cloudflare\",\"connections\":1},\"su_addthis_com\":{\"bytes\":4075,\"requests\":7,\"cdn_provider\":\"Cloudflare\",\"connections\":6},\"secure_adnxs_com\":{\"bytes\":558,\"requests\":1,\"connections\":1},\"a_company-target_com\":{\"bytes\":1314,\"requests\":2,\"connections\":2},\"b_company-target_com\":{\"bytes\":419,\"requests\":1,\"cdn_provider\":\"Amazon CloudFront\",\"connections\":1},\"ocsp_digicert_com\":{\"bytes\":1576,\"requests\":2,\"cdn_provider\":\"Edgecast\",\"connections\":2},\"cm_g_doubleclick_net\":{\"bytes\":3174,\"requests\":3,\"cdn_provider\":\"Google\",\"connections\":1},\"bcp_crwdcntrl_net\":{\"bytes\":1395,\"requests\":2,\"connections\":1}}",
		"ttfb": "472",
		"requests": "50",
		"bytesin": "237"
	}
},
{
	"executionId": "5841770094a60a143500002d",
	"label": "mindtree",
	"executionTime": 1480684637,
	"location": "ec2-ap-southeast-2",
	"browser": "Firefox",
	"network": "3GFast ",
	"firstView": {
		"startRender": "3",
		"rtt": "324",
		"docComplete": "20",
		"fullyLoaded": "28",
		"breakdown": "{\"html\":{\"color\":[130,181,252],\"bytes\":43163,\"requests\":27},\"js\":{\"color\":[254,197,132],\"bytes\":557053,\"requests\":28},\"css\":{\"color\":[178,234,148],\"bytes\":112395,\"requests\":8},\"image\":{\"color\":[196,154,232],\"bytes\":1665605,\"requests\":45},\"flash\":{\"color\":[45,183,193],\"bytes\":0,\"requests\":0},\"font\":{\"color\":[255,82,62],\"bytes\":169215,\"requests\":4},\"other\":{\"color\":[196,196,196],\"bytes\":15066,\"requests\":12}}",
		"domains": "{\"match_adsrvr_org\":{\"bytes\":5273,\"requests\":5,\"connections\":1},\"insight_adsrvr_org\":{\"bytes\":1630,\"requests\":2,\"connections\":1},\"ml314_com\":{\"bytes\":1608,\"requests\":2,\"connections\":1},\"perpro22-as1a_ml314_com\":{\"bytes\":287,\"requests\":1,\"connections\":1},\"dsum_casalemedia_com\":{\"bytes\":1952,\"requests\":2,\"cdn_provider\":\"Akamai\",\"connections\":1},\"trc_taboola_com\":{\"bytes\":824,\"requests\":1,\"cdn_provider\":\"Akamai\",\"connections\":1},\"cdn_taboola_com\":{\"bytes\":2012,\"requests\":1,\"cdn_provider\":\"Akamai\",\"connections\":1},\"p_rfihub_com\":{\"bytes\":1077,\"requests\":1,\"connections\":1},\"p_nexac_com\":{\"bytes\":1138,\"requests\":2,\"connections\":1},\"pixel_tapad_com\":{\"bytes\":611,\"requests\":1,\"connections\":1},\"ss_symcd_com\":{\"bytes\":1964,\"requests\":1,\"cdn_provider\":\"Akamai\",\"connections\":1},\"www_mindtree_com\":{\"bytes\":2027223,\"requests\":30,\"connections\":8},\"cse_google_com\":{\"bytes\":80022,\"requests\":3,\"cdn_provider\":\"Google\",\"connections\":2},\"www_google_com\":{\"bytes\":109217,\"requests\":10,\"cdn_provider\":\"Google\",\"connections\":2},\"api_demandbase_com\":{\"bytes\":865,\"requests\":1,\"cdn_provider\":\"Amazon CloudFront\",\"connections\":1},\"scripts_demandbase_com\":{\"bytes\":7707,\"requests\":1,\"cdn_provider\":\"Amazon CloudFront\",\"connections\":1},\"s_thebrighttag_com\":{\"bytes\":1286,\"requests\":2,\"connections\":2},\"script_crazyegg_com\":{\"bytes\":480,\"requests\":1,\"cdn_provider\":\"Amazon CloudFront\",\"connections\":1},\"b_scorecardresearch_com\":{\"bytes\":1052,\"requests\":2,\"cdn_provider\":\"Akamai\",\"connections\":2},\"tags_bluekai_com\":{\"bytes\":1649,\"requests\":3,\"connections\":1},\"www_facebook_com\":{\"bytes\":516,\"requests\":2,\"cdn_provider\":\"Facebook\",\"connections\":2},\"tag_crsspxl_com\":{\"bytes\":623,\"requests\":1,\"connections\":1},\"snap_licdn_com\":{\"bytes\":8041,\"requests\":1,\"cdn_provider\":\"Akamai\",\"connections\":1},\"maxcdn_bootstrapcdn_com\":{\"bytes\":71948,\"requests\":2,\"cdn_provider\":\"NetDNA\",\"connections\":2},\"dc_ads_linkedin_com\":{\"bytes\":288,\"requests\":1,\"connections\":1},\"ap-southeast-1_dc_ads_linkedin_com\":{\"bytes\":680,\"requests\":1,\"connections\":1},\"itag_ads_linkedin_com\":{\"bytes\":22992,\"requests\":1,\"cdn_provider\":\"Amazon CloudFront\",\"connections\":1},\"aa_agkn_com\":{\"bytes\":476,\"requests\":1,\"connections\":1},\"d_agkn_com\":{\"bytes\":643,\"requests\":1,\"connections\":1},\"574-lhh-431_mktoresp_com\":{\"bytes\":616,\"requests\":1,\"connections\":1},\"ad_yieldmanager_com\":{\"bytes\":154,\"requests\":1,\"connections\":1},\"www_googletagmanager_com\":{\"bytes\":28089,\"requests\":1,\"cdn_provider\":\"Google\",\"connections\":1},\"static_ads-twitter_com\":{\"bytes\":2622,\"requests\":1,\"cdn_provider\":\"Fastly\",\"connections\":1},\"platform_twitter_com\":{\"bytes\":33717,\"requests\":2,\"cdn_provider\":\"Fastly\",\"connections\":2},\"analytics_twitter_com\":{\"bytes\":594,\"requests\":1,\"connections\":1},\"js_bizographics_com\":{\"bytes\":381,\"requests\":1,\"cdn_provider\":\"Amazon CloudFront\",\"connections\":1},\"www_bizographics_com\":{\"bytes\":306,\"requests\":1,\"connections\":1},\"www_google-analytics_com\":{\"bytes\":12577,\"requests\":3,\"cdn_provider\":\"Google\",\"connections\":1},\"www_googleadservices_com\":{\"bytes\":5666,\"requests\":1,\"cdn_provider\":\"Google\",\"connections\":1},\"sync_sharethis_com\":{\"bytes\":360,\"requests\":1,\"connections\":1},\"edge_sharethis_com\":{\"bytes\":4403,\"requests\":1,\"cdn_provider\":\"Akamai\",\"connections\":1},\"seg_sharethis_com\":{\"bytes\":2014,\"requests\":1,\"connections\":1},\"l_sharethis_com\":{\"bytes\":1329,\"requests\":3,\"connections\":2},\"t_sharethis_com\":{\"bytes\":6933,\"requests\":3,\"cdn_provider\":\"Akamai\",\"connections\":1},\"w_sharethis_com\":{\"bytes\":79114,\"requests\":5,\"cdn_provider\":\"Akamai\",\"connections\":1},\"www_googleapis_com\":{\"bytes\":67,\"requests\":1,\"cdn_provider\":\"Google\",\"connections\":1},\"lib_adnxs_com\":{\"bytes\":558,\"requests\":1,\"connections\":1},\"secure_adnxs_com\":{\"bytes\":558,\"requests\":1,\"connections\":1},\"pixel_rubiconproject_com\":{\"bytes\":1320,\"requests\":2,\"connections\":1},\"scm_ctnsnet_com\":{\"bytes\":511,\"requests\":1,\"connections\":1},\"pi_pardot_com\":{\"bytes\":478,\"requests\":1,\"connections\":1},\"cdn_pardot_com\":{\"bytes\":2428,\"requests\":1,\"cdn_provider\":\"NetDNA\",\"connections\":1},\"ocsp_digicert_com\":{\"bytes\":6304,\"requests\":8,\"cdn_provider\":\"Edgecast\",\"connections\":3},\"ocsp_godaddy_com\":{\"bytes\":6798,\"requests\":3,\"connections\":3},\"t_co\":{\"bytes\":664,\"requests\":1,\"connections\":1},\"ps_eyeota_net\":{\"bytes\":582,\"requests\":2,\"connections\":1},\"vmweb_net\":{\"bytes\":1616,\"requests\":1,\"connections\":1},\"cm_g_doubleclick_net\":{\"bytes\":2320,\"requests\":2,\"cdn_provider\":\"Google\",\"connections\":1},\"googleads_g_doubleclick_net\":{\"bytes\":849,\"requests\":1,\"cdn_provider\":\"Google\",\"connections\":1},\"stats_g_doubleclick_net\":{\"bytes\":697,\"requests\":1,\"cdn_provider\":\"Google\",\"connections\":1},\"4754632_fls_doubleclick_net\":{\"bytes\":1158,\"requests\":1,\"cdn_provider\":\"Google\",\"connections\":1},\"connect_facebook_net\":{\"bytes\":5423,\"requests\":1,\"cdn_provider\":\"Facebook\",\"connections\":1},\"bcp_crwdcntrl_net\":{\"bytes\":1283,\"requests\":2,\"connections\":1},\"munchkin_marketo_net\":{\"bytes\":5286,\"requests\":2,\"cdn_provider\":\"Akamai\",\"connections\":1},\"www_google_com_au\":{\"bytes\":298,\"requests\":2,\"cdn_provider\":\"Google\",\"connections\":1}}",
		"ttfb": "870",
		"requests": "130",
		"bytesin": "2636"
	},
	"repeatView": {
		"startRender": "3",
		"rtt": "324",
		"docComplete": "13",
		"fullyLoaded": "17",
		"breakdown": "{\"html\":{\"color\":[130,181,252],\"bytes\":22304,\"requests\":12},\"js\":{\"color\":[254,197,132],\"bytes\":36826,\"requests\":5},\"css\":{\"color\":[178,234,148],\"bytes\":0,\"requests\":0},\"image\":{\"color\":[196,154,232],\"bytes\":13390,\"requests\":26},\"flash\":{\"color\":[45,183,193],\"bytes\":0,\"requests\":0},\"font\":{\"color\":[255,82,62],\"bytes\":0,\"requests\":0},\"other\":{\"color\":[196,196,196],\"bytes\":10620,\"requests\":9}}",
		"domains": "{\"match_adsrvr_org\":{\"bytes\":1055,\"requests\":1,\"connections\":1},\"insight_adsrvr_org\":{\"bytes\":942,\"requests\":1,\"connections\":1},\"ml314_com\":{\"bytes\":1091,\"requests\":1,\"connections\":1},\"trc_taboola_com\":{\"bytes\":1406,\"requests\":2,\"cdn_provider\":\"Akamai\",\"connections\":2},\"cdn_taboola_com\":{\"bytes\":347,\"requests\":1,\"cdn_provider\":\"Akamai\",\"connections\":1},\"p_rfihub_com\":{\"bytes\":1196,\"requests\":1,\"connections\":1},\"p_nexac_com\":{\"bytes\":548,\"requests\":1,\"connections\":1},\"pixel_tapad_com\":{\"bytes\":611,\"requests\":1,\"connections\":1},\"ss_symcd_com\":{\"bytes\":5892,\"requests\":3,\"cdn_provider\":\"Akamai\",\"connections\":3},\"www_mindtree_com\":{\"bytes\":11799,\"requests\":2,\"connections\":1},\"cse_google_com\":{\"bytes\":1730,\"requests\":1,\"cdn_provider\":\"Google\",\"connections\":1},\"www_google_com\":{\"bytes\":2474,\"requests\":6,\"cdn_provider\":\"Google\",\"connections\":3},\"api_demandbase_com\":{\"bytes\":865,\"requests\":1,\"cdn_provider\":\"Amazon CloudFront\",\"connections\":1},\"scripts_demandbase_com\":{\"bytes\":356,\"requests\":1,\"cdn_provider\":\"Amazon CloudFront\",\"connections\":1},\"s_thebrighttag_com\":{\"bytes\":354,\"requests\":1,\"connections\":1},\"script_crazyegg_com\":{\"bytes\":363,\"requests\":1,\"cdn_provider\":\"Amazon CloudFront\",\"connections\":1},\"b_scorecardresearch_com\":{\"bytes\":248,\"requests\":1,\"cdn_provider\":\"Akamai\",\"connections\":1},\"tags_bluekai_com\":{\"bytes\":1079,\"requests\":2,\"connections\":1},\"www_facebook_com\":{\"bytes\":336,\"requests\":2,\"cdn_provider\":\"Facebook\",\"connections\":2},\"tag_crsspxl_com\":{\"bytes\":492,\"requests\":1,\"connections\":1},\"idsync_rlcdn_com\":{\"bytes\":1755,\"requests\":3,\"cdn_provider\":\"Reapleaf\",\"connections\":2},\"dc_ads_linkedin_com\":{\"bytes\":526,\"requests\":1,\"connections\":1},\"itag_ads_linkedin_com\":{\"bytes\":416,\"requests\":1,\"cdn_provider\":\"Amazon CloudFront\",\"connections\":1},\"aa_agkn_com\":{\"bytes\":556,\"requests\":1,\"connections\":1},\"d_agkn_com\":{\"bytes\":692,\"requests\":1,\"connections\":1},\"sp_adbrn_com\":{\"bytes\":384,\"requests\":1,\"connections\":1},\"574-lhh-431_mktoresp_com\":{\"bytes\":616,\"requests\":1,\"connections\":1},\"platform_twitter_com\":{\"bytes\":33718,\"requests\":2,\"cdn_provider\":\"Fastly\",\"connections\":2},\"analytics_twitter_com\":{\"bytes\":518,\"requests\":1,\"connections\":1},\"www_google-analytics_com\":{\"bytes\":296,\"requests\":2,\"cdn_provider\":\"Google\",\"connections\":1},\"sync_sharethis_com\":{\"bytes\":360,\"requests\":1,\"connections\":1},\"seg_sharethis_com\":{\"bytes\":1704,\"requests\":1,\"connections\":1},\"l_sharethis_com\":{\"bytes\":887,\"requests\":3,\"connections\":2},\"t_sharethis_com\":{\"bytes\":2108,\"requests\":2,\"cdn_provider\":\"Akamai\",\"connections\":1},\"www_googleapis_com\":{\"bytes\":67,\"requests\":1,\"cdn_provider\":\"Google\",\"connections\":1},\"ib_adnxs_com\":{\"bytes\":558,\"requests\":1,\"connections\":1},\"lib_adnxs_com\":{\"bytes\":558,\"requests\":1,\"connections\":1},\"secure_adnxs_com\":{\"bytes\":558,\"requests\":1,\"connections\":1},\"scm_ctnsnet_com\":{\"bytes\":633,\"requests\":1,\"connections\":1},\"pi_pardot_com\":{\"bytes\":478,\"requests\":1,\"connections\":1},\"ocsp_digicert_com\":{\"bytes\":4728,\"requests\":6,\"cdn_provider\":\"Edgecast\",\"connections\":3},\"t_co\":{\"bytes\":664,\"requests\":1,\"connections\":1},\"ps_eyeota_net\":{\"bytes\":171,\"requests\":1,\"connections\":1},\"vmweb_net\":{\"bytes\":1616,\"requests\":1,\"connections\":1},\"googleads_g_doubleclick_net\":{\"bytes\":795,\"requests\":1,\"cdn_provider\":\"Google\",\"connections\":1},\"4754632_fls_doubleclick_net\":{\"bytes\":1042,\"requests\":1,\"cdn_provider\":\"Google\",\"connections\":1},\"bcp_crwdcntrl_net\":{\"bytes\":305,\"requests\":1,\"connections\":1},\"www_google_com_au\":{\"bytes\":245,\"requests\":1,\"cdn_provider\":\"Google\",\"connections\":1}}",
		"ttfb": "1080",
		"requests": "64",
		"bytesin": "173"
	}
},
{
	"executionId": "5841770094a60a1435000030",
	"label": "tcs",
	"executionTime": 1480684637,
	"location": "SanJose",
	"browser": "Chrome",
	"network": "Cable",
	"firstView": {
		"startRender": "1",
		"rtt": "30",
		"docComplete": "4",
		"fullyLoaded": "5",
		"breakdown": "{\"html\":{\"color\":[130,181,252],\"bytes\":63154,\"requests\":10},\"js\":{\"color\":[254,197,132],\"bytes\":382778,\"requests\":21},\"css\":{\"color\":[178,234,148],\"bytes\":23330,\"requests\":4},\"image\":{\"color\":[196,154,232],\"bytes\":738707,\"requests\":49},\"flash\":{\"color\":[45,183,193],\"bytes\":0,\"requests\":0},\"font\":{\"color\":[255,82,62],\"bytes\":0,\"requests\":0},\"other\":{\"color\":[196,196,196],\"bytes\":0,\"requests\":0}}",
		"domains": "{\"m_addthisedge_com\":{\"bytes\":1031,\"requests\":2,\"cdn_provider\":\"Cloudflare\",\"connections\":1},\"api_demandbase_com\":{\"bytes\":869,\"requests\":1,\"cdn_provider\":\"Amazon CloudFront\",\"connections\":1},\"scripts_demandbase_com\":{\"bytes\":6926,\"requests\":1,\"cdn_provider\":\"Amazon CloudFront\",\"connections\":1},\"pixel_mathtag_com\":{\"bytes\":9220,\"requests\":14,\"cdn_provider\":\"Akamai\",\"connections\":6},\"snap_licdn_com\":{\"bytes\":8041,\"requests\":1,\"cdn_provider\":\"Akamai\",\"connections\":1},\"dc_ads_linkedin_com\":{\"bytes\":318,\"requests\":1,\"connections\":1},\"us-west-2_dc_ads_linkedin_com\":{\"bytes\":722,\"requests\":1,\"connections\":1},\"120-ptn-868_mktoresp_com\":{\"bytes\":603,\"requests\":1,\"connections\":1},\"www_googletagmanager_com\":{\"bytes\":18784,\"requests\":1,\"cdn_provider\":\"Google\",\"connections\":1},\"js_bizographics_com\":{\"bytes\":384,\"requests\":1,\"cdn_provider\":\"Amazon CloudFront\",\"connections\":1},\"www_bizographics_com\":{\"bytes\":331,\"requests\":1,\"connections\":1},\"www_google-analytics_com\":{\"bytes\":12015,\"requests\":2,\"cdn_provider\":\"Google\",\"connections\":1},\"www_tcs_com\":{\"bytes\":906884,\"requests\":41,\"cdn_provider\":\"Akamai\",\"connections\":6},\"s7_addthis_com\":{\"bytes\":224756,\"requests\":4,\"cdn_provider\":\"Cloudflare\",\"connections\":1},\"m_addthis_com\":{\"bytes\":1244,\"requests\":1,\"cdn_provider\":\"Cloudflare\",\"connections\":1},\"ib_adnxs_com\":{\"bytes\":1116,\"requests\":2,\"connections\":1},\"secure_adnxs_com\":{\"bytes\":558,\"requests\":1,\"connections\":1},\"pixel_rubiconproject_com\":{\"bytes\":1223,\"requests\":2,\"connections\":1},\"a_company-target_com\":{\"bytes\":1777,\"requests\":3,\"connections\":2},\"b_company-target_com\":{\"bytes\":1435,\"requests\":1,\"cdn_provider\":\"Amazon CloudFront\",\"connections\":1},\"tags_w55c_net\":{\"bytes\":1028,\"requests\":2,\"connections\":1},\"cm_g_doubleclick_net\":{\"bytes\":8087,\"requests\":8,\"cdn_provider\":\"Google\",\"connections\":4},\"munchkin_marketo_net\":{\"bytes\":5462,\"requests\":2,\"cdn_provider\":\"Akamai\",\"connections\":1},\"ak1_abmr_net\":{\"bytes\":1442,\"requests\":2,\"cdn_provider\":\"Akamai\",\"connections\":2}}",
		"ttfb": "513",
		"requests": "76",
		"bytesin": "1216"
	},
	"repeatView": {
		"startRender": "1",
		"rtt": "31",
		"docComplete": "5",
		"fullyLoaded": "5",
		"breakdown": "{\"html\":{\"color\":[130,181,252],\"bytes\":32518,\"requests\":10},\"js\":{\"color\":[254,197,132],\"bytes\":4932,\"requests\":8},\"css\":{\"color\":[178,234,148],\"bytes\":495,\"requests\":2},\"image\":{\"color\":[196,154,232],\"bytes\":169464,\"requests\":52},\"flash\":{\"color\":[45,183,193],\"bytes\":0,\"requests\":0},\"font\":{\"color\":[255,82,62],\"bytes\":0,\"requests\":0},\"other\":{\"color\":[196,196,196],\"bytes\":0,\"requests\":0}}",
		"domains": "{\"match_adsrvr_org\":{\"bytes\":1709,\"requests\":2,\"connections\":1},\"e_nexac_com\":{\"bytes\":1392,\"requests\":2,\"connections\":1},\"r_nexac_com\":{\"bytes\":307,\"requests\":1,\"connections\":1},\"image2_pubmatic_com\":{\"bytes\":855,\"requests\":1,\"connections\":1},\"m_addthisedge_com\":{\"bytes\":254,\"requests\":1,\"cdn_provider\":\"Cloudflare\",\"connections\":1},\"api_demandbase_com\":{\"bytes\":869,\"requests\":1,\"cdn_provider\":\"Amazon CloudFront\",\"connections\":1},\"scripts_demandbase_com\":{\"bytes\":386,\"requests\":1,\"cdn_provider\":\"Amazon CloudFront\",\"connections\":1},\"sync_mathtag_com\":{\"bytes\":436,\"requests\":1,\"connections\":1},\"pixel_mathtag_com\":{\"bytes\":1941,\"requests\":3,\"cdn_provider\":\"Akamai\",\"connections\":2},\"addthis_mathtag_com\":{\"bytes\":338,\"requests\":1,\"cdn_provider\":\"Cloudflare\",\"connections\":1},\"segments_adaptv_advertising_com\":{\"bytes\":2015,\"requests\":8,\"connections\":5},\"tags_bluekai_com\":{\"bytes\":3563,\"requests\":5,\"connections\":1},\"dc_ads_linkedin_com\":{\"bytes\":568,\"requests\":1,\"connections\":1},\"120-ptn-868_mktoresp_com\":{\"bytes\":603,\"requests\":1,\"connections\":1},\"www_google-analytics_com\":{\"bytes\":246,\"requests\":1,\"cdn_provider\":\"Google\",\"connections\":1},\"www_tcs_com\":{\"bytes\":185135,\"requests\":35,\"cdn_provider\":\"Akamai\",\"connections\":6},\"cspix_media6degrees_com\":{\"bytes\":1722,\"requests\":2,\"connections\":2},\"m_addthis_com\":{\"bytes\":1701,\"requests\":1,\"cdn_provider\":\"Cloudflare\",\"connections\":1},\"su_addthis_com\":{\"bytes\":3665,\"requests\":6,\"cdn_provider\":\"Cloudflare\",\"connections\":3},\"ib_adnxs_com\":{\"bytes\":558,\"requests\":1,\"connections\":1},\"secure_adnxs_com\":{\"bytes\":558,\"requests\":1,\"connections\":1},\"a_company-target_com\":{\"bytes\":1314,\"requests\":2,\"connections\":2},\"b_company-target_com\":{\"bytes\":422,\"requests\":1,\"cdn_provider\":\"Amazon CloudFront\",\"connections\":1},\"cm_g_doubleclick_net\":{\"bytes\":1447,\"requests\":2,\"cdn_provider\":\"Google\",\"connections\":1},\"ak1_abmr_net\":{\"bytes\":704,\"requests\":1,\"cdn_provider\":\"Akamai\",\"connections\":1},\"dpm_demdex_net\":{\"bytes\":1373,\"requests\":2,\"connections\":1}}",
		"ttfb": "246",
		"requests": "82",
		"bytesin": "224"
	}
},
{
	"executionId": "5841770094a60a1435000031",
	"label": "tcs",
	"executionTime": 1480684637,
	"location": "SanJose",
	"browser": "Chrome",
	"network": "3GFast ",
	"firstView": {
		"startRender": "1",
		"rtt": "153",
		"docComplete": "10",
		"fullyLoaded": "10",
		"breakdown": "{\"html\":{\"color\":[130,181,252],\"bytes\":51279,\"requests\":11},\"js\":{\"color\":[254,197,132],\"bytes\":378315,\"requests\":20},\"css\":{\"color\":[178,234,148],\"bytes\":23330,\"requests\":4},\"image\":{\"color\":[196,154,232],\"bytes\":739596,\"requests\":49},\"flash\":{\"color\":[45,183,193],\"bytes\":0,\"requests\":0},\"font\":{\"color\":[255,82,62],\"bytes\":0,\"requests\":0},\"other\":{\"color\":[196,196,196],\"bytes\":0,\"requests\":0}}",
		"domains": "{\"m_addthisedge_com\":{\"bytes\":1031,\"requests\":2,\"cdn_provider\":\"Cloudflare\",\"connections\":1},\"api_demandbase_com\":{\"bytes\":869,\"requests\":1,\"cdn_provider\":\"Amazon CloudFront\",\"connections\":1},\"scripts_demandbase_com\":{\"bytes\":6926,\"requests\":1,\"cdn_provider\":\"Amazon CloudFront\",\"connections\":1},\"pixel_mathtag_com\":{\"bytes\":9370,\"requests\":14,\"cdn_provider\":\"Akamai\",\"connections\":6},\"snap_licdn_com\":{\"bytes\":8041,\"requests\":1,\"cdn_provider\":\"Akamai\",\"connections\":1},\"dc_ads_linkedin_com\":{\"bytes\":318,\"requests\":1,\"connections\":1},\"us-west-2_dc_ads_linkedin_com\":{\"bytes\":722,\"requests\":1,\"connections\":1},\"120-ptn-868_mktoresp_com\":{\"bytes\":603,\"requests\":1,\"connections\":1},\"www_googletagmanager_com\":{\"bytes\":18784,\"requests\":1,\"cdn_provider\":\"Google\",\"connections\":1},\"js_bizographics_com\":{\"bytes\":382,\"requests\":1,\"cdn_provider\":\"Amazon CloudFront\",\"connections\":1},\"www_bizographics_com\":{\"bytes\":331,\"requests\":1,\"connections\":1},\"www_google-analytics_com\":{\"bytes\":12015,\"requests\":2,\"cdn_provider\":\"Google\",\"connections\":1},\"www_tcs_com\":{\"bytes\":889541,\"requests\":40,\"cdn_provider\":\"Akamai\",\"connections\":6},\"s7_addthis_com\":{\"bytes\":224756,\"requests\":4,\"cdn_provider\":\"Cloudflare\",\"connections\":2},\"m_addthis_com\":{\"bytes\":1245,\"requests\":1,\"cdn_provider\":\"Cloudflare\",\"connections\":1},\"secure_adnxs_com\":{\"bytes\":558,\"requests\":1,\"connections\":1},\"pixel_rubiconproject_com\":{\"bytes\":2446,\"requests\":4,\"connections\":2},\"a_company-target_com\":{\"bytes\":1777,\"requests\":3,\"connections\":2},\"b_company-target_com\":{\"bytes\":1435,\"requests\":1,\"cdn_provider\":\"Amazon CloudFront\",\"connections\":1},\"tags_w55c_net\":{\"bytes\":1028,\"requests\":2,\"connections\":1},\"cm_g_doubleclick_net\":{\"bytes\":10104,\"requests\":10,\"cdn_provider\":\"Google\",\"connections\":5},\"munchkin_marketo_net\":{\"bytes\":5462,\"requests\":2,\"cdn_provider\":\"Akamai\",\"connections\":1},\"ak1_abmr_net\":{\"bytes\":1442,\"requests\":2,\"cdn_provider\":\"Akamai\",\"connections\":2}}",
		"ttfb": "750",
		"requests": "98",
		"bytesin": "1202"
	},
	"repeatView": {
		"startRender": "1",
		"rtt": "152",
		"docComplete": "7",
		"fullyLoaded": "7",
		"breakdown": "{\"html\":{\"color\":[130,181,252],\"bytes\":33812,\"requests\":10},\"js\":{\"color\":[254,197,132],\"bytes\":9392,\"requests\":9},\"css\":{\"color\":[178,234,148],\"bytes\":495,\"requests\":2},\"image\":{\"color\":[196,154,232],\"bytes\":168935,\"requests\":52},\"flash\":{\"color\":[45,183,193],\"bytes\":0,\"requests\":0},\"font\":{\"color\":[255,82,62],\"bytes\":0,\"requests\":0},\"other\":{\"color\":[196,196,196],\"bytes\":0,\"requests\":0}}",
		"domains": "{\"match_adsrvr_org\":{\"bytes\":1709,\"requests\":2,\"connections\":1},\"e_nexac_com\":{\"bytes\":1392,\"requests\":2,\"connections\":1},\"r_nexac_com\":{\"bytes\":307,\"requests\":1,\"connections\":1},\"m_addthisedge_com\":{\"bytes\":254,\"requests\":1,\"cdn_provider\":\"Cloudflare\",\"connections\":1},\"api_demandbase_com\":{\"bytes\":869,\"requests\":1,\"cdn_provider\":\"Amazon CloudFront\",\"connections\":1},\"scripts_demandbase_com\":{\"bytes\":386,\"requests\":1,\"cdn_provider\":\"Amazon CloudFront\",\"connections\":1},\"sync_mathtag_com\":{\"bytes\":435,\"requests\":1,\"connections\":1},\"pixel_mathtag_com\":{\"bytes\":2616,\"requests\":4,\"cdn_provider\":\"Akamai\",\"connections\":2},\"addthis_mathtag_com\":{\"bytes\":338,\"requests\":1,\"cdn_provider\":\"Cloudflare\",\"connections\":1},\"segments_adaptv_advertising_com\":{\"bytes\":1679,\"requests\":8,\"connections\":3},\"tags_bluekai_com\":{\"bytes\":3559,\"requests\":5,\"connections\":2},\"dc_ads_linkedin_com\":{\"bytes\":568,\"requests\":1,\"connections\":1},\"120-ptn-868_mktoresp_com\":{\"bytes\":603,\"requests\":1,\"connections\":1},\"www_google-analytics_com\":{\"bytes\":245,\"requests\":1,\"cdn_provider\":\"Google\",\"connections\":1},\"www_tcs_com\":{\"bytes\":190897,\"requests\":36,\"cdn_provider\":\"Akamai\",\"connections\":6},\"cspix_media6degrees_com\":{\"bytes\":1714,\"requests\":2,\"connections\":2},\"m_addthis_com\":{\"bytes\":1697,\"requests\":1,\"cdn_provider\":\"Cloudflare\",\"connections\":1},\"su_addthis_com\":{\"bytes\":3653,\"requests\":6,\"cdn_provider\":\"Cloudflare\",\"connections\":3},\"ib_adnxs_com\":{\"bytes\":558,\"requests\":1,\"connections\":1},\"secure_adnxs_com\":{\"bytes\":558,\"requests\":1,\"connections\":1},\"a_company-target_com\":{\"bytes\":1314,\"requests\":2,\"connections\":2},\"b_company-target_com\":{\"bytes\":422,\"requests\":1,\"cdn_provider\":\"Amazon CloudFront\",\"connections\":1},\"cm_g_doubleclick_net\":{\"bytes\":2048,\"requests\":3,\"cdn_provider\":\"Google\",\"connections\":1},\"ak1_abmr_net\":{\"bytes\":1408,\"requests\":2,\"cdn_provider\":\"Akamai\",\"connections\":2},\"dpm_demdex_net\":{\"bytes\":1373,\"requests\":2,\"connections\":1}}",
		"ttfb": "905",
		"requests": "87",
		"bytesin": "230"
	}
},
{
	"executionId": "58417c3094a60a1435000070",
	"label": "tcs",
	"executionTime": 1480699037,
	"location": "ec2-ap-southeast-2",
	"browser": "Firefox",
	"network": "Cable",
	"firstView": {
		"startRender": "2",
		"rtt": "30",
		"docComplete": "5",
		"fullyLoaded": "8",
		"breakdown": "{\"html\":{\"color\":[130,181,252],\"bytes\":57698,\"requests\":5},\"js\":{\"color\":[254,197,132],\"bytes\":382209,\"requests\":21},\"css\":{\"color\":[178,234,148],\"bytes\":23330,\"requests\":4},\"image\":{\"color\":[196,154,232],\"bytes\":624693,\"requests\":29},\"flash\":{\"color\":[45,183,193],\"bytes\":0,\"requests\":0},\"font\":{\"color\":[255,82,62],\"bytes\":0,\"requests\":0},\"other\":{\"color\":[196,196,196],\"bytes\":4630,\"requests\":4}}",
		"domains": "{\"m_addthisedge_com\":{\"bytes\":777,\"requests\":1,\"cdn_provider\":\"Cloudflare\",\"connections\":1},\"api_demandbase_com\":{\"bytes\":865,\"requests\":1,\"cdn_provider\":\"Amazon CloudFront\",\"connections\":1},\"scripts_demandbase_com\":{\"bytes\":6926,\"requests\":1,\"cdn_provider\":\"Amazon CloudFront\",\"connections\":1},\"snap_licdn_com\":{\"bytes\":8041,\"requests\":1,\"cdn_provider\":\"Akamai\",\"connections\":1},\"dc_ads_linkedin_com\":{\"bytes\":318,\"requests\":1,\"connections\":1},\"ap-southeast-1_dc_ads_linkedin_com\":{\"bytes\":722,\"requests\":1,\"connections\":1},\"120-ptn-868_mktoresp_com\":{\"bytes\":603,\"requests\":1,\"connections\":1},\"www_googletagmanager_com\":{\"bytes\":18784,\"requests\":1,\"cdn_provider\":\"Google\",\"connections\":1},\"js_bizographics_com\":{\"bytes\":381,\"requests\":1,\"cdn_provider\":\"Amazon CloudFront\",\"connections\":1},\"www_bizographics_com\":{\"bytes\":336,\"requests\":1,\"connections\":1},\"www_google-analytics_com\":{\"bytes\":12078,\"requests\":2,\"cdn_provider\":\"Google\",\"connections\":2},\"www_tcs_com\":{\"bytes\":805781,\"requests\":40,\"cdn_provider\":\"Akamai\",\"connections\":7},\"s7_addthis_com\":{\"bytes\":224787,\"requests\":4,\"cdn_provider\":\"Cloudflare\",\"connections\":2},\"m_addthis_com\":{\"bytes\":1004,\"requests\":1,\"cdn_provider\":\"Cloudflare\",\"connections\":1},\"secure_adnxs_com\":{\"bytes\":558,\"requests\":1,\"connections\":1},\"a_company-target_com\":{\"bytes\":1777,\"requests\":3,\"connections\":2},\"b_company-target_com\":{\"bytes\":1435,\"requests\":1,\"cdn_provider\":\"Amazon CloudFront\",\"connections\":1},\"ocsp_digicert_com\":{\"bytes\":2364,\"requests\":3,\"cdn_provider\":\"Edgecast\",\"connections\":2},\"ocsp_godaddy_com\":{\"bytes\":2266,\"requests\":1,\"connections\":1},\"munchkin_marketo_net\":{\"bytes\":5110,\"requests\":2,\"cdn_provider\":\"Akamai\",\"connections\":1}}",
		"ttfb": "1306",
		"requests": "63",
		"bytesin": "1113"
	},
	"repeatView": {
		"startRender": "1",
		"rtt": "30",
		"docComplete": "3",
		"fullyLoaded": "6",
		"breakdown": "{\"html\":{\"color\":[130,181,252],\"bytes\":35937,\"requests\":12},\"js\":{\"color\":[254,197,132],\"bytes\":4708,\"requests\":8},\"css\":{\"color\":[178,234,148],\"bytes\":495,\"requests\":2},\"image\":{\"color\":[196,154,232],\"bytes\":316897,\"requests\":42},\"flash\":{\"color\":[45,183,193],\"bytes\":0,\"requests\":0},\"font\":{\"color\":[255,82,62],\"bytes\":0,\"requests\":0},\"other\":{\"color\":[196,196,196],\"bytes\":1576,\"requests\":2}}",
		"domains": "{\"match_adsrvr_org\":{\"bytes\":1709,\"requests\":2,\"connections\":1},\"r_nexac_com\":{\"bytes\":307,\"requests\":1,\"connections\":1},\"p_adsymptotic_com\":{\"bytes\":999,\"requests\":2,\"connections\":2},\"m_addthisedge_com\":{\"bytes\":254,\"requests\":1,\"cdn_provider\":\"Cloudflare\",\"connections\":1},\"api_demandbase_com\":{\"bytes\":865,\"requests\":1,\"cdn_provider\":\"Amazon CloudFront\",\"connections\":1},\"scripts_demandbase_com\":{\"bytes\":386,\"requests\":1,\"cdn_provider\":\"Amazon CloudFront\",\"connections\":1},\"sync_mathtag_com\":{\"bytes\":2534,\"requests\":4,\"connections\":2},\"addthis_mathtag_com\":{\"bytes\":390,\"requests\":1,\"cdn_provider\":\"Cloudflare\",\"connections\":1},\"tags_bluekai_com\":{\"bytes\":3563,\"requests\":5,\"connections\":1},\"dc_ads_linkedin_com\":{\"bytes\":568,\"requests\":1,\"connections\":1},\"a_tribalfusion_com\":{\"bytes\":1180,\"requests\":2,\"connections\":1},\"120-ptn-868_mktoresp_com\":{\"bytes\":603,\"requests\":1,\"connections\":1},\"www_google-analytics_com\":{\"bytes\":240,\"requests\":1,\"cdn_provider\":\"Google\",\"connections\":1},\"www_tcs_com\":{\"bytes\":336777,\"requests\":34,\"cdn_provider\":\"Akamai\",\"connections\":6},\"m_addthis_com\":{\"bytes\":1481,\"requests\":1,\"cdn_provider\":\"Cloudflare\",\"connections\":1},\"su_addthis_com\":{\"bytes\":4039,\"requests\":7,\"cdn_provider\":\"Cloudflare\",\"connections\":6},\"secure_adnxs_com\":{\"bytes\":558,\"requests\":1,\"connections\":1},\"a_company-target_com\":{\"bytes\":1314,\"requests\":2,\"connections\":2},\"b_company-target_com\":{\"bytes\":422,\"requests\":1,\"cdn_provider\":\"Amazon CloudFront\",\"connections\":1},\"ocsp_digicert_com\":{\"bytes\":1576,\"requests\":2,\"cdn_provider\":\"Edgecast\",\"connections\":2},\"cm_g_doubleclick_net\":{\"bytes\":3174,\"requests\":3,\"cdn_provider\":\"Google\",\"connections\":1},\"bcp_crwdcntrl_net\":{\"bytes\":1395,\"requests\":2,\"connections\":1}}",
		"ttfb": "405",
		"requests": "54",
		"bytesin": "384"
	}
},
{
	"executionId": "58417c3094a60a1435000075",
	"label": "tcs",
	"executionTime": 1480738637,
	"location": "ec2-ap-southeast-2",
	"browser": "Firefox",
	"network": "3GFast ",
	"firstView": {
		"startRender": "3",
		"rtt": "313",
		"docComplete": "8",
		"fullyLoaded": "15",
		"breakdown": "{\"html\":{\"color\":[130,181,252],\"bytes\":46926,\"requests\":5},\"js\":{\"color\":[254,197,132],\"bytes\":382178,\"requests\":21},\"css\":{\"color\":[178,234,148],\"bytes\":23330,\"requests\":4},\"image\":{\"color\":[196,154,232],\"bytes\":722900,\"requests\":29},\"flash\":{\"color\":[45,183,193],\"bytes\":0,\"requests\":0},\"font\":{\"color\":[255,82,62],\"bytes\":0,\"requests\":0},\"other\":{\"color\":[196,196,196],\"bytes\":5712,\"requests\":6}}",
		"domains": "{\"search_services_mozilla_com\":{\"bytes\":294,\"requests\":1,\"connections\":1},\"m_addthisedge_com\":{\"bytes\":777,\"requests\":1,\"cdn_provider\":\"Cloudflare\",\"connections\":1},\"api_demandbase_com\":{\"bytes\":865,\"requests\":1,\"cdn_provider\":\"Amazon CloudFront\",\"connections\":1},\"scripts_demandbase_com\":{\"bytes\":6926,\"requests\":1,\"cdn_provider\":\"Amazon CloudFront\",\"connections\":1},\"snap_licdn_com\":{\"bytes\":8041,\"requests\":1,\"cdn_provider\":\"Akamai\",\"connections\":1},\"dc_ads_linkedin_com\":{\"bytes\":318,\"requests\":1,\"connections\":1},\"ap-southeast-1_dc_ads_linkedin_com\":{\"bytes\":722,\"requests\":1,\"connections\":1},\"120-ptn-868_mktoresp_com\":{\"bytes\":603,\"requests\":1,\"connections\":1},\"www_googletagmanager_com\":{\"bytes\":18784,\"requests\":1,\"cdn_provider\":\"Google\",\"connections\":1},\"js_bizographics_com\":{\"bytes\":383,\"requests\":1,\"cdn_provider\":\"Amazon CloudFront\",\"connections\":1},\"www_bizographics_com\":{\"bytes\":336,\"requests\":1,\"connections\":1},\"www_google-analytics_com\":{\"bytes\":12012,\"requests\":2,\"cdn_provider\":\"Google\",\"connections\":1},\"www_tcs_com\":{\"bytes\":893283,\"requests\":40,\"cdn_provider\":\"Akamai\",\"connections\":7},\"s7_addthis_com\":{\"bytes\":224756,\"requests\":5,\"cdn_provider\":\"Cloudflare\",\"connections\":3},\"m_addthis_com\":{\"bytes\":1003,\"requests\":1,\"cdn_provider\":\"Cloudflare\",\"connections\":1},\"secure_adnxs_com\":{\"bytes\":558,\"requests\":1,\"connections\":1},\"a_company-target_com\":{\"bytes\":1777,\"requests\":3,\"connections\":3},\"b_company-target_com\":{\"bytes\":1435,\"requests\":1,\"cdn_provider\":\"Amazon CloudFront\",\"connections\":1},\"ocsp_digicert_com\":{\"bytes\":3152,\"requests\":4,\"cdn_provider\":\"Edgecast\",\"connections\":2},\"ocsp_godaddy_com\":{\"bytes\":2266,\"requests\":1,\"connections\":1},\"munchkin_marketo_net\":{\"bytes\":5110,\"requests\":2,\"cdn_provider\":\"Akamai\",\"connections\":1}}",
		"ttfb": "342",
		"requests": "65",
		"bytesin": "1216"
	},
	"repeatView": {
		"startRender": "2",
		"rtt": "152",
		"docComplete": "6",
		"fullyLoaded": "8",
		"breakdown": "{\"html\":{\"color\":[130,181,252],\"bytes\":64310,\"requests\":13},\"js\":{\"color\":[254,197,132],\"bytes\":4709,\"requests\":8},\"css\":{\"color\":[178,234,148],\"bytes\":495,\"requests\":2},\"image\":{\"color\":[196,154,232],\"bytes\":166316,\"requests\":42},\"flash\":{\"color\":[45,183,193],\"bytes\":0,\"requests\":0},\"font\":{\"color\":[255,82,62],\"bytes\":0,\"requests\":0},\"other\":{\"color\":[196,196,196],\"bytes\":2364,\"requests\":3}}",
		"domains": "{\"match_adsrvr_org\":{\"bytes\":1709,\"requests\":2,\"connections\":1},\"r_nexac_com\":{\"bytes\":307,\"requests\":1,\"connections\":1},\"p_adsymptotic_com\":{\"bytes\":999,\"requests\":2,\"connections\":2},\"m_addthisedge_com\":{\"bytes\":254,\"requests\":1,\"cdn_provider\":\"Cloudflare\",\"connections\":1},\"api_demandbase_com\":{\"bytes\":865,\"requests\":1,\"cdn_provider\":\"Amazon CloudFront\",\"connections\":1},\"scripts_demandbase_com\":{\"bytes\":386,\"requests\":1,\"cdn_provider\":\"Amazon CloudFront\",\"connections\":1},\"sync_mathtag_com\":{\"bytes\":2533,\"requests\":4,\"connections\":4},\"addthis_mathtag_com\":{\"bytes\":390,\"requests\":1,\"cdn_provider\":\"Cloudflare\",\"connections\":1},\"tags_bluekai_com\":{\"bytes\":3566,\"requests\":5,\"connections\":2},\"dc_ads_linkedin_com\":{\"bytes\":568,\"requests\":1,\"connections\":1},\"a_tribalfusion_com\":{\"bytes\":1172,\"requests\":2,\"connections\":1},\"120-ptn-868_mktoresp_com\":{\"bytes\":603,\"requests\":1,\"connections\":1},\"www_google-analytics_com\":{\"bytes\":242,\"requests\":1,\"cdn_provider\":\"Google\",\"connections\":1},\"www_tcs_com\":{\"bytes\":186190,\"requests\":34,\"cdn_provider\":\"Akamai\",\"connections\":6},\"s7_addthis_com\":{\"bytes\":28379,\"requests\":1,\"cdn_provider\":\"Cloudflare\",\"connections\":1},\"m_addthis_com\":{\"bytes\":1482,\"requests\":1,\"cdn_provider\":\"Cloudflare\",\"connections\":1},\"su_addthis_com\":{\"bytes\":4043,\"requests\":7,\"cdn_provider\":\"Cloudflare\",\"connections\":5},\"secure_adnxs_com\":{\"bytes\":558,\"requests\":1,\"connections\":1},\"a_company-target_com\":{\"bytes\":1314,\"requests\":2,\"connections\":2},\"b_company-target_com\":{\"bytes\":422,\"requests\":1,\"cdn_provider\":\"Amazon CloudFront\",\"connections\":1},\"ocsp_digicert_com\":{\"bytes\":2364,\"requests\":3,\"cdn_provider\":\"Edgecast\",\"connections\":1},\"cm_g_doubleclick_net\":{\"bytes\":3174,\"requests\":3,\"cdn_provider\":\"Google\",\"connections\":1},\"bcp_crwdcntrl_net\":{\"bytes\":1395,\"requests\":2,\"connections\":1}}",
		"ttfb": "1407",
		"requests": "71",
		"bytesin": "269"
	}
},
{
	"executionId": "5841770094a60a143500002b",
	"label": "mindtree",
	"executionTime": 1480684637,
	"location": "SanJose",
	"browser": "Chrome",
	"network": "3GFast ",
	"firstView": {
		"startRender": "4",
		"rtt": "188",
		"docComplete": "16",
		"fullyLoaded": "20",
		"breakdown": "{\"html\":{\"color\":[130,181,252],\"bytes\":38503,\"requests\":23},\"js\":{\"color\":[254,197,132],\"bytes\":557116,\"requests\":28},\"css\":{\"color\":[178,234,148],\"bytes\":112394,\"requests\":8},\"image\":{\"color\":[196,154,232],\"bytes\":1666835,\"requests\":46},\"flash\":{\"color\":[45,183,193],\"bytes\":0,\"requests\":0},\"font\":{\"color\":[255,82,62],\"bytes\":169215,\"requests\":4},\"other\":{\"color\":[196,196,196],\"bytes\":0,\"requests\":0}}",
		"domains": "{\"match_adsrvr_org\":{\"bytes\":3051,\"requests\":3,\"connections\":1},\"insight_adsrvr_org\":{\"bytes\":730,\"requests\":1,\"connections\":1},\"trc_taboola_com\":{\"bytes\":822,\"requests\":1,\"cdn_provider\":\"Akamai\",\"connections\":1},\"cdn_taboola_com\":{\"bytes\":2012,\"requests\":1,\"cdn_provider\":\"Akamai\",\"connections\":1},\"weborama_ndf_weborama_com\":{\"bytes\":1777,\"requests\":3,\"connections\":1},\"e_nexac_com\":{\"bytes\":1178,\"requests\":2,\"connections\":1},\"p_nexac_com\":{\"bytes\":1138,\"requests\":2,\"connections\":1},\"pixel_tapad_com\":{\"bytes\":1221,\"requests\":2,\"connections\":1},\"www_mindtree_com\":{\"bytes\":2027218,\"requests\":30,\"connections\":6},\"cse_google_com\":{\"bytes\":80024,\"requests\":3,\"cdn_provider\":\"Google\",\"connections\":2},\"www_google_com\":{\"bytes\":108533,\"requests\":10,\"cdn_provider\":\"Google\",\"connections\":2},\"api_demandbase_com\":{\"bytes\":869,\"requests\":1,\"cdn_provider\":\"Amazon CloudFront\",\"connections\":1},\"scripts_demandbase_com\":{\"bytes\":7709,\"requests\":1,\"cdn_provider\":\"Amazon CloudFront\",\"connections\":1},\"s_thebrighttag_com\":{\"bytes\":1274,\"requests\":2,\"connections\":2},\"script_crazyegg_com\":{\"bytes\":479,\"requests\":1,\"cdn_provider\":\"Amazon CloudFront\",\"connections\":1},\"b_scorecardresearch_com\":{\"bytes\":1052,\"requests\":2,\"cdn_provider\":\"Akamai\",\"connections\":1},\"www_facebook_com\":{\"bytes\":430,\"requests\":2,\"cdn_provider\":\"Facebook\",\"connections\":1},\"tag_crsspxl_com\":{\"bytes\":623,\"requests\":1,\"connections\":1},\"snap_licdn_com\":{\"bytes\":8041,\"requests\":1,\"cdn_provider\":\"Akamai\",\"connections\":1},\"rc_rlcdn_com\":{\"bytes\":1987,\"requests\":3,\"cdn_provider\":\"Reapleaf\",\"connections\":2},\"maxcdn_bootstrapcdn_com\":{\"bytes\":71948,\"requests\":2,\"cdn_provider\":\"NetDNA\",\"connections\":2},\"dc_ads_linkedin_com\":{\"bytes\":288,\"requests\":1,\"connections\":1},\"us-west-2_dc_ads_linkedin_com\":{\"bytes\":680,\"requests\":1,\"connections\":1},\"itag_ads_linkedin_com\":{\"bytes\":22992,\"requests\":1,\"cdn_provider\":\"Amazon CloudFront\",\"connections\":1},\"aa_agkn_com\":{\"bytes\":476,\"requests\":1,\"connections\":1},\"d_agkn_com\":{\"bytes\":644,\"requests\":1,\"connections\":1},\"574-lhh-431_mktoresp_com\":{\"bytes\":616,\"requests\":1,\"connections\":1},\"ad_yieldmanager_com\":{\"bytes\":154,\"requests\":1,\"connections\":1},\"www_googletagmanager_com\":{\"bytes\":28089,\"requests\":1,\"cdn_provider\":\"Google\",\"connections\":1},\"static_ads-twitter_com\":{\"bytes\":2620,\"requests\":1,\"connections\":1},\"platform_twitter_com\":{\"bytes\":33728,\"requests\":2,\"cdn_provider\":\"Fastly\",\"connections\":2},\"analytics_twitter_com\":{\"bytes\":597,\"requests\":1,\"connections\":1},\"js_bizographics_com\":{\"bytes\":384,\"requests\":1,\"cdn_provider\":\"Amazon CloudFront\",\"connections\":1},\"www_bizographics_com\":{\"bytes\":301,\"requests\":1,\"connections\":1},\"www_google-analytics_com\":{\"bytes\":12577,\"requests\":3,\"cdn_provider\":\"Google\",\"connections\":1},\"www_googleadservices_com\":{\"bytes\":5666,\"requests\":1,\"cdn_provider\":\"Google\",\"connections\":1},\"stpix_media6degrees_com\":{\"bytes\":1660,\"requests\":2,\"connections\":2},\"sync_sharethis_com\":{\"bytes\":360,\"requests\":1,\"connections\":1},\"edge_sharethis_com\":{\"bytes\":4403,\"requests\":1,\"cdn_provider\":\"Akamai\",\"connections\":1},\"seg_sharethis_com\":{\"bytes\":2021,\"requests\":1,\"connections\":1},\"l_sharethis_com\":{\"bytes\":1329,\"requests\":3,\"connections\":2},\"t_sharethis_com\":{\"bytes\":6934,\"requests\":3,\"cdn_provider\":\"Akamai\",\"connections\":1},\"w_sharethis_com\":{\"bytes\":79114,\"requests\":5,\"cdn_provider\":\"Akamai\",\"connections\":2},\"www_googleapis_com\":{\"bytes\":70,\"requests\":1,\"cdn_provider\":\"Google\",\"connections\":1},\"ib_adnxs_com\":{\"bytes\":1116,\"requests\":2,\"connections\":1},\"lib_adnxs_com\":{\"bytes\":558,\"requests\":1,\"connections\":1},\"secure_adnxs_com\":{\"bytes\":558,\"requests\":1,\"connections\":1},\"pi_pardot_com\":{\"bytes\":478,\"requests\":1,\"connections\":1},\"cdn_pardot_com\":{\"bytes\":2445,\"requests\":1,\"cdn_provider\":\"NetDNA\",\"connections\":1},\"t_co\":{\"bytes\":662,\"requests\":1,\"connections\":1},\"idsync_weborama_fr\":{\"bytes\":851,\"requests\":2,\"connections\":1},\"ps_eyeota_net\":{\"bytes\":582,\"requests\":2,\"connections\":1},\"vmweb_net\":{\"bytes\":1616,\"requests\":1,\"connections\":1},\"cm_g_doubleclick_net\":{\"bytes\":1908,\"requests\":2,\"cdn_provider\":\"Google\",\"connections\":1},\"googleads_g_doubleclick_net\":{\"bytes\":1057,\"requests\":1,\"cdn_provider\":\"Google\",\"connections\":1},\"stats_g_doubleclick_net\":{\"bytes\":335,\"requests\":1,\"cdn_provider\":\"Google\",\"connections\":1},\"4754632_fls_doubleclick_net\":{\"bytes\":2283,\"requests\":2,\"cdn_provider\":\"Google\",\"connections\":1},\"connect_facebook_net\":{\"bytes\":5319,\"requests\":1,\"cdn_provider\":\"Facebook\",\"connections\":1},\"bcp_crwdcntrl_net\":{\"bytes\":1277,\"requests\":2,\"connections\":1},\"munchkin_marketo_net\":{\"bytes\":5462,\"requests\":2,\"cdn_provider\":\"Akamai\",\"connections\":1},\"px_owneriq_net\":{\"bytes\":1799,\"requests\":3,\"cdn_provider\":\"Akamai\",\"connections\":3}}",
		"ttfb": "2565",
		"requests": "125",
		"bytesin": "2576"
	},
	"repeatView": {
		"startRender": "1",
		"rtt": "187",
		"docComplete": "8",
		"fullyLoaded": "11",
		"breakdown": "{\"html\":{\"color\":[130,181,252],\"bytes\":22944,\"requests\":13},\"js\":{\"color\":[254,197,132],\"bytes\":36841,\"requests\":5},\"css\":{\"color\":[178,234,148],\"bytes\":0,\"requests\":0},\"image\":{\"color\":[196,154,232],\"bytes\":15446,\"requests\":30},\"flash\":{\"color\":[45,183,193],\"bytes\":0,\"requests\":0},\"font\":{\"color\":[255,82,62],\"bytes\":0,\"requests\":0},\"other\":{\"color\":[196,196,196],\"bytes\":0,\"requests\":0}}",
		"domains": "{\"match_adsrvr_org\":{\"bytes\":2191,\"requests\":2,\"connections\":2},\"insight_adsrvr_org\":{\"bytes\":845,\"requests\":1,\"connections\":1},\"trc_taboola_com\":{\"bytes\":822,\"requests\":1,\"cdn_provider\":\"Akamai\",\"connections\":1},\"cdn_taboola_com\":{\"bytes\":346,\"requests\":1,\"cdn_provider\":\"Akamai\",\"connections\":1},\"weborama_ndf_weborama_com\":{\"bytes\":505,\"requests\":1,\"connections\":1},\"p_nexac_com\":{\"bytes\":548,\"requests\":1,\"connections\":1},\"pixel_tapad_com\":{\"bytes\":611,\"requests\":1,\"connections\":1},\"www_mindtree_com\":{\"bytes\":11795,\"requests\":2,\"connections\":1},\"cse_google_com\":{\"bytes\":1733,\"requests\":1,\"cdn_provider\":\"Google\",\"connections\":1},\"www_google_com\":{\"bytes\":1323,\"requests\":6,\"cdn_provider\":\"Google\",\"connections\":2},\"api_demandbase_com\":{\"bytes\":869,\"requests\":1,\"cdn_provider\":\"Amazon CloudFront\",\"connections\":1},\"scripts_demandbase_com\":{\"bytes\":358,\"requests\":1,\"cdn_provider\":\"Amazon CloudFront\",\"connections\":1},\"sync_mathtag_com\":{\"bytes\":2329,\"requests\":4,\"connections\":2},\"s_thebrighttag_com\":{\"bytes\":354,\"requests\":1,\"connections\":1},\"script_crazyegg_com\":{\"bytes\":362,\"requests\":1,\"cdn_provider\":\"Amazon CloudFront\",\"connections\":1},\"b_scorecardresearch_com\":{\"bytes\":248,\"requests\":1,\"cdn_provider\":\"Akamai\",\"connections\":1},\"www_facebook_com\":{\"bytes\":252,\"requests\":2,\"cdn_provider\":\"Facebook\",\"connections\":1},\"tag_crsspxl_com\":{\"bytes\":492,\"requests\":1,\"connections\":1},\"idsync_rlcdn_com\":{\"bytes\":1618,\"requests\":2,\"cdn_provider\":\"Reapleaf\",\"connections\":1},\"rc_rlcdn_com\":{\"bytes\":1812,\"requests\":2,\"cdn_provider\":\"Reapleaf\",\"connections\":2},\"dc_ads_linkedin_com\":{\"bytes\":526,\"requests\":1,\"connections\":1},\"itag_ads_linkedin_com\":{\"bytes\":416,\"requests\":1,\"cdn_provider\":\"Amazon CloudFront\",\"connections\":1},\"aa_agkn_com\":{\"bytes\":556,\"requests\":1,\"connections\":1},\"d_agkn_com\":{\"bytes\":693,\"requests\":1,\"connections\":1},\"sp_adbrn_com\":{\"bytes\":384,\"requests\":1,\"connections\":1},\"574-lhh-431_mktoresp_com\":{\"bytes\":616,\"requests\":1,\"connections\":1},\"platform_twitter_com\":{\"bytes\":33728,\"requests\":2,\"cdn_provider\":\"Fastly\",\"connections\":2},\"analytics_twitter_com\":{\"bytes\":522,\"requests\":1,\"connections\":1},\"www_google-analytics_com\":{\"bytes\":294,\"requests\":2,\"cdn_provider\":\"Google\",\"connections\":1},\"stpix_media6degrees_com\":{\"bytes\":905,\"requests\":1,\"connections\":1},\"sync_sharethis_com\":{\"bytes\":360,\"requests\":1,\"connections\":1},\"seg_sharethis_com\":{\"bytes\":1686,\"requests\":1,\"connections\":1},\"l_sharethis_com\":{\"bytes\":887,\"requests\":3,\"connections\":2},\"t_sharethis_com\":{\"bytes\":2109,\"requests\":2,\"cdn_provider\":\"Akamai\",\"connections\":1},\"www_googleapis_com\":{\"bytes\":70,\"requests\":1,\"cdn_provider\":\"Google\",\"connections\":1},\"ib_adnxs_com\":{\"bytes\":1116,\"requests\":2,\"connections\":1},\"lib_adnxs_com\":{\"bytes\":558,\"requests\":1,\"connections\":1},\"secure_adnxs_com\":{\"bytes\":558,\"requests\":1,\"connections\":1},\"pixel_rubiconproject_com\":{\"bytes\":1320,\"requests\":2,\"connections\":1},\"pi_pardot_com\":{\"bytes\":478,\"requests\":1,\"connections\":1},\"t_co\":{\"bytes\":662,\"requests\":1,\"connections\":1},\"ps_eyeota_net\":{\"bytes\":171,\"requests\":1,\"connections\":1},\"vmweb_net\":{\"bytes\":1616,\"requests\":1,\"connections\":1},\"googleads_g_doubleclick_net\":{\"bytes\":776,\"requests\":1,\"cdn_provider\":\"Google\",\"connections\":1},\"4754632_fls_doubleclick_net\":{\"bytes\":1755,\"requests\":2,\"cdn_provider\":\"Google\",\"connections\":1},\"bcp_crwdcntrl_net\":{\"bytes\":303,\"requests\":1,\"connections\":1}}",
		"ttfb": "433",
		"requests": "63",
		"bytesin": "134"
	}
}]