[{
	"key": "StartRender",
	"values": [{
		"key": "Nebraska",
		"value": {
			"count": 48,
			"sum": 187.41800000000003,
			"avg": 3.9045416666666672
		}
	},
	{
		"key": "NewYork",
		"value": {
			"count": 40,
			"sum": 98.257,
			"avg": 2.4564250000000003
		}
	},
	{
		"key": "ec2-us-east-1",
		"value": {
			"count": 48,
			"sum": 225.824,
			"avg": 4.704666666666667
		}
	},
	{
		"key": "ec2-us-west-1",
		"value": {
			"count": 39,
			"sum": 204.488,
			"avg": 5.243282051282051
		}
	}]
},
{
	"key": "DocComplete",
	"values": [{
		"key": "Nebraska",
		"value": {
			"count": 48,
			"sum": 503.88700000000006,
			"avg": 10.497645833333335
		}
	},
	{
		"key": "NewYork",
		"value": {
			"count": 40,
			"sum": 262.35800000000006,
			"avg": 6.558950000000001
		}
	},
	{
		"key": "ec2-us-east-1",
		"value": {
			"count": 48,
			"sum": 717.6349999999999,
			"avg": 14.950729166666664
		}
	},
	{
		"key": "ec2-us-west-1",
		"value": {
			"count": 39,
			"sum": 595.904,
			"avg": 15.279589743589744
		}
	}]
},
{
	"key": "FullyLoaded",
	"values": [{
		"key": "Nebraska",
		"value": {
			"count": 48,
			"sum": 615.4000000000002,
			"avg": 12.820833333333338
		}
	},
	{
		"key": "NewYork",
		"value": {
			"count": 40,
			"sum": 326.89700000000005,
			"avg": 8.172425
		}
	},
	{
		"key": "ec2-us-east-1",
		"value": {
			"count": 48,
			"sum": 851.587,
			"avg": 17.741395833333332
		}
	},
	{
		"key": "ec2-us-west-1",
		"value": {
			"count": 39,
			"sum": 705.4590000000001,
			"avg": 18.08869230769231
		}
	}]
}]