[{
	"label": "Dulles, VA Motorola G - Chrome",
	"location": "Dulles_MotoG",
	"browser": "Motorola G - Chrome",
	"server": "http:\/\/api.webpagetest.org",
	"name": "Dulles_MotoG:Motorola G - Chrome"
},
{
	"label": "Dulles, VA Motorola G - Chrome Beta",
	"location": "Dulles_MotoG",
	"browser": "Motorola G - Chrome Beta",
	"server": "http:\/\/api.webpagetest.org",
	"name": "Dulles_MotoG:Motorola G - Chrome Beta"
},
{
	"label": "Dulles, VA Motorola G - Chrome Dev",
	"location": "Dulles_MotoG",
	"browser": "Motorola G - Chrome Dev",
	"server": "http:\/\/api.webpagetest.org",
	"name": "Dulles_MotoG:Motorola G - Chrome Dev"
},
{
	"label": "Dulles, VA Motorola G - UC Browser",
	"location": "Dulles_MotoG",
	"browser": "Motorola G - UC Browser",
	"server": "http:\/\/api.webpagetest.org",
	"name": "Dulles_MotoG:Motorola G - UC Browser"
},
{
	"label": "Dulles, VA Motorola G - UC Mini",
	"location": "Dulles_MotoG",
	"browser": "Motorola G - UC Mini",
	"server": "http:\/\/api.webpagetest.org",
	"name": "Dulles_MotoG:Motorola G - UC Mini"
},
{
	"label": "Dulles, VA Motorola G - Opera Mini",
	"location": "Dulles_MotoG",
	"browser": "Motorola G - Opera Mini",
	"server": "http:\/\/api.webpagetest.org",
	"name": "Dulles_MotoG:Motorola G - Opera Mini"
},
{
	"label": "Dulles, VA Motorola G - Chrome",
	"location": "Dulles_MotoG",
	"browser": "Motorola G - Chrome",
	"server": "http:\/\/api.webpagetest.org",
	"name": "Dulles_MotoG:Motorola G - Chrome"
},
{
	"label": "Dulles, VA Motorola G - Chrome Beta",
	"location": "Dulles_MotoG",
	"browser": "Motorola G - Chrome Beta",
	"server": "http:\/\/api.webpagetest.org",
	"name": "Dulles_MotoG:Motorola G - Chrome Beta"
},
{
	"label": "Dulles, VA Motorola G - Chrome Dev",
	"location": "Dulles_MotoG",
	"browser": "Motorola G - Chrome Dev",
	"server": "http:\/\/api.webpagetest.org",
	"name": "Dulles_MotoG:Motorola G - Chrome Dev"
},
{
	"label": "Dulles, VA Motorola G - UC Browser",
	"location": "Dulles_MotoG",
	"browser": "Motorola G - UC Browser",
	"server": "http:\/\/api.webpagetest.org",
	"name": "Dulles_MotoG:Motorola G - UC Browser"
},
{
	"label": "Dulles, VA Motorola G - UC Mini",
	"location": "Dulles_MotoG",
	"browser": "Motorola G - UC Mini",
	"server": "http:\/\/api.webpagetest.org",
	"name": "Dulles_MotoG:Motorola G - UC Mini"
},
{
	"label": "Dulles, VA Motorola G - Opera Mini",
	"location": "Dulles_MotoG",
	"browser": "Motorola G - Opera Mini",
	"server": "http:\/\/api.webpagetest.org",
	"name": "Dulles_MotoG:Motorola G - Opera Mini"
},
{
	"label": "Dulles, VA Nexus 5 - Chrome",
	"location": "Dulles_Nexus5",
	"browser": "Nexus 5 - Chrome",
	"server": "http:\/\/api.webpagetest.org",
	"name": "Dulles_Nexus5:Nexus 5 - Chrome"
},
{
	"label": "Dulles, VA Nexus 5 - Chrome Beta",
	"location": "Dulles_Nexus5",
	"browser": "Nexus 5 - Chrome Beta",
	"server": "http:\/\/api.webpagetest.org",
	"name": "Dulles_Nexus5:Nexus 5 - Chrome Beta"
},
{
	"label": "Dulles, VA Nexus 5 - Chrome Dev",
	"location": "Dulles_Nexus5",
	"browser": "Nexus 5 - Chrome Dev",
	"server": "http:\/\/api.webpagetest.org",
	"name": "Dulles_Nexus5:Nexus 5 - Chrome Dev"
},
{
	"label": "Dulles, VA Nexus 5 - UC Browser",
	"location": "Dulles_Nexus5",
	"browser": "Nexus 5 - UC Browser",
	"server": "http:\/\/api.webpagetest.org",
	"name": "Dulles_Nexus5:Nexus 5 - UC Browser"
},
{
	"label": "Dulles, VA Nexus 5 - UC Mini",
	"location": "Dulles_Nexus5",
	"browser": "Nexus 5 - UC Mini",
	"server": "http:\/\/api.webpagetest.org",
	"name": "Dulles_Nexus5:Nexus 5 - UC Mini"
},
{
	"label": "Dulles, VA Nexus 5 - Opera Mini",
	"location": "Dulles_Nexus5",
	"browser": "Nexus 5 - Opera Mini",
	"server": "http:\/\/api.webpagetest.org",
	"name": "Dulles_Nexus5:Nexus 5 - Opera Mini"
},
{
	"label": "Dulles, VA Nexus 5 - Chrome",
	"location": "Dulles_Nexus5",
	"browser": "Nexus 5 - Chrome",
	"server": "http:\/\/api.webpagetest.org",
	"name": "Dulles_Nexus5:Nexus 5 - Chrome"
},
{
	"label": "Dulles, VA Nexus 5 - Chrome Beta",
	"location": "Dulles_Nexus5",
	"browser": "Nexus 5 - Chrome Beta",
	"server": "http:\/\/api.webpagetest.org",
	"name": "Dulles_Nexus5:Nexus 5 - Chrome Beta"
},
{
	"label": "Dulles, VA Nexus 5 - Chrome Dev",
	"location": "Dulles_Nexus5",
	"browser": "Nexus 5 - Chrome Dev",
	"server": "http:\/\/api.webpagetest.org",
	"name": "Dulles_Nexus5:Nexus 5 - Chrome Dev"
},
{
	"label": "Dulles, VA Nexus 5 - UC Browser",
	"location": "Dulles_Nexus5",
	"browser": "Nexus 5 - UC Browser",
	"server": "http:\/\/api.webpagetest.org",
	"name": "Dulles_Nexus5:Nexus 5 - UC Browser"
},
{
	"label": "Dulles, VA Nexus 5 - UC Mini",
	"location": "Dulles_Nexus5",
	"browser": "Nexus 5 - UC Mini",
	"server": "http:\/\/api.webpagetest.org",
	"name": "Dulles_Nexus5:Nexus 5 - UC Mini"
},
{
	"label": "Dulles, VA Nexus 5 - Opera Mini",
	"location": "Dulles_Nexus5",
	"browser": "Nexus 5 - Opera Mini",
	"server": "http:\/\/api.webpagetest.org",
	"name": "Dulles_Nexus5:Nexus 5 - Opera Mini"
},
{
	"label": "Dulles, VA Motorola E - Chrome",
	"location": "Dulles_MotoE",
	"browser": "Motorola E - Chrome",
	"server": "http:\/\/api.webpagetest.org",
	"name": "Dulles_MotoE:Motorola E - Chrome"
},
{
	"label": "Dulles, VA Motorola E - Chrome Beta",
	"location": "Dulles_MotoE",
	"browser": "Motorola E - Chrome Beta",
	"server": "http:\/\/api.webpagetest.org",
	"name": "Dulles_MotoE:Motorola E - Chrome Beta"
},
{
	"label": "Dulles, VA Motorola E - Chrome Dev",
	"location": "Dulles_MotoE",
	"browser": "Motorola E - Chrome Dev",
	"server": "http:\/\/api.webpagetest.org",
	"name": "Dulles_MotoE:Motorola E - Chrome Dev"
},
{
	"label": "Dulles, VA Motorola E - UC Browser",
	"location": "Dulles_MotoE",
	"browser": "Motorola E - UC Browser",
	"server": "http:\/\/api.webpagetest.org",
	"name": "Dulles_MotoE:Motorola E - UC Browser"
},
{
	"label": "Dulles, VA Motorola E - UC Mini",
	"location": "Dulles_MotoE",
	"browser": "Motorola E - UC Mini",
	"server": "http:\/\/api.webpagetest.org",
	"name": "Dulles_MotoE:Motorola E - UC Mini"
},
{
	"label": "Dulles, VA Motorola E - Opera Mini",
	"location": "Dulles_MotoE",
	"browser": "Motorola E - Opera Mini",
	"server": "http:\/\/api.webpagetest.org",
	"name": "Dulles_MotoE:Motorola E - Opera Mini"
},
{
	"label": "Dulles, VA Motorola E - Chrome",
	"location": "Dulles_MotoE",
	"browser": "Motorola E - Chrome",
	"server": "http:\/\/api.webpagetest.org",
	"name": "Dulles_MotoE:Motorola E - Chrome"
},
{
	"label": "Dulles, VA Motorola E - Chrome Beta",
	"location": "Dulles_MotoE",
	"browser": "Motorola E - Chrome Beta",
	"server": "http:\/\/api.webpagetest.org",
	"name": "Dulles_MotoE:Motorola E - Chrome Beta"
},
{
	"label": "Dulles, VA Motorola E - Chrome Dev",
	"location": "Dulles_MotoE",
	"browser": "Motorola E - Chrome Dev",
	"server": "http:\/\/api.webpagetest.org",
	"name": "Dulles_MotoE:Motorola E - Chrome Dev"
},
{
	"label": "Dulles, VA Motorola E - UC Browser",
	"location": "Dulles_MotoE",
	"browser": "Motorola E - UC Browser",
	"server": "http:\/\/api.webpagetest.org",
	"name": "Dulles_MotoE:Motorola E - UC Browser"
},
{
	"label": "Dulles, VA Motorola E - UC Mini",
	"location": "Dulles_MotoE",
	"browser": "Motorola E - UC Mini",
	"server": "http:\/\/api.webpagetest.org",
	"name": "Dulles_MotoE:Motorola E - UC Mini"
},
{
	"label": "Dulles, VA Motorola E - Opera Mini",
	"location": "Dulles_MotoE",
	"browser": "Motorola E - Opera Mini",
	"server": "http:\/\/api.webpagetest.org",
	"name": "Dulles_MotoE:Motorola E - Opera Mini"
},
{
	"label": "Dulles, VA Nexus 7 - Chrome",
	"location": "Dulles_Nexus7",
	"browser": "Nexus 7 - Chrome",
	"server": "http:\/\/api.webpagetest.org",
	"name": "Dulles_Nexus7:Nexus 7 - Chrome"
},
{
	"label": "Dulles, VA Nexus 7 - Chrome Beta",
	"location": "Dulles_Nexus7",
	"browser": "Nexus 7 - Chrome Beta",
	"server": "http:\/\/api.webpagetest.org",
	"name": "Dulles_Nexus7:Nexus 7 - Chrome Beta"
},
{
	"label": "Dulles, VA Nexus 7 - Chrome Dev",
	"location": "Dulles_Nexus7",
	"browser": "Nexus 7 - Chrome Dev",
	"server": "http:\/\/api.webpagetest.org",
	"name": "Dulles_Nexus7:Nexus 7 - Chrome Dev"
},
{
	"label": "Dulles, VA Nexus 7 - UC Browser",
	"location": "Dulles_Nexus7",
	"browser": "Nexus 7 - UC Browser",
	"server": "http:\/\/api.webpagetest.org",
	"name": "Dulles_Nexus7:Nexus 7 - UC Browser"
},
{
	"label": "Dulles, VA Nexus 7 - UC Mini",
	"location": "Dulles_Nexus7",
	"browser": "Nexus 7 - UC Mini",
	"server": "http:\/\/api.webpagetest.org",
	"name": "Dulles_Nexus7:Nexus 7 - UC Mini"
},
{
	"label": "Dulles, VA Nexus 7 - Opera Mini",
	"location": "Dulles_Nexus7",
	"browser": "Nexus 7 - Opera Mini",
	"server": "http:\/\/api.webpagetest.org",
	"name": "Dulles_Nexus7:Nexus 7 - Opera Mini"
},
{
	"label": "Dulles, VA Nexus 7 - Chrome",
	"location": "Dulles_Nexus7",
	"browser": "Nexus 7 - Chrome",
	"server": "http:\/\/api.webpagetest.org",
	"name": "Dulles_Nexus7:Nexus 7 - Chrome"
},
{
	"label": "Dulles, VA Nexus 7 - Chrome Beta",
	"location": "Dulles_Nexus7",
	"browser": "Nexus 7 - Chrome Beta",
	"server": "http:\/\/api.webpagetest.org",
	"name": "Dulles_Nexus7:Nexus 7 - Chrome Beta"
},
{
	"label": "Dulles, VA Nexus 7 - Chrome Dev",
	"location": "Dulles_Nexus7",
	"browser": "Nexus 7 - Chrome Dev",
	"server": "http:\/\/api.webpagetest.org",
	"name": "Dulles_Nexus7:Nexus 7 - Chrome Dev"
},
{
	"label": "Dulles, VA Nexus 7 - UC Browser",
	"location": "Dulles_Nexus7",
	"browser": "Nexus 7 - UC Browser",
	"server": "http:\/\/api.webpagetest.org",
	"name": "Dulles_Nexus7:Nexus 7 - UC Browser"
},
{
	"label": "Dulles, VA Nexus 7 - UC Mini",
	"location": "Dulles_Nexus7",
	"browser": "Nexus 7 - UC Mini",
	"server": "http:\/\/api.webpagetest.org",
	"name": "Dulles_Nexus7:Nexus 7 - UC Mini"
},
{
	"label": "Dulles, VA Nexus 7 - Opera Mini",
	"location": "Dulles_Nexus7",
	"browser": "Nexus 7 - Opera Mini",
	"server": "http:\/\/api.webpagetest.org",
	"name": "Dulles_Nexus7:Nexus 7 - Opera Mini"
},
{
	"label": "Dulles, VA Nexus 7 Landscape - Chrome",
	"location": "Dulles_Nexus7L",
	"browser": "Nexus 7 Landscape - Chrome",
	"server": "http:\/\/api.webpagetest.org",
	"name": "Dulles_Nexus7L:Nexus 7 Landscape - Chrome"
},
{
	"label": "Dulles, VA Nexus 7 Landscape - Chrome Beta",
	"location": "Dulles_Nexus7L",
	"browser": "Nexus 7 Landscape - Chrome Beta",
	"server": "http:\/\/api.webpagetest.org",
	"name": "Dulles_Nexus7L:Nexus 7 Landscape - Chrome Beta"
},
{
	"label": "Dulles, VA Nexus 7 Landscape - Chrome Dev",
	"location": "Dulles_Nexus7L",
	"browser": "Nexus 7 Landscape - Chrome Dev",
	"server": "http:\/\/api.webpagetest.org",
	"name": "Dulles_Nexus7L:Nexus 7 Landscape - Chrome Dev"
},
{
	"label": "Dulles, VA Nexus 7 Landscape - UC Browser",
	"location": "Dulles_Nexus7L",
	"browser": "Nexus 7 Landscape - UC Browser",
	"server": "http:\/\/api.webpagetest.org",
	"name": "Dulles_Nexus7L:Nexus 7 Landscape - UC Browser"
},
{
	"label": "Dulles, VA Nexus 7 Landscape - UC Mini",
	"location": "Dulles_Nexus7L",
	"browser": "Nexus 7 Landscape - UC Mini",
	"server": "http:\/\/api.webpagetest.org",
	"name": "Dulles_Nexus7L:Nexus 7 Landscape - UC Mini"
},
{
	"label": "Dulles, VA Nexus 7 Landscape - Opera Mini",
	"location": "Dulles_Nexus7L",
	"browser": "Nexus 7 Landscape - Opera Mini",
	"server": "http:\/\/api.webpagetest.org",
	"name": "Dulles_Nexus7L:Nexus 7 Landscape - Opera Mini"
},
{
	"label": "Dulles, VA Nexus 7 Landscape - Chrome",
	"location": "Dulles_Nexus7L",
	"browser": "Nexus 7 Landscape - Chrome",
	"server": "http:\/\/api.webpagetest.org",
	"name": "Dulles_Nexus7L:Nexus 7 Landscape - Chrome"
},
{
	"label": "Dulles, VA Nexus 7 Landscape - Chrome Beta",
	"location": "Dulles_Nexus7L",
	"browser": "Nexus 7 Landscape - Chrome Beta",
	"server": "http:\/\/api.webpagetest.org",
	"name": "Dulles_Nexus7L:Nexus 7 Landscape - Chrome Beta"
},
{
	"label": "Dulles, VA Nexus 7 Landscape - Chrome Dev",
	"location": "Dulles_Nexus7L",
	"browser": "Nexus 7 Landscape - Chrome Dev",
	"server": "http:\/\/api.webpagetest.org",
	"name": "Dulles_Nexus7L:Nexus 7 Landscape - Chrome Dev"
},
{
	"label": "Dulles, VA Nexus 7 Landscape - UC Browser",
	"location": "Dulles_Nexus7L",
	"browser": "Nexus 7 Landscape - UC Browser",
	"server": "http:\/\/api.webpagetest.org",
	"name": "Dulles_Nexus7L:Nexus 7 Landscape - UC Browser"
},
{
	"label": "Dulles, VA Nexus 7 Landscape - UC Mini",
	"location": "Dulles_Nexus7L",
	"browser": "Nexus 7 Landscape - UC Mini",
	"server": "http:\/\/api.webpagetest.org",
	"name": "Dulles_Nexus7L:Nexus 7 Landscape - UC Mini"
},
{
	"label": "Dulles, VA Nexus 7 Landscape - Opera Mini",
	"location": "Dulles_Nexus7L",
	"browser": "Nexus 7 Landscape - Opera Mini",
	"server": "http:\/\/api.webpagetest.org",
	"name": "Dulles_Nexus7L:Nexus 7 Landscape - Opera Mini"
},
{
	"label": "Dulles, VA iPhone 5C iOS 9",
	"location": "Dulles_iPhone5c",
	"browser": "iPhone 5C iOS 9",
	"server": "http:\/\/api.webpagetest.org",
	"name": "Dulles_iPhone5c:iPhone 5C iOS 9"
},
{
	"label": "Dulles, VA iPhone 5C iOS 9",
	"location": "Dulles_iPhone5c",
	"browser": "iPhone 5C iOS 9",
	"server": "http:\/\/api.webpagetest.org",
	"name": "Dulles_iPhone5c:iPhone 5C iOS 9"
},
{
	"label": "Dulles, VA iPhone 6 iOS 9",
	"location": "Dulles_iPhone6",
	"browser": "iPhone 6 iOS 9",
	"server": "http:\/\/api.webpagetest.org",
	"name": "Dulles_iPhone6:iPhone 6 iOS 9"
},
{
	"label": "Dulles, VA iPhone 6 iOS 9",
	"location": "Dulles_iPhone6",
	"browser": "iPhone 6 iOS 9",
	"server": "http:\/\/api.webpagetest.org",
	"name": "Dulles_iPhone6:iPhone 6 iOS 9"
},
{
	"label": "Dulles, VA iPad Mini 2 iOS 9",
	"location": "Dulles_iPadMini2",
	"browser": "iPad Mini 2 iOS 9",
	"server": "http:\/\/api.webpagetest.org",
	"name": "Dulles_iPadMini2:iPad Mini 2 iOS 9"
},
{
	"label": "Dulles, VA iPad Mini 2 iOS 9",
	"location": "Dulles_iPadMini2",
	"browser": "iPad Mini 2 iOS 9",
	"server": "http:\/\/api.webpagetest.org",
	"name": "Dulles_iPadMini2:iPad Mini 2 iOS 9"
},
{
	"label": "Dulles, VA IE 8",
	"location": "Dulles_IE8",
	"browser": "IE 8",
	"server": "http:\/\/api.webpagetest.org",
	"name": "Dulles_IE8:IE 8"
},
{
	"label": "Dulles, VA IE 9",
	"location": "Dulles_IE9",
	"browser": "IE 9",
	"server": "http:\/\/api.webpagetest.org",
	"name": "Dulles_IE9:IE 9"
},
{
	"label": "Dulles, VA IE 10",
	"location": "Dulles_IE10",
	"browser": "IE 10",
	"server": "http:\/\/api.webpagetest.org",
	"name": "Dulles_IE10:IE 10"
},
{
	"label": "Dulles, VA IE 11",
	"location": "Dulles_IE11",
	"browser": "IE 11",
	"server": "http:\/\/api.webpagetest.org",
	"name": "Dulles_IE11:IE 11"
},
{
	"label": "Dulles, VA Chrome",
	"location": "Dulles",
	"browser": "Chrome",
	"server": "http:\/\/api.webpagetest.org",
	"name": "Dulles:Chrome"
},
{
	"label": "Dulles, VA Canary",
	"location": "Dulles",
	"browser": "Canary",
	"server": "http:\/\/api.webpagetest.org",
	"name": "Dulles:Canary"
},
{
	"label": "Dulles, VA Firefox",
	"location": "Dulles",
	"browser": "Firefox",
	"server": "http:\/\/api.webpagetest.org",
	"name": "Dulles:Firefox"
},
{
	"label": "Dulles, VA Firefox Nightly",
	"location": "Dulles",
	"browser": "Firefox Nightly",
	"server": "http:\/\/api.webpagetest.org",
	"name": "Dulles:Firefox Nightly"
},
{
	"label": "Dulles, VA - Thinkpad T430 Chrome",
	"location": "Dulles_Thinkpad",
	"browser": "Chrome",
	"server": "http:\/\/api.webpagetest.org",
	"name": "Dulles_Thinkpad:Chrome"
},
{
	"label": "Dulles, VA - Thinkpad T430 Canary",
	"location": "Dulles_Thinkpad",
	"browser": "Canary",
	"server": "http:\/\/api.webpagetest.org",
	"name": "Dulles_Thinkpad:Canary"
},
{
	"label": "Dulles, VA - Thinkpad T430 Firefox",
	"location": "Dulles_Thinkpad",
	"browser": "Firefox",
	"server": "http:\/\/api.webpagetest.org",
	"name": "Dulles_Thinkpad:Firefox"
},
{
	"label": "Dulles, VA - Thinkpad T430 Firefox Nightly",
	"location": "Dulles_Thinkpad",
	"browser": "Firefox Nightly",
	"server": "http:\/\/api.webpagetest.org",
	"name": "Dulles_Thinkpad:Firefox Nightly"
},
{
	"label": "Dulles, VA - Thinkpad T430 IE 11",
	"location": "Dulles_Thinkpad",
	"browser": "IE 11",
	"server": "http:\/\/api.webpagetest.org",
	"name": "Dulles_Thinkpad:IE 11"
},
{
	"label": "Virginia USA - EC2  Chrome",
	"location": "ec2-us-east-1",
	"browser": "Chrome",
	"server": "http:\/\/api.webpagetest.org",
	"name": "ec2-us-east-1:Chrome"
},
{
	"label": "Virginia USA - EC2  IE 11",
	"location": "ec2-us-east-1",
	"browser": "IE 11",
	"server": "http:\/\/api.webpagetest.org",
	"name": "ec2-us-east-1:IE 11"
},
{
	"label": "Virginia USA - EC2  Firefox",
	"location": "ec2-us-east-1",
	"browser": "Firefox",
	"server": "http:\/\/api.webpagetest.org",
	"name": "ec2-us-east-1:Firefox"
},
{
	"label": "Lincoln, Nebraska USA IE 11",
	"location": "Nebraska",
	"browser": "IE 11",
	"server": "http:\/\/api.webpagetest.org",
	"name": "Nebraska:IE 11"
},
{
	"label": "Lincoln, Nebraska USA Chrome",
	"location": "Nebraska",
	"browser": "Chrome",
	"server": "http:\/\/api.webpagetest.org",
	"name": "Nebraska:Chrome"
},
{
	"label": "Lincoln, Nebraska USA Canary",
	"location": "Nebraska",
	"browser": "Canary",
	"server": "http:\/\/api.webpagetest.org",
	"name": "Nebraska:Canary"
},
{
	"label": "Lincoln, Nebraska USA Firefox",
	"location": "Nebraska",
	"browser": "Firefox",
	"server": "http:\/\/api.webpagetest.org",
	"name": "Nebraska:Firefox"
},
{
	"label": "Denver, Colorado USA Chrome",
	"location": "Colorado",
	"browser": "Chrome",
	"server": "http:\/\/api.webpagetest.org",
	"name": "Colorado:Chrome"
},
{
	"label": "Denver, Colorado USA Canary",
	"location": "Colorado",
	"browser": "Canary",
	"server": "http:\/\/api.webpagetest.org",
	"name": "Colorado:Canary"
},
{
	"label": "Denver, Colorado USA Firefox",
	"location": "Colorado",
	"browser": "Firefox",
	"server": "http:\/\/api.webpagetest.org",
	"name": "Colorado:Firefox"
},
{
	"label": "Phoenix, AZ USA IE10",
	"location": "US_Phx_Wptdriver",
	"browser": "IE10",
	"server": "http:\/\/api.webpagetest.org",
	"name": "US_Phx_Wptdriver:IE10"
},
{
	"label": "Phoenix, AZ USA Chrome",
	"location": "US_Phx_Wptdriver",
	"browser": "Chrome",
	"server": "http:\/\/api.webpagetest.org",
	"name": "US_Phx_Wptdriver:Chrome"
},
{
	"label": "Phoenix, AZ USA Firefox",
	"location": "US_Phx_Wptdriver",
	"browser": "Firefox",
	"server": "http:\/\/api.webpagetest.org",
	"name": "US_Phx_Wptdriver:Firefox"
},
{
	"label": "Oregon USA - EC2 Chrome",
	"location": "ec2-us-west-2",
	"browser": "Chrome",
	"server": "http:\/\/api.webpagetest.org",
	"name": "ec2-us-west-2:Chrome"
},
{
	"label": "Oregon USA - EC2 IE 11",
	"location": "ec2-us-west-2",
	"browser": "IE 11",
	"server": "http:\/\/api.webpagetest.org",
	"name": "ec2-us-west-2:IE 11"
},
{
	"label": "Oregon USA - EC2 Firefox",
	"location": "ec2-us-west-2",
	"browser": "Firefox",
	"server": "http:\/\/api.webpagetest.org",
	"name": "ec2-us-west-2:Firefox"
},
{
	"label": "San Jose, CA IE 11",
	"location": "SanJose",
	"browser": "IE 11",
	"server": "http:\/\/api.webpagetest.org",
	"name": "SanJose:IE 11"
},
{
	"label": "San Jose, CA Chrome",
	"location": "SanJose",
	"browser": "Chrome",
	"server": "http:\/\/api.webpagetest.org",
	"name": "SanJose:Chrome"
},
{
	"label": "San Jose, CA Firefox",
	"location": "SanJose",
	"browser": "Firefox",
	"server": "http:\/\/api.webpagetest.org",
	"name": "SanJose:Firefox"
},
{
	"label": "California USA - EC2 Chrome",
	"location": "ec2-us-west-1",
	"browser": "Chrome",
	"server": "http:\/\/api.webpagetest.org",
	"name": "ec2-us-west-1:Chrome"
},
{
	"label": "California USA - EC2 IE 11",
	"location": "ec2-us-west-1",
	"browser": "IE 11",
	"server": "http:\/\/api.webpagetest.org",
	"name": "ec2-us-west-1:IE 11"
},
{
	"label": "California USA - EC2 Firefox",
	"location": "ec2-us-west-1",
	"browser": "Firefox",
	"server": "http:\/\/api.webpagetest.org",
	"name": "ec2-us-west-1:Firefox"
},
{
	"label": "Los Angeles, CA IE 9",
	"location": "LosAngeles_IE9",
	"browser": "IE 9",
	"server": "http:\/\/api.webpagetest.org",
	"name": "LosAngeles_IE9:IE 9"
},
{
	"label": "Los Angeles, CA IE 10",
	"location": "LosAngeles",
	"browser": "IE 10",
	"server": "http:\/\/api.webpagetest.org",
	"name": "LosAngeles:IE 10"
},
{
	"label": "Los Angeles, CA Chrome",
	"location": "LosAngeles",
	"browser": "Chrome",
	"server": "http:\/\/api.webpagetest.org",
	"name": "LosAngeles:Chrome"
},
{
	"label": "Los Angeles, CA Canary",
	"location": "LosAngeles",
	"browser": "Canary",
	"server": "http:\/\/api.webpagetest.org",
	"name": "LosAngeles:Canary"
},
{
	"label": "Los Angeles, CA Firefox",
	"location": "LosAngeles",
	"browser": "Firefox",
	"server": "http:\/\/api.webpagetest.org",
	"name": "LosAngeles:Firefox"
},
{
	"label": "Montreal, Canada - Zenedge IE 11",
	"location": "Montreal_west",
	"browser": "IE 11",
	"server": "http:\/\/api.webpagetest.org",
	"name": "Montreal_west:IE 11"
},
{
	"label": "Montreal, Canada - Zenedge Chrome",
	"location": "Montreal_west",
	"browser": "Chrome",
	"server": "http:\/\/api.webpagetest.org",
	"name": "Montreal_west:Chrome"
},
{
	"label": "Montreal, Canada - Zenedge Canary",
	"location": "Montreal_west",
	"browser": "Canary",
	"server": "http:\/\/api.webpagetest.org",
	"name": "Montreal_west:Canary"
},
{
	"label": "Montreal, Canada - Zenedge Firefox",
	"location": "Montreal_west",
	"browser": "Firefox",
	"server": "http:\/\/api.webpagetest.org",
	"name": "Montreal_west:Firefox"
},
{
	"label": "Buenos Aires, Argentina Chrome",
	"location": "Argentina",
	"browser": "Chrome",
	"server": "http:\/\/api.webpagetest.org",
	"name": "Argentina:Chrome"
},
{
	"label": "Buenos Aires, Argentina Canary",
	"location": "Argentina",
	"browser": "Canary",
	"server": "http:\/\/api.webpagetest.org",
	"name": "Argentina:Canary"
},
{
	"label": "Buenos Aires, Argentina Firefox",
	"location": "Argentina",
	"browser": "Firefox",
	"server": "http:\/\/api.webpagetest.org",
	"name": "Argentina:Firefox"
},
{
	"label": "Buenos Aires, Argentina IE 11",
	"location": "Argentina",
	"browser": "IE 11",
	"server": "http:\/\/api.webpagetest.org",
	"name": "Argentina:IE 11"
},
{
	"label": "Brazil - EC2 Chrome",
	"location": "ec2-sa-east-1",
	"browser": "Chrome",
	"server": "http:\/\/api.webpagetest.org",
	"name": "ec2-sa-east-1:Chrome"
},
{
	"label": "Brazil - EC2 IE 11",
	"location": "ec2-sa-east-1",
	"browser": "IE 11",
	"server": "http:\/\/api.webpagetest.org",
	"name": "ec2-sa-east-1:IE 11"
},
{
	"label": "Brazil - EC2 Firefox",
	"location": "ec2-sa-east-1",
	"browser": "Firefox",
	"server": "http:\/\/api.webpagetest.org",
	"name": "ec2-sa-east-1:Firefox"
},
{
	"label": "Ireland - EC2 Chrome",
	"location": "ec2-eu-west-1",
	"browser": "Chrome",
	"server": "http:\/\/api.webpagetest.org",
	"name": "ec2-eu-west-1:Chrome"
},
{
	"label": "Ireland - EC2 IE 11",
	"location": "ec2-eu-west-1",
	"browser": "IE 11",
	"server": "http:\/\/api.webpagetest.org",
	"name": "ec2-eu-west-1:IE 11"
},
{
	"label": "Ireland - EC2 Firefox",
	"location": "ec2-eu-west-1",
	"browser": "Firefox",
	"server": "http:\/\/api.webpagetest.org",
	"name": "ec2-eu-west-1:Firefox"
},
{
	"label": "Manchester, UK Chrome",
	"location": "Manchester",
	"browser": "Chrome",
	"server": "http:\/\/api.webpagetest.org",
	"name": "Manchester:Chrome"
},
{
	"label": "Manchester, UK Firefox",
	"location": "Manchester",
	"browser": "Firefox",
	"server": "http:\/\/api.webpagetest.org",
	"name": "Manchester:Firefox"
},
{
	"label": "Manchester, UK IE 11",
	"location": "Manchester",
	"browser": "IE 11",
	"server": "http:\/\/api.webpagetest.org",
	"name": "Manchester:IE 11"
},
{
	"label": "London, UK IE 11",
	"location": "London",
	"browser": "IE 11",
	"server": "http:\/\/api.webpagetest.org",
	"name": "London:IE 11"
},
{
	"label": "London, UK Chrome",
	"location": "London",
	"browser": "Chrome",
	"server": "http:\/\/api.webpagetest.org",
	"name": "London:Chrome"
},
{
	"label": "London, UK Canary",
	"location": "London",
	"browser": "Canary",
	"server": "http:\/\/api.webpagetest.org",
	"name": "London:Canary"
},
{
	"label": "London, UK Firefox",
	"location": "London",
	"browser": "Firefox",
	"server": "http:\/\/api.webpagetest.org",
	"name": "London:Firefox"
},
{
	"label": "Paris, FR IE 8",
	"location": "Paris_IE8",
	"browser": "IE 8",
	"server": "http:\/\/api.webpagetest.org",
	"name": "Paris_IE8:IE 8"
},
{
	"label": "Brussels, BE IE 8",
	"location": "Brussels",
	"browser": "IE 8",
	"server": "http:\/\/api.webpagetest.org",
	"name": "Brussels:IE 8"
},
{
	"label": "Brussels, BE Chrome",
	"location": "Brussels",
	"browser": "Chrome",
	"server": "http:\/\/api.webpagetest.org",
	"name": "Brussels:Chrome"
},
{
	"label": "Brussels, BE Canary",
	"location": "Brussels",
	"browser": "Canary",
	"server": "http:\/\/api.webpagetest.org",
	"name": "Brussels:Canary"
},
{
	"label": "Brussels, BE Firefox",
	"location": "Brussels",
	"browser": "Firefox",
	"server": "http:\/\/api.webpagetest.org",
	"name": "Brussels:Firefox"
},
{
	"label": "Amsterdam, NL - Go Daddy IE10",
	"location": "EU_Ams_Wptdriver",
	"browser": "IE10",
	"server": "http:\/\/api.webpagetest.org",
	"name": "EU_Ams_Wptdriver:IE10"
},
{
	"label": "Amsterdam, NL - Go Daddy Chrome",
	"location": "EU_Ams_Wptdriver",
	"browser": "Chrome",
	"server": "http:\/\/api.webpagetest.org",
	"name": "EU_Ams_Wptdriver:Chrome"
},
{
	"label": "Amsterdam, NL - Go Daddy Firefox",
	"location": "EU_Ams_Wptdriver",
	"browser": "Firefox",
	"server": "http:\/\/api.webpagetest.org",
	"name": "EU_Ams_Wptdriver:Firefox"
},
{
	"label": "Amsterdam, NL - IISpeed IE 10",
	"location": "Amsterdam_IISpeed",
	"browser": "IE 10",
	"server": "http:\/\/api.webpagetest.org",
	"name": "Amsterdam_IISpeed:IE 10"
},
{
	"label": "Amsterdam, NL - IISpeed Chrome",
	"location": "Amsterdam_IISpeed",
	"browser": "Chrome",
	"server": "http:\/\/api.webpagetest.org",
	"name": "Amsterdam_IISpeed:Chrome"
},
{
	"label": "Amsterdam, NL - IISpeed Firefox",
	"location": "Amsterdam_IISpeed",
	"browser": "Firefox",
	"server": "http:\/\/api.webpagetest.org",
	"name": "Amsterdam_IISpeed:Firefox"
},
{
	"label": "Frankfurt, DE IE 11",
	"location": "Frankfurt",
	"browser": "IE 11",
	"server": "http:\/\/api.webpagetest.org",
	"name": "Frankfurt:IE 11"
},
{
	"label": "Frankfurt, DE Chrome",
	"location": "Frankfurt",
	"browser": "Chrome",
	"server": "http:\/\/api.webpagetest.org",
	"name": "Frankfurt:Chrome"
},
{
	"label": "Frankfurt, DE Firefox",
	"location": "Frankfurt",
	"browser": "Firefox",
	"server": "http:\/\/api.webpagetest.org",
	"name": "Frankfurt:Firefox"
},
{
	"label": "Frankfurt, Germany - Dynatrace IE 11",
	"location": "Frankfurt_Ruxit",
	"browser": "IE 11",
	"server": "http:\/\/api.webpagetest.org",
	"name": "Frankfurt_Ruxit:IE 11"
},
{
	"label": "Frankfurt, Germany - Dynatrace Chrome",
	"location": "Frankfurt_Ruxit",
	"browser": "Chrome",
	"server": "http:\/\/api.webpagetest.org",
	"name": "Frankfurt_Ruxit:Chrome"
},
{
	"label": "Frankfurt, Germany - Dynatrace Firefox",
	"location": "Frankfurt_Ruxit",
	"browser": "Firefox",
	"server": "http:\/\/api.webpagetest.org",
	"name": "Frankfurt_Ruxit:Firefox"
},
{
	"label": "Germany - EC2 Chrome",
	"location": "ec2-eu-central-1",
	"browser": "Chrome",
	"server": "http:\/\/api.webpagetest.org",
	"name": "ec2-eu-central-1:Chrome"
},
{
	"label": "Germany - EC2 IE 11",
	"location": "ec2-eu-central-1",
	"browser": "IE 11",
	"server": "http:\/\/api.webpagetest.org",
	"name": "ec2-eu-central-1:IE 11"
},
{
	"label": "Germany - EC2 Firefox",
	"location": "ec2-eu-central-1",
	"browser": "Firefox",
	"server": "http:\/\/api.webpagetest.org",
	"name": "ec2-eu-central-1:Firefox"
},
{
	"label": "Prague, Czech Republic IE 11",
	"location": "Prague",
	"browser": "IE 11",
	"server": "http:\/\/api.webpagetest.org",
	"name": "Prague:IE 11"
},
{
	"label": "Prague, Czech Republic Chrome",
	"location": "Prague",
	"browser": "Chrome",
	"server": "http:\/\/api.webpagetest.org",
	"name": "Prague:Chrome"
},
{
	"label": "Prague, Czech Republic Canary",
	"location": "Prague",
	"browser": "Canary",
	"server": "http:\/\/api.webpagetest.org",
	"name": "Prague:Canary"
},
{
	"label": "Prague, Czech Republic Firefox",
	"location": "Prague",
	"browser": "Firefox",
	"server": "http:\/\/api.webpagetest.org",
	"name": "Prague:Firefox"
},
{
	"label": "Warsaw, Poland Chrome",
	"location": "Poland",
	"browser": "Chrome",
	"server": "http:\/\/api.webpagetest.org",
	"name": "Poland:Chrome"
},
{
	"label": "Warsaw, Poland Canary",
	"location": "Poland",
	"browser": "Canary",
	"server": "http:\/\/api.webpagetest.org",
	"name": "Poland:Canary"
},
{
	"label": "Warsaw, Poland Firefox",
	"location": "Poland",
	"browser": "Firefox",
	"server": "http:\/\/api.webpagetest.org",
	"name": "Poland:Firefox"
},
{
	"label": "Warsaw, Poland IE 11",
	"location": "Poland",
	"browser": "IE 11",
	"server": "http:\/\/api.webpagetest.org",
	"name": "Poland:IE 11"
},
{
	"label": "Rose Hill, Mauritius Chrome",
	"location": "Mauritius",
	"browser": "Chrome",
	"server": "http:\/\/api.webpagetest.org",
	"name": "Mauritius:Chrome"
},
{
	"label": "Rose Hill, Mauritius Canary",
	"location": "Mauritius",
	"browser": "Canary",
	"server": "http:\/\/api.webpagetest.org",
	"name": "Mauritius:Canary"
},
{
	"label": "Rose Hill, Mauritius Firefox",
	"location": "Mauritius",
	"browser": "Firefox",
	"server": "http:\/\/api.webpagetest.org",
	"name": "Mauritius:Firefox"
},
{
	"label": "Rose Hill, Mauritius IE 11",
	"location": "Mauritius",
	"browser": "IE 11",
	"server": "http:\/\/api.webpagetest.org",
	"name": "Mauritius:IE 11"
},
{
	"label": "Singapore IE 8",
	"location": "Singapore_IE8",
	"browser": "IE 8",
	"server": "http:\/\/api.webpagetest.org",
	"name": "Singapore_IE8:IE 8"
},
{
	"label": "Singapore - EC2 Chrome",
	"location": "ec2-ap-southeast-1",
	"browser": "Chrome",
	"server": "http:\/\/api.webpagetest.org",
	"name": "ec2-ap-southeast-1:Chrome"
},
{
	"label": "Singapore - EC2 IE 11",
	"location": "ec2-ap-southeast-1",
	"browser": "IE 11",
	"server": "http:\/\/api.webpagetest.org",
	"name": "ec2-ap-southeast-1:IE 11"
},
{
	"label": "Singapore - EC2 Firefox",
	"location": "ec2-ap-southeast-1",
	"browser": "Firefox",
	"server": "http:\/\/api.webpagetest.org",
	"name": "ec2-ap-southeast-1:Firefox"
},
{
	"label": "Hong Kong, China Chrome",
	"location": "HongKong",
	"browser": "Chrome",
	"server": "http:\/\/api.webpagetest.org",
	"name": "HongKong:Chrome"
},
{
	"label": "Hong Kong, China Canary",
	"location": "HongKong",
	"browser": "Canary",
	"server": "http:\/\/api.webpagetest.org",
	"name": "HongKong:Canary"
},
{
	"label": "Hong Kong, China Firefox",
	"location": "HongKong",
	"browser": "Firefox",
	"server": "http:\/\/api.webpagetest.org",
	"name": "HongKong:Firefox"
},
{
	"label": "Yangzhou, China Chrome",
	"location": "Yangzhou",
	"browser": "Chrome",
	"server": "http:\/\/api.webpagetest.org",
	"name": "Yangzhou:Chrome"
},
{
	"label": "Yangzhou, China Firefox",
	"location": "Yangzhou",
	"browser": "Firefox",
	"server": "http:\/\/api.webpagetest.org",
	"name": "Yangzhou:Firefox"
},
{
	"label": "Yangzhou, China IE 11",
	"location": "Yangzhou",
	"browser": "IE 11",
	"server": "http:\/\/api.webpagetest.org",
	"name": "Yangzhou:IE 11"
},
{
	"label": "Shanghai, China IE 11",
	"location": "Shanghai",
	"browser": "IE 11",
	"server": "http:\/\/api.webpagetest.org",
	"name": "Shanghai:IE 11"
},
{
	"label": "Shanghai, China Chrome",
	"location": "Shanghai",
	"browser": "Chrome",
	"server": "http:\/\/api.webpagetest.org",
	"name": "Shanghai:Chrome"
},
{
	"label": "Shanghai, China Firefox",
	"location": "Shanghai",
	"browser": "Firefox",
	"server": "http:\/\/api.webpagetest.org",
	"name": "Shanghai:Firefox"
},
{
	"label": "Seoul, Korea EC2 Chrome",
	"location": "Seoul_EC2",
	"browser": "Chrome",
	"server": "http:\/\/api.webpagetest.org",
	"name": "Seoul_EC2:Chrome"
},
{
	"label": "Seoul, Korea EC2 Firefox",
	"location": "Seoul_EC2",
	"browser": "Firefox",
	"server": "http:\/\/api.webpagetest.org",
	"name": "Seoul_EC2:Firefox"
},
{
	"label": "Seoul, Korea EC2 IE 11",
	"location": "Seoul_EC2",
	"browser": "IE 11",
	"server": "http:\/\/api.webpagetest.org",
	"name": "Seoul_EC2:IE 11"
},
{
	"label": "Seoul, Korea Chrome",
	"location": "Seoul",
	"browser": "Chrome",
	"server": "http:\/\/api.webpagetest.org",
	"name": "Seoul:Chrome"
},
{
	"label": "Seoul, Korea Canary",
	"location": "Seoul",
	"browser": "Canary",
	"server": "http:\/\/api.webpagetest.org",
	"name": "Seoul:Canary"
},
{
	"label": "Seoul, Korea Firefox",
	"location": "Seoul",
	"browser": "Firefox",
	"server": "http:\/\/api.webpagetest.org",
	"name": "Seoul:Firefox"
},
{
	"label": "Seoul, Korea IE 11",
	"location": "Seoul",
	"browser": "IE 11",
	"server": "http:\/\/api.webpagetest.org",
	"name": "Seoul:IE 11"
},
{
	"label": "Seoul, Korea IE 8",
	"location": "Seoul_IE8",
	"browser": "IE 8",
	"server": "http:\/\/api.webpagetest.org",
	"name": "Seoul_IE8:IE 8"
},
{
	"label": "Seoul, Korea IE 7",
	"location": "Seoul_IE7",
	"browser": "IE 7",
	"server": "http:\/\/api.webpagetest.org",
	"name": "Seoul_IE7:IE 7"
},
{
	"label": "Japan - EC2 Chrome",
	"location": "ec2-ap-northeast-1",
	"browser": "Chrome",
	"server": "http:\/\/api.webpagetest.org",
	"name": "ec2-ap-northeast-1:Chrome"
},
{
	"label": "Japan - EC2 IE 11",
	"location": "ec2-ap-northeast-1",
	"browser": "IE 11",
	"server": "http:\/\/api.webpagetest.org",
	"name": "ec2-ap-northeast-1:IE 11"
},
{
	"label": "Japan - EC2 Firefox",
	"location": "ec2-ap-northeast-1",
	"browser": "Firefox",
	"server": "http:\/\/api.webpagetest.org",
	"name": "ec2-ap-northeast-1:Firefox"
},
{
	"label": "Australia - EC2 Chrome",
	"location": "ec2-ap-southeast-2",
	"browser": "Chrome",
	"server": "http:\/\/api.webpagetest.org",
	"name": "ec2-ap-southeast-2:Chrome"
},
{
	"label": "Australia - EC2 IE 11",
	"location": "ec2-ap-southeast-2",
	"browser": "IE 11",
	"server": "http:\/\/api.webpagetest.org",
	"name": "ec2-ap-southeast-2:IE 11"
},
{
	"label": "Australia - EC2 Firefox",
	"location": "ec2-ap-southeast-2",
	"browser": "Firefox",
	"server": "http:\/\/api.webpagetest.org",
	"name": "ec2-ap-southeast-2:Firefox"
},
{
	"label": "a2md19234 - Chrome ",
	"location": "wptdriver",
	"browser": "",
	"server": "http:\/\/a2md19234",
	"name": "wptdriver:Chrome:"
},
{
	"label": "a2md19234 - Firefox ",
	"location": "wptdriver",
	"browser": "",
	"server": "http:\/\/a2md19234",
	"name": "wptdriver:Firefox:"
},
{
	"label": "a2md19234 - IE ",
	"location": "wptdriver",
	"browser": "",
	"server": "http:\/\/a2md19234",
	"name": "wptdriver:IE:"
}]