{
  "__inputs": [
    {
      "name": "DS_INFLUXDB",
      "label": "InfluxDB",
      "description": "",
      "type": "datasource",
      "pluginId": "influxdb",
      "pluginName": "InfluxDB"
    }
  ],
  "__requires": [
    {
      "type": "grafana",
      "id": "grafana",
      "name": "Grafana",
      "version": "5.0.4"
    },
    {
      "type": "panel",
      "id": "graph",
      "name": "Graph",
      "version": "5.0.0"
    },
    {
      "type": "datasource",
      "id": "influxdb",
      "name": "InfluxDB",
      "version": "5.0.0"
    },
    {
      "type": "panel",
      "id": "singlestat",
      "name": "Singlestat",
      "version": "5.0.0"
    },
    {
      "type": "panel",
      "id": "table",
      "name": "Table",
      "version": "5.0.0"
    }
  ],
  "annotations": {
    "list": [
      {
        "builtIn": 1,
        "datasource": "-- Grafana --",
        "enable": true,
        "hide": true,
        "iconColor": "rgba(0, 211, 255, 1)",
        "name": "Annotations & Alerts",
        "type": "dashboard"
      }
    ]
  },
  "description": "Monitor your Jmeter load test in real time with InfluxDB and Grafana.",
  "editable": true,
  "gnetId": 3351,
  "graphTooltip": 0,
  "id": null,
  "iteration": 1585301923101,
  "links": [],
  "panels": [
    {
      "collapsed": false,
      "gridPos": {
        "h": 1,
        "w": 24,
        "x": 0,
        "y": 0
      },
      "id": 26,
      "panels": [],
      "repeat": null,
      "title": "Summary",
      "type": "row"
    },
    {
      "aliasColors": {},
      "bars": false,
      "dashLength": 10,
      "dashes": false,
      "datasource": "${DS_INFLUXDB}",
      "decimals": 0,
      "editable": true,
      "error": false,
      "fill": 1,
      "gridPos": {
        "h": 7,
        "w": 12,
        "x": 0,
        "y": 1
      },
      "id": 1,
      "legend": {
        "alignAsTable": true,
        "avg": false,
        "current": true,
        "max": false,
        "min": false,
        "rightSide": false,
        "show": true,
        "total": false,
        "values": true
      },
      "lines": true,
      "linewidth": 1,
      "links": [],
      "nullPointMode": "connected",
      "percentage": false,
      "pointradius": 5,
      "points": false,
      "renderer": "flot",
      "seriesOverrides": [],
      "spaceLength": 10,
      "stack": false,
      "steppedLine": false,
      "targets": [
        {
          "alias": "Active Users",
          "dsType": "influxdb",
          "groupBy": [
            {
              "params": [
                "$aggregation"
              ],
              "type": "time"
            },
            {
              "params": [
                "null"
              ],
              "type": "fill"
            }
          ],
          "measurement": "jmeter",
          "orderByTime": "ASC",
          "policy": "default",
          "query": "SELECT last(\"maxAT\") FROM \"jmeter\" WHERE \"transaction\" = 'internal' AND \"application\" =~ /^$Application$/ AND $timeFilter GROUP BY time($aggregation) fill(null)",
          "rawQuery": true,
          "refId": "B",
          "resultFormat": "time_series",
          "select": [
            [
              {
                "params": [
                  "maxAT"
                ],
                "type": "field"
              },
              {
                "params": [],
                "type": "last"
              }
            ]
          ],
          "tags": [
            {
              "key": "transaction",
              "operator": "=",
              "value": "internal"
            },
            {
              "condition": "AND",
              "key": "application",
              "operator": "=~",
              "value": "/^$Application$/"
            }
          ]
        }
      ],
      "thresholds": [],
      "timeFrom": null,
      "timeShift": null,
      "title": "Active Threads",
      "tooltip": {
        "msResolution": false,
        "shared": true,
        "sort": 0,
        "value_type": "individual"
      },
      "type": "graph",
      "xaxis": {
        "buckets": null,
        "mode": "time",
        "name": null,
        "show": true,
        "values": []
      },
      "yaxes": [
        {
          "format": "short",
          "label": null,
          "logBase": 1,
          "max": null,
          "min": null,
          "show": true
        },
        {
          "format": "short",
          "label": null,
          "logBase": 1,
          "max": null,
          "min": null,
          "show": false
        }
      ]
    },
    {
      "aliasColors": {
        "No of Errors": "#6ED0E0",
        "Req / sec": "#6ED0E0"
      },
      "bars": false,
      "dashLength": 10,
      "dashes": false,
      "datasource": "${DS_INFLUXDB}",
      "decimals": 0,
      "editable": true,
      "error": false,
      "fill": 1,
      "gridPos": {
        "h": 7,
        "w": 12,
        "x": 12,
        "y": 1
      },
      "id": 4,
      "legend": {
        "alignAsTable": true,
        "avg": true,
        "current": false,
        "max": true,
        "min": true,
        "rightSide": false,
        "show": true,
        "total": true,
        "values": true
      },
      "lines": true,
      "linewidth": 1,
      "links": [],
      "nullPointMode": "connected",
      "percentage": false,
      "pointradius": 5,
      "points": false,
      "renderer": "flot",
      "seriesOverrides": [],
      "spaceLength": 10,
      "stack": false,
      "steppedLine": false,
      "targets": [
        {
          "alias": "Req / sec",
          "dsType": "influxdb",
          "groupBy": [
            {
              "params": [
                "$aggregation"
              ],
              "type": "time"
            },
            {
              "params": [
                "null"
              ],
              "type": "fill"
            }
          ],
          "measurement": "jmeter",
          "orderByTime": "ASC",
          "policy": "default",
          "refId": "B",
          "resultFormat": "time_series",
          "select": [
            [
              {
                "params": [
                  "count"
                ],
                "type": "field"
              },
              {
                "params": [],
                "type": "last"
              }
            ]
          ],
          "tags": [
            {
              "key": "transaction",
              "operator": "=",
              "value": "all"
            },
            {
              "condition": "AND",
              "key": "application",
              "operator": "=~",
              "value": "/^$Application$/"
            }
          ]
        }
      ],
      "thresholds": [],
      "timeFrom": null,
      "timeShift": null,
      "title": "Total Throughput - req/sec",
      "tooltip": {
        "msResolution": false,
        "shared": true,
        "sort": 0,
        "value_type": "individual"
      },
      "type": "graph",
      "xaxis": {
        "buckets": null,
        "mode": "time",
        "name": null,
        "show": true,
        "values": []
      },
      "yaxes": [
        {
          "format": "short",
          "label": null,
          "logBase": 1,
          "max": null,
          "min": null,
          "show": true
        },
        {
          "format": "short",
          "label": null,
          "logBase": 1,
          "max": null,
          "min": null,
          "show": false
        }
      ]
    },
    {
      "aliasColors": {
        "No of Errors": "#BF1B00"
      },
      "bars": false,
      "dashLength": 10,
      "dashes": false,
      "datasource": "${DS_INFLUXDB}",
      "decimals": 0,
      "editable": true,
      "error": false,
      "fill": 1,
      "gridPos": {
        "h": 7,
        "w": 12,
        "x": 0,
        "y": 8
      },
      "id": 2,
      "legend": {
        "alignAsTable": true,
        "avg": false,
        "current": false,
        "max": false,
        "min": false,
        "rightSide": false,
        "show": true,
        "total": true,
        "values": true
      },
      "lines": true,
      "linewidth": 1,
      "links": [],
      "nullPointMode": "connected",
      "percentage": false,
      "pointradius": 5,
      "points": false,
      "renderer": "flot",
      "seriesOverrides": [],
      "spaceLength": 10,
      "stack": false,
      "steppedLine": false,
      "targets": [
        {
          "alias": "No of Errors",
          "dsType": "influxdb",
          "groupBy": [
            {
              "params": [
                "$aggregation"
              ],
              "type": "time"
            },
            {
              "params": [
                "null"
              ],
              "type": "fill"
            }
          ],
          "measurement": "jmeter",
          "orderByTime": "ASC",
          "policy": "default",
          "refId": "B",
          "resultFormat": "time_series",
          "select": [
            [
              {
                "params": [
                  "countError"
                ],
                "type": "field"
              },
              {
                "params": [],
                "type": "sum"
              }
            ]
          ],
          "tags": [
            {
              "key": "transaction",
              "operator": "=",
              "value": "all"
            },
            {
              "condition": "AND",
              "key": "application",
              "operator": "=~",
              "value": "/^$Application$/"
            }
          ]
        }
      ],
      "thresholds": [],
      "timeFrom": null,
      "timeShift": null,
      "title": "Total Errors",
      "tooltip": {
        "msResolution": false,
        "shared": true,
        "sort": 0,
        "value_type": "individual"
      },
      "type": "graph",
      "xaxis": {
        "buckets": null,
        "mode": "time",
        "name": null,
        "show": true,
        "values": []
      },
      "yaxes": [
        {
          "format": "short",
          "label": null,
          "logBase": 1,
          "max": null,
          "min": null,
          "show": true
        },
        {
          "format": "short",
          "label": null,
          "logBase": 1,
          "max": null,
          "min": null,
          "show": false
        }
      ]
    },
    {
      "columns": [],
      "datasource": "${DS_INFLUXDB}",
      "fontSize": "100%",
      "gridPos": {
        "h": 7,
        "w": 12,
        "x": 12,
        "y": 8
      },
      "height": "",
      "id": 25,
      "links": [],
      "pageSize": null,
      "scroll": true,
      "showHeader": true,
      "sort": {
        "col": 2,
        "desc": true
      },
      "styles": [
        {
          "alias": "Time",
          "dateFormat": "YYYY-MM-DD HH:mm:ss",
          "pattern": "Time",
          "type": "hidden"
        },
        {
          "alias": "No of Errors",
          "colorMode": null,
          "colors": [
            "rgba(245, 54, 54, 0.9)",
            "rgba(237, 129, 40, 0.89)",
            "rgba(50, 172, 45, 0.97)"
          ],
          "dateFormat": "YYYY-MM-DD HH:mm:ss",
          "decimals": 0,
          "pattern": "Value",
          "thresholds": [],
          "type": "number",
          "unit": "short"
        },
        {
          "alias": "Transaction Name",
          "colorMode": null,
          "colors": [
            "rgba(245, 54, 54, 0.9)",
            "rgba(237, 129, 40, 0.89)",
            "rgba(50, 172, 45, 0.97)"
          ],
          "dateFormat": "YYYY-MM-DD HH:mm:ss",
          "decimals": 2,
          "pattern": "Metric",
          "thresholds": [],
          "type": "string",
          "unit": "short"
        },
        {
          "alias": "",
          "colorMode": null,
          "colors": [
            "rgba(245, 54, 54, 0.9)",
            "rgba(237, 129, 40, 0.89)",
            "rgba(50, 172, 45, 0.97)"
          ],
          "decimals": 2,
          "pattern": "/.*/",
          "thresholds": [],
          "type": "number",
          "unit": "short"
        }
      ],
      "targets": [
        {
          "alias": "$tag_transaction",
          "dsType": "influxdb",
          "groupBy": [
            {
              "params": [
                "transaction"
              ],
              "type": "tag"
            }
          ],
          "measurement": "jmeter",
          "orderByTime": "ASC",
          "policy": "default",
          "query": "SELECT sum(\"count\") FROM \"jmeter\" WHERE \"application\" =~ /^$Application$/ AND \"statut\" = 'ko' AND $timeFilter GROUP BY \"transaction\"",
          "rawQuery": false,
          "refId": "A",
          "resultFormat": "time_series",
          "select": [
            [
              {
                "params": [
                  "count"
                ],
                "type": "field"
              },
              {
                "params": [],
                "type": "sum"
              }
            ]
          ],
          "tags": [
            {
              "key": "application",
              "operator": "=~",
              "value": "/^$Application$/"
            },
            {
              "condition": "AND",
              "key": "statut",
              "operator": "=",
              "value": "ko"
            }
          ]
        }
      ],
      "title": "Errors per Transaction",
      "transform": "timeseries_to_rows",
      "type": "table"
    },
    {
      "aliasColors": {},
      "bars": false,
      "dashLength": 10,
      "dashes": false,
      "datasource": "${DS_INFLUXDB}",
      "decimals": 2,
      "editable": true,
      "error": false,
      "fill": 1,
      "gridPos": {
        "h": 9,
        "w": 24,
        "x": 0,
        "y": 15
      },
      "height": "300",
      "id": 23,
      "legend": {
        "alignAsTable": true,
        "avg": true,
        "current": true,
        "max": false,
        "min": false,
        "rightSide": true,
        "show": true,
        "total": false,
        "values": true
      },
      "lines": true,
      "linewidth": 1,
      "links": [],
      "nullPointMode": "connected",
      "percentage": false,
      "pointradius": 5,
      "points": false,
      "renderer": "flot",
      "seriesOverrides": [],
      "spaceLength": 10,
      "stack": false,
      "steppedLine": false,
      "targets": [
        {
          "alias": "$tag_transaction",
          "dsType": "influxdb",
          "groupBy": [
            {
              "params": [
                "transaction"
              ],
              "type": "tag"
            }
          ],
          "measurement": "jmeter",
          "orderByTime": "ASC",
          "policy": "default",
          "refId": "B",
          "resultFormat": "time_series",
          "select": [
            [
              {
                "params": [
                  "avg"
                ],
                "type": "field"
              }
            ]
          ],
          "tags": [
            {
              "key": "statut",
              "operator": "=",
              "value": "ok"
            },
            {
              "condition": "AND",
              "key": "application",
              "operator": "=~",
              "value": "/^$Application$/"
            }
          ]
        }
      ],
      "thresholds": [],
      "timeFrom": null,
      "timeShift": null,
      "title": "Transactions Response Times(avg)",
      "tooltip": {
        "msResolution": false,
        "shared": true,
        "sort": 0,
        "value_type": "individual"
      },
      "transparent": false,
      "type": "graph",
      "xaxis": {
        "buckets": null,
        "mode": "time",
        "name": null,
        "show": true,
        "values": []
      },
      "yaxes": [
        {
          "format": "ms",
          "label": null,
          "logBase": 1,
          "max": null,
          "min": null,
          "show": true
        },
        {
          "format": "short",
          "label": null,
          "logBase": 1,
          "max": null,
          "min": null,
          "show": false
        }
      ]
    },
    {
      "aliasColors": {},
      "bars": false,
      "dashLength": 10,
      "dashes": false,
      "datasource": "${DS_INFLUXDB}",
      "fill": 1,
      "gridPos": {
        "h": 10,
        "w": 12,
        "x": 0,
        "y": 24
      },
      "id": 31,
      "legend": {
        "alignAsTable": true,
        "avg": false,
        "current": false,
        "max": false,
        "min": true,
        "rightSide": true,
        "show": true,
        "total": false,
        "values": true
      },
      "lines": true,
      "linewidth": 1,
      "links": [],
      "nullPointMode": "null",
      "percentage": false,
      "pointradius": 5,
      "points": false,
      "renderer": "flot",
      "seriesOverrides": [],
      "spaceLength": 10,
      "stack": false,
      "steppedLine": false,
      "targets": [
        {
          "alias": "$tag_transaction",
          "groupBy": [
            {
              "params": [
                "transaction"
              ],
              "type": "tag"
            }
          ],
          "measurement": "jmeter",
          "orderByTime": "ASC",
          "policy": "default",
          "refId": "A",
          "resultFormat": "time_series",
          "select": [
            [
              {
                "params": [
                  "min"
                ],
                "type": "field"
              }
            ]
          ],
          "tags": [
            {
              "key": "statut",
              "operator": "=",
              "value": "ok"
            },
            {
              "condition": "AND",
              "key": "application",
              "operator": "=~",
              "value": "/^$Application$/"
            }
          ]
        }
      ],
      "thresholds": [],
      "timeFrom": null,
      "timeShift": null,
      "title": "Transactions Response Times(min)",
      "tooltip": {
        "shared": true,
        "sort": 0,
        "value_type": "individual"
      },
      "type": "graph",
      "xaxis": {
        "buckets": null,
        "mode": "time",
        "name": null,
        "show": true,
        "values": []
      },
      "yaxes": [
        {
          "format": "ms",
          "label": null,
          "logBase": 1,
          "max": null,
          "min": null,
          "show": true
        },
        {
          "format": "short",
          "label": null,
          "logBase": 1,
          "max": null,
          "min": null,
          "show": false
        }
      ]
    },
    {
      "aliasColors": {},
      "bars": false,
      "dashLength": 10,
      "dashes": false,
      "datasource": "${DS_INFLUXDB}",
      "fill": 1,
      "gridPos": {
        "h": 10,
        "w": 12,
        "x": 12,
        "y": 24
      },
      "id": 29,
      "legend": {
        "alignAsTable": true,
        "avg": false,
        "current": false,
        "max": true,
        "min": false,
        "rightSide": true,
        "show": true,
        "sideWidth": null,
        "total": false,
        "values": true
      },
      "lines": true,
      "linewidth": 1,
      "links": [],
      "nullPointMode": "null",
      "percentage": false,
      "pointradius": 5,
      "points": false,
      "renderer": "flot",
      "seriesOverrides": [],
      "spaceLength": 10,
      "stack": false,
      "steppedLine": false,
      "targets": [
        {
          "alias": "$tag_transaction",
          "groupBy": [
            {
              "params": [
                "transaction"
              ],
              "type": "tag"
            }
          ],
          "measurement": "jmeter",
          "orderByTime": "ASC",
          "policy": "default",
          "refId": "A",
          "resultFormat": "time_series",
          "select": [
            [
              {
                "params": [
                  "max"
                ],
                "type": "field"
              }
            ]
          ],
          "tags": [
            {
              "key": "statut",
              "operator": "=",
              "value": "ok"
            },
            {
              "condition": "AND",
              "key": "application",
              "operator": "=~",
              "value": "/^$Application$/"
            }
          ]
        }
      ],
      "thresholds": [],
      "timeFrom": null,
      "timeShift": null,
      "title": "Transactions Response Times(max)",
      "tooltip": {
        "shared": true,
        "sort": 0,
        "value_type": "individual"
      },
      "type": "graph",
      "xaxis": {
        "buckets": null,
        "mode": "time",
        "name": null,
        "show": true,
        "values": []
      },
      "yaxes": [
        {
          "format": "ms",
          "label": null,
          "logBase": 1,
          "max": null,
          "min": null,
          "show": true
        },
        {
          "format": "short",
          "label": null,
          "logBase": 1,
          "max": null,
          "min": null,
          "show": true
        }
      ]
    },
    {
      "collapsed": false,
      "gridPos": {
        "h": 1,
        "w": 24,
        "x": 0,
        "y": 34
      },
      "id": 27,
      "panels": [],
      "repeat": null,
      "title": "Individual Transaction - $request",
      "type": "row"
    },
    {
      "cacheTimeout": null,
      "colorBackground": false,
      "colorValue": true,
      "colors": [
        "rgba(245, 54, 54, 0.9)",
        "rgba(235, 248, 5, 0.89)",
        "rgba(50, 172, 45, 0.97)"
      ],
      "datasource": "${DS_INFLUXDB}",
      "editable": true,
      "error": false,
      "format": "none",
      "gauge": {
        "maxValue": 100,
        "minValue": 0,
        "show": false,
        "thresholdLabels": false,
        "thresholdMarkers": true
      },
      "gridPos": {
        "h": 7,
        "w": 8,
        "x": 0,
        "y": 35
      },
      "id": 9,
      "interval": null,
      "links": [],
      "mappingType": 1,
      "mappingTypes": [
        {
          "name": "value to text",
          "value": 1
        },
        {
          "name": "range to text",
          "value": 2
        }
      ],
      "maxDataPoints": 100,
      "nullPointMode": "connected",
      "nullText": null,
      "postfix": " Requests",
      "postfixFontSize": "50%",
      "prefix": "",
      "prefixFontSize": "50%",
      "rangeMaps": [
        {
          "from": "null",
          "text": "N/A",
          "to": "null"
        }
      ],
      "sparkline": {
        "fillColor": "rgba(31, 118, 189, 0.18)",
        "full": false,
        "lineColor": "rgb(237, 221, 14)",
        "show": true
      },
      "tableColumn": "",
      "targets": [
        {
          "dsType": "influxdb",
          "groupBy": [
            {
              "params": [
                "$aggregation"
              ],
              "type": "time"
            },
            {
              "params": [
                "null"
              ],
              "type": "fill"
            }
          ],
          "measurement": "jmeter",
          "orderByTime": "ASC",
          "policy": "default",
          "query": "SELECT sum(\"count\") FROM \"jmeter\" WHERE \"transaction\" =~ /^$request$/ AND \"statut\" = 'all' AND $timeFilter GROUP BY time($aggregation) fill(null)",
          "rawQuery": true,
          "refId": "A",
          "resultFormat": "time_series",
          "select": [
            [
              {
                "params": [
                  "count"
                ],
                "type": "field"
              },
              {
                "params": [],
                "type": "sum"
              }
            ]
          ],
          "tags": [
            {
              "key": "transaction",
              "operator": "=~",
              "value": "/^$request$/"
            },
            {
              "condition": "AND",
              "key": "statut",
              "operator": "=",
              "value": "all"
            }
          ]
        }
      ],
      "thresholds": "",
      "title": "Total Requests - $request",
      "type": "singlestat",
      "valueFontSize": "80%",
      "valueMaps": [
        {
          "op": "=",
          "text": "N/A",
          "value": "null"
        }
      ],
      "valueName": "total"
    },
    {
      "cacheTimeout": null,
      "colorBackground": false,
      "colorValue": true,
      "colors": [
        "rgba(245, 54, 54, 0.9)",
        "rgba(251, 5, 5, 0.89)",
        "rgba(50, 172, 45, 0.97)"
      ],
      "datasource": "${DS_INFLUXDB}",
      "editable": true,
      "error": false,
      "format": "none",
      "gauge": {
        "maxValue": 100,
        "minValue": 0,
        "show": false,
        "thresholdLabels": false,
        "thresholdMarkers": true
      },
      "gridPos": {
        "h": 7,
        "w": 8,
        "x": 8,
        "y": 35
      },
      "id": 6,
      "interval": null,
      "links": [],
      "mappingType": 1,
      "mappingTypes": [
        {
          "name": "value to text",
          "value": 1
        },
        {
          "name": "range to text",
          "value": 2
        }
      ],
      "maxDataPoints": 100,
      "nullPointMode": "connected",
      "nullText": null,
      "postfix": " Failed",
      "postfixFontSize": "50%",
      "prefix": "",
      "prefixFontSize": "50%",
      "rangeMaps": [
        {
          "from": "null",
          "text": "N/A",
          "to": "null"
        }
      ],
      "sparkline": {
        "fillColor": "rgba(31, 118, 189, 0.18)",
        "full": false,
        "lineColor": "rgb(237, 14, 54)",
        "show": true
      },
      "tableColumn": "",
      "targets": [
        {
          "dsType": "influxdb",
          "groupBy": [
            {
              "params": [
                "$aggregation"
              ],
              "type": "time"
            },
            {
              "params": [
                "null"
              ],
              "type": "fill"
            }
          ],
          "measurement": "jmeter",
          "orderByTime": "ASC",
          "policy": "default",
          "refId": "A",
          "resultFormat": "time_series",
          "select": [
            [
              {
                "params": [
                  "count"
                ],
                "type": "field"
              },
              {
                "params": [],
                "type": "sum"
              }
            ]
          ],
          "tags": [
            {
              "key": "transaction",
              "operator": "=~",
              "value": "/^$request$/"
            },
            {
              "condition": "AND",
              "key": "statut",
              "operator": "=",
              "value": "ko"
            }
          ]
        }
      ],
      "thresholds": "",
      "title": "Failed Requests - $request",
      "type": "singlestat",
      "valueFontSize": "80%",
      "valueMaps": [
        {
          "op": "=",
          "text": "N/A",
          "value": "null"
        }
      ],
      "valueName": "total"
    },
    {
      "cacheTimeout": null,
      "colorBackground": false,
      "colorValue": true,
      "colors": [
        "rgba(245, 54, 54, 0.9)",
        "rgba(5, 251, 19, 0.89)",
        "rgba(50, 172, 45, 0.97)"
      ],
      "datasource": "${DS_INFLUXDB}",
      "editable": true,
      "error": false,
      "format": "none",
      "gauge": {
        "maxValue": 100,
        "minValue": 0,
        "show": false,
        "thresholdLabels": false,
        "thresholdMarkers": true
      },
      "gridPos": {
        "h": 7,
        "w": 8,
        "x": 16,
        "y": 35
      },
      "id": 8,
      "interval": null,
      "links": [],
      "mappingType": 1,
      "mappingTypes": [
        {
          "name": "value to text",
          "value": 1
        },
        {
          "name": "range to text",
          "value": 2
        }
      ],
      "maxDataPoints": 100,
      "nullPointMode": "connected",
      "nullText": null,
      "postfix": " Passed",
      "postfixFontSize": "50%",
      "prefix": "",
      "prefixFontSize": "50%",
      "rangeMaps": [
        {
          "from": "null",
          "text": "N/A",
          "to": "null"
        }
      ],
      "sparkline": {
        "fillColor": "rgba(31, 118, 189, 0.18)",
        "full": false,
        "lineColor": "rgb(14, 237, 45)",
        "show": true
      },
      "tableColumn": "",
      "targets": [
        {
          "dsType": "influxdb",
          "groupBy": [
            {
              "params": [
                "$aggregation"
              ],
              "type": "time"
            },
            {
              "params": [
                "null"
              ],
              "type": "fill"
            }
          ],
          "measurement": "jmeter",
          "orderByTime": "ASC",
          "policy": "default",
          "refId": "A",
          "resultFormat": "time_series",
          "select": [
            [
              {
                "params": [
                  "count"
                ],
                "type": "field"
              },
              {
                "params": [],
                "type": "sum"
              }
            ]
          ],
          "tags": [
            {
              "key": "transaction",
              "operator": "=~",
              "value": "/^$request$/"
            },
            {
              "condition": "AND",
              "key": "statut",
              "operator": "=",
              "value": "ok"
            }
          ]
        }
      ],
      "thresholds": "",
      "title": "Passed Requests - $request",
      "type": "singlestat",
      "valueFontSize": "80%",
      "valueMaps": [
        {
          "op": "=",
          "text": "N/A",
          "value": "null"
        }
      ],
      "valueName": "total"
    },
    {
      "aliasColors": {
        "90th Percentage": "#EAB839",
        "95th Percentage": "#EF843C",
        "99th Percentage": "#99440A",
        "Average": "#3F6833",
        "Max": "#58140C"
      },
      "bars": false,
      "dashLength": 10,
      "dashes": false,
      "datasource": "${DS_INFLUXDB}",
      "decimals": 2,
      "editable": true,
      "error": false,
      "fill": 1,
      "gridPos": {
        "h": 8,
        "w": 12,
        "x": 0,
        "y": 42
      },
      "height": "300",
      "id": 5,
      "legend": {
        "alignAsTable": true,
        "avg": true,
        "current": true,
        "max": true,
        "min": true,
        "rightSide": false,
        "show": true,
        "total": false,
        "values": true
      },
      "lines": true,
      "linewidth": 1,
      "links": [],
      "nullPointMode": "connected",
      "percentage": false,
      "pointradius": 5,
      "points": false,
      "renderer": "flot",
      "seriesOverrides": [
        {
          "alias": "Average",
          "yaxis": 1
        }
      ],
      "spaceLength": 10,
      "stack": false,
      "steppedLine": false,
      "targets": [
        {
          "alias": "Average",
          "dsType": "influxdb",
          "groupBy": [
            {
              "params": [
                "$aggregation"
              ],
              "type": "time"
            },
            {
              "params": [
                "null"
              ],
              "type": "fill"
            }
          ],
          "measurement": "jmeter",
          "orderByTime": "ASC",
          "policy": "default",
          "refId": "A",
          "resultFormat": "time_series",
          "select": [
            [
              {
                "params": [
                  "avg"
                ],
                "type": "field"
              },
              {
                "params": [],
                "type": "last"
              }
            ]
          ],
          "tags": [
            {
              "key": "transaction",
              "operator": "=~",
              "value": "/^$request$/"
            },
            {
              "condition": "AND",
              "key": "statut",
              "operator": "=",
              "value": "ok"
            }
          ]
        },
        {
          "alias": "90th Percentage",
          "dsType": "influxdb",
          "groupBy": [
            {
              "params": [
                "$aggregation"
              ],
              "type": "time"
            },
            {
              "params": [
                "null"
              ],
              "type": "fill"
            }
          ],
          "measurement": "jmeter",
          "orderByTime": "ASC",
          "policy": "default",
          "refId": "B",
          "resultFormat": "time_series",
          "select": [
            [
              {
                "params": [
                  "pct90.0"
                ],
                "type": "field"
              },
              {
                "params": [],
                "type": "last"
              }
            ]
          ],
          "tags": [
            {
              "key": "transaction",
              "operator": "=~",
              "value": "/^$request$/"
            },
            {
              "condition": "AND",
              "key": "statut",
              "operator": "=",
              "value": "all"
            }
          ]
        },
        {
          "alias": "95th Percentage",
          "dsType": "influxdb",
          "groupBy": [
            {
              "params": [
                "$aggregation"
              ],
              "type": "time"
            },
            {
              "params": [
                "null"
              ],
              "type": "fill"
            }
          ],
          "hide": false,
          "measurement": "jmeter",
          "orderByTime": "ASC",
          "policy": "default",
          "refId": "C",
          "resultFormat": "time_series",
          "select": [
            [
              {
                "params": [
                  "pct95.0"
                ],
                "type": "field"
              },
              {
                "params": [],
                "type": "last"
              }
            ]
          ],
          "tags": [
            {
              "key": "transaction",
              "operator": "=~",
              "value": "/^$request$/"
            }
          ]
        },
        {
          "alias": "99th Percentage",
          "dsType": "influxdb",
          "groupBy": [
            {
              "params": [
                "$aggregation"
              ],
              "type": "time"
            },
            {
              "params": [
                "null"
              ],
              "type": "fill"
            }
          ],
          "hide": true,
          "measurement": "jmeter",
          "orderByTime": "ASC",
          "policy": "default",
          "refId": "D",
          "resultFormat": "time_series",
          "select": [
            [
              {
                "params": [
                  "pct99.0"
                ],
                "type": "field"
              },
              {
                "params": [],
                "type": "last"
              }
            ]
          ],
          "tags": [
            {
              "key": "transaction",
              "operator": "=~",
              "value": "/^$request$/"
            }
          ]
        },
        {
          "alias": "Max",
          "dsType": "influxdb",
          "groupBy": [
            {
              "params": [
                "$aggregation"
              ],
              "type": "time"
            },
            {
              "params": [
                "null"
              ],
              "type": "fill"
            }
          ],
          "measurement": "jmeter",
          "orderByTime": "ASC",
          "policy": "default",
          "refId": "E",
          "resultFormat": "time_series",
          "select": [
            [
              {
                "params": [
                  "max"
                ],
                "type": "field"
              },
              {
                "params": [],
                "type": "last"
              }
            ]
          ],
          "tags": [
            {
              "key": "transaction",
              "operator": "=~",
              "value": "/^$request$/"
            },
            {
              "condition": "AND",
              "key": "statut",
              "operator": "=",
              "value": "ok"
            }
          ]
        }
      ],
      "thresholds": [],
      "timeFrom": null,
      "timeShift": null,
      "title": "Response Times - $request",
      "tooltip": {
        "msResolution": false,
        "shared": true,
        "sort": 0,
        "value_type": "individual"
      },
      "type": "graph",
      "xaxis": {
        "buckets": null,
        "mode": "time",
        "name": null,
        "show": true,
        "values": []
      },
      "yaxes": [
        {
          "format": "ms",
          "label": null,
          "logBase": 1,
          "max": null,
          "min": null,
          "show": true
        },
        {
          "format": "short",
          "label": null,
          "logBase": 1,
          "max": null,
          "min": null,
          "show": false
        }
      ]
    },
    {
      "aliasColors": {
        "90th Percentage": "#EAB839",
        "95th Percentage": "#EF843C",
        "99th Percentage": "#99440A",
        "Average": "#3F6833",
        "Max": "#58140C"
      },
      "bars": false,
      "dashLength": 10,
      "dashes": false,
      "datasource": "${DS_INFLUXDB}",
      "decimals": 2,
      "editable": true,
      "error": false,
      "fill": 1,
      "gridPos": {
        "h": 8,
        "w": 12,
        "x": 12,
        "y": 42
      },
      "height": "300",
      "id": 10,
      "legend": {
        "alignAsTable": true,
        "avg": true,
        "current": false,
        "max": true,
        "min": true,
        "rightSide": false,
        "show": true,
        "total": true,
        "values": true
      },
      "lines": true,
      "linewidth": 1,
      "links": [],
      "nullPointMode": "connected",
      "percentage": false,
      "pointradius": 5,
      "points": false,
      "renderer": "flot",
      "seriesOverrides": [
        {
          "alias": "Average",
          "yaxis": 1
        }
      ],
      "spaceLength": 10,
      "stack": false,
      "steppedLine": false,
      "targets": [
        {
          "alias": "Req / s",
          "dsType": "influxdb",
          "groupBy": [
            {
              "params": [
                "$aggregation"
              ],
              "type": "time"
            },
            {
              "params": [
                "null"
              ],
              "type": "fill"
            }
          ],
          "measurement": "jmeter",
          "orderByTime": "ASC",
          "policy": "default",
          "refId": "B",
          "resultFormat": "time_series",
          "select": [
            [
              {
                "params": [
                  "count"
                ],
                "type": "field"
              },
              {
                "params": [],
                "type": "sum"
              }
            ]
          ],
          "tags": [
            {
              "key": "transaction",
              "operator": "=~",
              "value": "/^$request$/"
            },
            {
              "condition": "AND",
              "key": "statut",
              "operator": "=",
              "value": "ok"
            }
          ]
        }
      ],
      "thresholds": [],
      "timeFrom": null,
      "timeShift": null,
      "title": "Throughput - $request",
      "tooltip": {
        "msResolution": false,
        "shared": true,
        "sort": 0,
        "value_type": "individual"
      },
      "type": "graph",
      "xaxis": {
        "buckets": null,
        "mode": "time",
        "name": null,
        "show": true,
        "values": []
      },
      "yaxes": [
        {
          "format": "none",
          "label": null,
          "logBase": 1,
          "max": null,
          "min": null,
          "show": true
        },
        {
          "format": "short",
          "label": null,
          "logBase": 1,
          "max": null,
          "min": null,
          "show": false
        }
      ]
    }
  ],
  "refresh": "5s",
  "schemaVersion": 16,
  "style": "dark",
  "tags": [],
  "templating": {
    "list": [
      {
        "allValue": null,
        "current": {},
        "datasource": "${DS_INFLUXDB}",
        "hide": 2,
        "includeAll": true,
        "label": "Application Name",
        "multi": true,
        "name": "Application",
        "options": [],
        "query": "SHOW TAG VALUES FROM \"jmeter\" WITH KEY = \"application\"",
        "refresh": 1,
        "regex": "",
        "sort": 0,
        "tagValuesQuery": null,
        "tags": [],
        "tagsQuery": null,
        "type": "query",
        "useTags": false
      },
      {
        "allValue": null,
        "current": {},
        "datasource": "${DS_INFLUXDB}",
        "hide": 0,
        "includeAll": false,
        "label": "Transaction Name",
        "multi": false,
        "name": "request",
        "options": [],
        "query": "SHOW TAG VALUES FROM \"jmeter\" WITH KEY = \"transaction\" WHERE \"application\" =~ /^$Application$/",
        "refresh": 1,
        "regex": "",
        "sort": 0,
        "tagValuesQuery": null,
        "tags": [],
        "tagsQuery": null,
        "type": "query",
        "useTags": false
      },
      {
        "allValue": null,
        "current": {
          "selected": true,
          "text": "10s",
          "value": "10s"
        },
        "hide": 0,
        "includeAll": false,
        "label": "Aggregation Interval",
        "multi": false,
        "name": "aggregation",
        "options": [
          {
            "selected": false,
            "text": "1s",
            "value": "1s"
          },
          {
            "selected": true,
            "text": "10s",
            "value": "10s"
          },
          {
            "selected": false,
            "text": "30s",
            "value": "30s"
          },
          {
            "selected": false,
            "text": "60s",
            "value": "60s"
          },
          {
            "selected": false,
            "text": "600s",
            "value": "600s"
          },
          {
            "selected": false,
            "text": "1800s",
            "value": "1800s"
          },
          {
            "selected": false,
            "text": "3600s",
            "value": "3600s"
          }
        ],
        "query": "1s,10s,30s,60s,600s,1800s,3600s",
        "type": "custom"
      }
    ]
  },
  "time": {
    "from": "2018-07-09T05:56:17.313Z",
    "to": "now"
  },
  "timepicker": {
    "refresh_intervals": [
      "5s",
      "10s",
      "30s",
      "1m",
      "5m",
      "15m",
      "30m",
      "1h",
      "2h",
      "1d"
    ],
    "time_options": [
      "5m",
      "15m",
      "1h",
      "6h",
      "12h",
      "24h",
      "2d",
      "7d",
      "30d"
    ]
  },
  "timezone": "browser",
  "title": "JMeter Dashboard",
  "uid": "fr--ToImk",
  "version": 10
}