{
  "__inputs": [
    {
      "name": "DS_INFLUXDB",
      "label": "InfluxDB",
      "description": "",
      "type": "datasource",
      "pluginId": "influxdb",
      "pluginName": "InfluxDB"
    }
  ],
  "__requires": [
    {
      "type": "grafana",
      "id": "grafana",
      "name": "Grafana",
      "version": "5.0.4"
    },
    {
      "type": "panel",
      "id": "graph",
      "name": "Graph",
      "version": "5.0.0"
    },
    {
      "type": "datasource",
      "id": "influxdb",
      "name": "InfluxDB",
      "version": "5.0.0"
    }
  ],
  "annotations": {
    "list": [
      {
        "builtIn": 1,
        "datasource": "-- Grafana --",
        "enable": true,
        "hide": true,
        "iconColor": "rgba(0, 211, 255, 1)",
        "name": "Annotations & Alerts",
        "type": "dashboard"
      }
    ]
  },
  "editable": true,
  "gnetId": null,
  "graphTooltip": 0,
  "id": null,
  "iteration": 1531396455742,
  "links": [],
  "panels": [
    {
      "collapsed": false,
      "gridPos": {
        "h": 1,
        "w": 24,
        "x": 0,
        "y": 0
      },
      "id": 6,
      "panels": [],
      "repeat": null,
      "title": "Throughput",
      "type": "row"
    },
    {
      "aliasColors": {
        "CPU": "#64B0C8",
        "ResponseTime": "#EAB839"
      },
      "bars": false,
      "dashLength": 10,
      "dashes": false,
      "datasource": "${DS_INFLUXDB}",
      "editable": true,
      "error": false,
      "fill": 1,
      "gridPos": {
        "h": 8,
        "w": 12,
        "x": 0,
        "y": 1
      },
      "id": 7,
      "legend": {
        "alignAsTable": true,
        "avg": true,
        "current": true,
        "max": true,
        "min": false,
        "rightSide": false,
        "show": true,
        "total": false,
        "values": true
      },
      "lines": true,
      "linewidth": 1,
      "links": [],
      "nullPointMode": "connected",
      "percentage": false,
      "pointradius": 5,
      "points": false,
      "renderer": "flot",
      "seriesOverrides": [
        {
          "alias": "CPU",
          "yaxis": 2
        }
      ],
      "spaceLength": 10,
      "stack": false,
      "steppedLine": false,
      "targets": [
        {
          "alias": "Throughput",
          "dsType": "influxdb",
          "groupBy": [
            {
              "params": [
                "$aggregation"
              ],
              "type": "time"
            },
            {
              "params": [
                "null"
              ],
              "type": "fill"
            }
          ],
          "hide": false,
          "measurement": "jmeter",
          "orderByTime": "ASC",
          "policy": "default",
          "query": "SELECT last(\"avg\") FROM \"jmeter\" WHERE (\"transaction\" =~ /^$request$/) AND $timeFilter GROUP BY time($aggregation) fill(null)",
          "rawQuery": false,
          "refId": "A",
          "resultFormat": "time_series",
          "select": [
            [
              {
                "params": [
                  "count"
                ],
                "type": "field"
              },
              {
                "params": [],
                "type": "last"
              }
            ]
          ],
          "tags": [
            {
              "key": "transaction",
              "operator": "=~",
              "value": "/^$request$/"
            }
          ]
        },
        {
          "alias": "CPU",
          "dsType": "influxdb",
          "groupBy": [
            {
              "params": [
                "$aggregation"
              ],
              "type": "time"
            },
            {
              "params": [
                "null"
              ],
              "type": "fill"
            }
          ],
          "measurement": "win_cpu",
          "orderByTime": "ASC",
          "policy": "default",
          "refId": "B",
          "resultFormat": "time_series",
          "select": [
            [
              {
                "params": [
                  "Percent_Privileged_Time"
                ],
                "type": "field"
              },
              {
                "params": [],
                "type": "mean"
              }
            ]
          ],
          "tags": [
            {
              "key": "host",
              "operator": "=~",
              "value": "/^$hostname$/"
            }
          ]
        }
      ],
      "thresholds": [],
      "timeFrom": null,
      "timeShift": null,
      "title": "Throughput ($request) vs CPU",
      "tooltip": {
        "msResolution": false,
        "shared": false,
        "sort": 0,
        "value_type": "individual"
      },
      "type": "graph",
      "xaxis": {
        "buckets": null,
        "mode": "time",
        "name": null,
        "show": true,
        "values": [
          "total"
        ]
      },
      "yaxes": [
        {
          "format": "none",
          "label": "Throughput",
          "logBase": 1,
          "max": null,
          "min": null,
          "show": true
        },
        {
          "format": "percent",
          "label": "CPU",
          "logBase": 1,
          "max": null,
          "min": null,
          "show": true
        }
      ]
    },
    {
      "aliasColors": {
        "CPU": "#64B0C8",
        "Memory": "#c15c17",
        "ResponseTime": "#EAB839"
      },
      "bars": false,
      "dashLength": 10,
      "dashes": false,
      "datasource": "${DS_INFLUXDB}",
      "editable": true,
      "error": false,
      "fill": 1,
      "gridPos": {
        "h": 8,
        "w": 12,
        "x": 12,
        "y": 1
      },
      "id": 8,
      "legend": {
        "alignAsTable": true,
        "avg": true,
        "current": true,
        "max": true,
        "min": false,
        "rightSide": false,
        "show": true,
        "total": false,
        "values": true
      },
      "lines": true,
      "linewidth": 1,
      "links": [],
      "nullPointMode": "connected",
      "percentage": false,
      "pointradius": 5,
      "points": false,
      "renderer": "flot",
      "seriesOverrides": [
        {
          "alias": "CPU",
          "yaxis": 2
        },
        {
          "alias": "Memory",
          "yaxis": 2
        },
        {
          "alias": "ResponseTime",
          "yaxis": 1
        },
        {
          "alias": "Memory (free)",
          "yaxis": 2
        },
        {
          "alias": "Memory (used)",
          "yaxis": 2
        },
        {
          "alias": "Memory (Available)",
          "yaxis": 2
        }
      ],
      "spaceLength": 10,
      "stack": false,
      "steppedLine": false,
      "targets": [
        {
          "alias": "Throughput",
          "dsType": "influxdb",
          "groupBy": [
            {
              "params": [
                "$aggregation"
              ],
              "type": "time"
            },
            {
              "params": [
                "null"
              ],
              "type": "fill"
            }
          ],
          "hide": false,
          "measurement": "jmeter",
          "orderByTime": "ASC",
          "policy": "default",
          "query": "SELECT sum(\"count\") FROM \"jmeter\" WHERE (\"transaction\" =~ /^$request$/ AND \"statut\" = 'ok') AND $timeFilter GROUP BY time($aggregation) fill(null)",
          "rawQuery": false,
          "refId": "A",
          "resultFormat": "time_series",
          "select": [
            [
              {
                "params": [
                  "count"
                ],
                "type": "field"
              },
              {
                "params": [],
                "type": "last"
              }
            ]
          ],
          "tags": [
            {
              "key": "transaction",
              "operator": "=~",
              "value": "/^$request$/"
            },
            {
              "condition": "AND",
              "key": "statut",
              "operator": "=",
              "value": "ok"
            }
          ]
        },
        {
          "alias": "Memory (Available)",
          "dsType": "influxdb",
          "groupBy": [
            {
              "params": [
                "$aggregation"
              ],
              "type": "time"
            },
            {
              "params": [
                "null"
              ],
              "type": "fill"
            }
          ],
          "measurement": "win_mem",
          "orderByTime": "ASC",
          "policy": "default",
          "query": "SELECT mean(\"Percent_Privileged_Time\") FROM \"win_cpu\" WHERE $timeFilter GROUP BY time($interval) fill(null)",
          "rawQuery": false,
          "refId": "B",
          "resultFormat": "time_series",
          "select": [
            [
              {
                "params": [
                  "Available_Bytes"
                ],
                "type": "field"
              },
              {
                "params": [],
                "type": "mean"
              }
            ]
          ],
          "tags": [
            {
              "key": "host",
              "operator": "=~",
              "value": "/^$hostname$/"
            }
          ]
        }
      ],
      "thresholds": [],
      "timeFrom": null,
      "timeShift": null,
      "title": "Throughput ($request)  vs Memory",
      "tooltip": {
        "msResolution": false,
        "shared": false,
        "sort": 0,
        "value_type": "individual"
      },
      "transparent": false,
      "type": "graph",
      "xaxis": {
        "buckets": null,
        "mode": "time",
        "name": null,
        "show": true,
        "values": [
          "total"
        ]
      },
      "yaxes": [
        {
          "format": "none",
          "label": "Throughput",
          "logBase": 1,
          "max": null,
          "min": null,
          "show": true
        },
        {
          "format": "decbytes",
          "label": "Memory",
          "logBase": 1,
          "max": null,
          "min": null,
          "show": true
        }
      ]
    },
    {
      "aliasColors": {
        "CPU": "#64B0C8",
        "Memory": "#c15c17",
        "Network : Bytes Received persec": "#0a50a1",
        "Network : Bytes Sent persec": "#ba43a9",
        "ResponseTime": "#EAB839"
      },
      "bars": false,
      "dashLength": 10,
      "dashes": false,
      "datasource": "${DS_INFLUXDB}",
      "editable": true,
      "error": false,
      "fill": 1,
      "gridPos": {
        "h": 8,
        "w": 12,
        "x": 0,
        "y": 9
      },
      "id": 17,
      "legend": {
        "alignAsTable": true,
        "avg": true,
        "current": true,
        "max": true,
        "min": false,
        "rightSide": false,
        "show": true,
        "total": false,
        "values": true
      },
      "lines": true,
      "linewidth": 1,
      "links": [],
      "nullPointMode": "connected",
      "percentage": false,
      "pointradius": 5,
      "points": false,
      "renderer": "flot",
      "seriesOverrides": [
        {
          "alias": "CPU",
          "yaxis": 2
        },
        {
          "alias": "Memory",
          "yaxis": 2
        },
        {
          "alias": "ResponseTime",
          "yaxis": 1
        },
        {
          "alias": "Network : Bytes Received persec",
          "yaxis": 2
        },
        {
          "alias": "Network : Bytes Sent persec",
          "yaxis": 2
        }
      ],
      "spaceLength": 10,
      "stack": false,
      "steppedLine": false,
      "targets": [
        {
          "alias": "Throughput",
          "dsType": "influxdb",
          "groupBy": [
            {
              "params": [
                "$aggregation"
              ],
              "type": "time"
            },
            {
              "params": [
                "null"
              ],
              "type": "fill"
            }
          ],
          "hide": false,
          "measurement": "jmeter",
          "orderByTime": "ASC",
          "policy": "default",
          "query": "SELECT sum(\"count\") FROM \"jmeter\" WHERE (\"transaction\" =~ /^$request$/ AND \"statut\" = 'ok') AND $timeFilter GROUP BY time($aggregation) fill(null)",
          "rawQuery": false,
          "refId": "A",
          "resultFormat": "time_series",
          "select": [
            [
              {
                "params": [
                  "count"
                ],
                "type": "field"
              },
              {
                "params": [],
                "type": "last"
              }
            ]
          ],
          "tags": [
            {
              "key": "transaction",
              "operator": "=~",
              "value": "/^$request$/"
            },
            {
              "condition": "AND",
              "key": "statut",
              "operator": "=",
              "value": "ok"
            }
          ]
        },
        {
          "alias": "Network : Bytes Received persec",
          "dsType": "influxdb",
          "groupBy": [
            {
              "params": [
                "$aggregation"
              ],
              "type": "time"
            },
            {
              "params": [
                "null"
              ],
              "type": "fill"
            }
          ],
          "measurement": "win_net",
          "orderByTime": "ASC",
          "policy": "default",
          "query": "SELECT mean(\"Percent_Privileged_Time\") FROM \"win_cpu\" WHERE $timeFilter GROUP BY time($interval) fill(null)",
          "rawQuery": false,
          "refId": "B",
          "resultFormat": "time_series",
          "select": [
            [
              {
                "params": [
                  "Bytes_Received_persec"
                ],
                "type": "field"
              },
              {
                "params": [],
                "type": "mean"
              }
            ]
          ],
          "tags": [
            {
              "key": "host",
              "operator": "=~",
              "value": "/^$hostname$/"
            }
          ]
        },
        {
          "alias": "Network : Bytes Sent persec",
          "groupBy": [
            {
              "params": [
                "$__interval"
              ],
              "type": "time"
            },
            {
              "params": [
                "null"
              ],
              "type": "fill"
            }
          ],
          "measurement": "win_net",
          "orderByTime": "ASC",
          "policy": "default",
          "refId": "C",
          "resultFormat": "time_series",
          "select": [
            [
              {
                "params": [
                  "Bytes_Sent_persec"
                ],
                "type": "field"
              },
              {
                "params": [],
                "type": "mean"
              }
            ]
          ],
          "tags": [
            {
              "key": "host",
              "operator": "=~",
              "value": "/^$hostname$/"
            }
          ]
        }
      ],
      "thresholds": [],
      "timeFrom": null,
      "timeShift": null,
      "title": "Throughput ($request)  vs Network",
      "tooltip": {
        "msResolution": false,
        "shared": false,
        "sort": 0,
        "value_type": "individual"
      },
      "transparent": false,
      "type": "graph",
      "xaxis": {
        "buckets": null,
        "mode": "time",
        "name": null,
        "show": true,
        "values": [
          "total"
        ]
      },
      "yaxes": [
        {
          "format": "decbytes",
          "label": "Throughput",
          "logBase": 1,
          "max": null,
          "min": null,
          "show": true
        },
        {
          "format": "decbytes",
          "label": "Network",
          "logBase": 1,
          "max": null,
          "min": null,
          "show": true
        }
      ]
    },
    {
      "aliasColors": {
        "% Processor Time": "#ea6460",
        "Active Threads": "#bf1b00",
        "Throughput": "#7eb26d"
      },
      "bars": false,
      "dashLength": 10,
      "dashes": false,
      "datasource": "${DS_INFLUXDB}",
      "fill": 1,
      "gridPos": {
        "h": 8,
        "w": 12,
        "x": 12,
        "y": 9
      },
      "id": 19,
      "legend": {
        "alignAsTable": true,
        "avg": true,
        "current": true,
        "hideEmpty": false,
        "hideZero": false,
        "max": false,
        "min": false,
        "rightSide": false,
        "show": true,
        "total": false,
        "values": true
      },
      "lines": true,
      "linewidth": 1,
      "links": [],
      "nullPointMode": "null",
      "percentage": false,
      "pointradius": 5,
      "points": false,
      "renderer": "flot",
      "seriesOverrides": [
        {
          "alias": "Throughput",
          "yaxis": 1
        },
        {
          "alias": "Active Threads",
          "yaxis": 2
        },
        {
          "alias": "% Processor Time",
          "yaxis": 2
        },
        {
          "alias": "Processes",
          "yaxis": 2
        },
        {
          "alias": "% Processr Time",
          "yaxis": 2
        }
      ],
      "spaceLength": 10,
      "stack": false,
      "steppedLine": false,
      "targets": [
        {
          "alias": "Throughput",
          "groupBy": [
            {
              "params": [
                "$aggregation"
              ],
              "type": "time"
            },
            {
              "params": [
                "null"
              ],
              "type": "fill"
            }
          ],
          "measurement": "jmeter",
          "orderByTime": "ASC",
          "policy": "default",
          "query": "SELECT last(\"maxAT\") FROM \"jmeter\" WHERE \"transaction\" = 'internal' AND \"application\" =~ /^$Application$/ AND $timeFilter GROUP BY time($aggregation) fill(null)",
          "rawQuery": false,
          "refId": "A",
          "resultFormat": "time_series",
          "select": [
            [
              {
                "params": [
                  "count"
                ],
                "type": "field"
              },
              {
                "params": [],
                "type": "sum"
              }
            ]
          ],
          "tags": [
            {
              "key": "transaction",
              "operator": "=~",
              "value": "/^$request$/"
            }
          ]
        },
        {
          "alias": "% Processr Time",
          "groupBy": [
            {
              "params": [
                "$aggregation"
              ],
              "type": "time"
            },
            {
              "params": [
                "null"
              ],
              "type": "fill"
            }
          ],
          "measurement": "win_proc",
          "orderByTime": "ASC",
          "policy": "default",
          "refId": "B",
          "resultFormat": "time_series",
          "select": [
            [
              {
                "params": [
                  "Percent_Processor_Time"
                ],
                "type": "field"
              },
              {
                "params": [],
                "type": "mean"
              }
            ]
          ],
          "tags": [
            {
              "key": "host",
              "operator": "=~",
              "value": "/^$hostname$/"
            },
            {
              "condition": "AND",
              "key": "instance",
              "operator": "=~",
              "value": "/^$process$/"
            }
          ]
        }
      ],
      "thresholds": [],
      "timeFrom": null,
      "timeShift": null,
      "title": "Throughput ($request) vs % Processr Time",
      "tooltip": {
        "shared": true,
        "sort": 0,
        "value_type": "individual"
      },
      "type": "graph",
      "xaxis": {
        "buckets": null,
        "mode": "time",
        "name": null,
        "show": true,
        "values": []
      },
      "yaxes": [
        {
          "format": "short",
          "label": "Throughput",
          "logBase": 1,
          "max": null,
          "min": null,
          "show": true
        },
        {
          "format": "percent",
          "label": "Active Threads",
          "logBase": 1,
          "max": null,
          "min": null,
          "show": true
        }
      ]
    },
    {
      "collapsed": false,
      "gridPos": {
        "h": 1,
        "w": 24,
        "x": 0,
        "y": 17
      },
      "id": 4,
      "panels": [],
      "repeat": null,
      "title": "Response Time",
      "type": "row"
    },
    {
      "aliasColors": {
        "CPU": "#64B0C8",
        "ResponseTime": "#e5ac0e"
      },
      "bars": false,
      "dashLength": 10,
      "dashes": false,
      "datasource": "${DS_INFLUXDB}",
      "editable": true,
      "error": false,
      "fill": 1,
      "gridPos": {
        "h": 8,
        "w": 12,
        "x": 0,
        "y": 18
      },
      "id": 1,
      "legend": {
        "alignAsTable": true,
        "avg": true,
        "current": true,
        "max": true,
        "min": false,
        "rightSide": false,
        "show": true,
        "total": false,
        "values": true
      },
      "lines": true,
      "linewidth": 1,
      "links": [],
      "nullPointMode": "connected",
      "percentage": false,
      "pointradius": 5,
      "points": false,
      "renderer": "flot",
      "seriesOverrides": [
        {
          "alias": "CPU",
          "yaxis": 2
        },
        {
          "alias": "CPU(sys)",
          "yaxis": 2
        },
        {
          "alias": "CPU(user)",
          "yaxis": 2
        }
      ],
      "spaceLength": 10,
      "stack": false,
      "steppedLine": false,
      "targets": [
        {
          "alias": "ResponseTime",
          "dsType": "influxdb",
          "groupBy": [
            {
              "params": [
                "$aggregation"
              ],
              "type": "time"
            },
            {
              "params": [
                "null"
              ],
              "type": "fill"
            }
          ],
          "hide": false,
          "measurement": "jmeter",
          "orderByTime": "ASC",
          "policy": "default",
          "query": "SELECT last(\"avg\") FROM \"jmeter\" WHERE (\"transaction\" =~ /^$request$/) AND $timeFilter GROUP BY time($aggregation) fill(null)",
          "rawQuery": false,
          "refId": "A",
          "resultFormat": "time_series",
          "select": [
            [
              {
                "params": [
                  "avg"
                ],
                "type": "field"
              },
              {
                "params": [],
                "type": "last"
              }
            ]
          ],
          "tags": [
            {
              "key": "transaction",
              "operator": "=~",
              "value": "/^$request$/"
            },
            {
              "condition": "AND",
              "key": "statut",
              "operator": "=",
              "value": "ok"
            }
          ]
        },
        {
          "alias": "CPU",
          "dsType": "influxdb",
          "groupBy": [
            {
              "params": [
                "$aggregation"
              ],
              "type": "time"
            },
            {
              "params": [
                "null"
              ],
              "type": "fill"
            }
          ],
          "measurement": "win_cpu",
          "orderByTime": "ASC",
          "policy": "default",
          "refId": "B",
          "resultFormat": "time_series",
          "select": [
            [
              {
                "params": [
                  "Percent_Privileged_Time"
                ],
                "type": "field"
              },
              {
                "params": [],
                "type": "mean"
              }
            ]
          ],
          "tags": [
            {
              "key": "host",
              "operator": "=~",
              "value": "/^$hostname$/"
            }
          ]
        },
        {
          "alias": "CPU(user)",
          "dsType": "influxdb",
          "groupBy": [
            {
              "params": [
                "$aggregation"
              ],
              "type": "time"
            },
            {
              "params": [
                "null"
              ],
              "type": "fill"
            }
          ],
          "hide": true,
          "measurement": "win_cpu",
          "orderByTime": "ASC",
          "policy": "default",
          "refId": "C",
          "resultFormat": "time_series",
          "select": [
            [
              {
                "params": [
                  "Percent_Processor_Time"
                ],
                "type": "field"
              },
              {
                "params": [],
                "type": "mean"
              }
            ]
          ],
          "tags": [
            {
              "key": "host",
              "operator": "=~",
              "value": "/^$hostname$/"
            },
            {
              "condition": "AND",
              "key": "instance",
              "operator": "=~",
              "value": "/^$process$/"
            }
          ]
        }
      ],
      "thresholds": [],
      "timeFrom": null,
      "timeShift": null,
      "title": "ResponseTime ($request) vs CPU",
      "tooltip": {
        "msResolution": false,
        "shared": false,
        "sort": 0,
        "value_type": "individual"
      },
      "type": "graph",
      "xaxis": {
        "buckets": null,
        "mode": "time",
        "name": null,
        "show": true,
        "values": [
          "total"
        ]
      },
      "yaxes": [
        {
          "format": "ms",
          "label": "Response Time",
          "logBase": 1,
          "max": null,
          "min": null,
          "show": true
        },
        {
          "format": "percent",
          "label": "CPU",
          "logBase": 1,
          "max": null,
          "min": null,
          "show": true
        }
      ]
    },
    {
      "aliasColors": {
        "CPU": "#64B0C8",
        "Memory": "#c15c17",
        "ResponseTime": "#e5ac0e"
      },
      "bars": false,
      "dashLength": 10,
      "dashes": false,
      "datasource": "${DS_INFLUXDB}",
      "editable": true,
      "error": false,
      "fill": 1,
      "gridPos": {
        "h": 8,
        "w": 12,
        "x": 12,
        "y": 18
      },
      "id": 2,
      "legend": {
        "alignAsTable": true,
        "avg": true,
        "current": true,
        "max": true,
        "min": false,
        "rightSide": false,
        "show": true,
        "total": false,
        "values": true
      },
      "lines": true,
      "linewidth": 1,
      "links": [],
      "nullPointMode": "connected",
      "percentage": false,
      "pointradius": 5,
      "points": false,
      "renderer": "flot",
      "seriesOverrides": [
        {
          "alias": "CPU",
          "yaxis": 2
        },
        {
          "alias": "Memory",
          "yaxis": 2
        },
        {
          "alias": "ResponseTime",
          "yaxis": 1
        },
        {
          "alias": "Memory(free)",
          "yaxis": 2
        },
        {
          "alias": "Memory(used)",
          "yaxis": 2
        },
        {
          "alias": "Memory(available)",
          "yaxis": 2
        }
      ],
      "spaceLength": 10,
      "stack": false,
      "steppedLine": false,
      "targets": [
        {
          "alias": "ResponseTime",
          "dsType": "influxdb",
          "groupBy": [
            {
              "params": [
                "$aggregation"
              ],
              "type": "time"
            },
            {
              "params": [
                "null"
              ],
              "type": "fill"
            }
          ],
          "hide": false,
          "measurement": "jmeter",
          "orderByTime": "ASC",
          "policy": "default",
          "query": "SELECT last(\"avg\") FROM \"jmeter\" WHERE \"transaction\" = 'all' AND $timeFilter GROUP BY time($interval) fill(null)",
          "rawQuery": false,
          "refId": "A",
          "resultFormat": "time_series",
          "select": [
            [
              {
                "params": [
                  "avg"
                ],
                "type": "field"
              },
              {
                "params": [],
                "type": "last"
              }
            ]
          ],
          "tags": [
            {
              "key": "transaction",
              "operator": "=~",
              "value": "/^$request$/"
            },
            {
              "condition": "AND",
              "key": "statut",
              "operator": "=",
              "value": "ok"
            }
          ]
        },
        {
          "alias": "Memory(available)",
          "dsType": "influxdb",
          "groupBy": [
            {
              "params": [
                "$aggregation"
              ],
              "type": "time"
            },
            {
              "params": [
                "null"
              ],
              "type": "fill"
            }
          ],
          "measurement": "win_mem",
          "orderByTime": "ASC",
          "policy": "default",
          "query": "SELECT mean(\"Percent_Privileged_Time\") FROM \"win_cpu\" WHERE $timeFilter GROUP BY time($interval) fill(null)",
          "rawQuery": false,
          "refId": "B",
          "resultFormat": "time_series",
          "select": [
            [
              {
                "params": [
                  "Available_Bytes"
                ],
                "type": "field"
              },
              {
                "params": [],
                "type": "mean"
              }
            ]
          ],
          "tags": [
            {
              "key": "host",
              "operator": "=~",
              "value": "/^$hostname$/"
            }
          ]
        }
      ],
      "thresholds": [],
      "timeFrom": null,
      "timeShift": null,
      "title": "ResponseTime ($request) vs Memory",
      "tooltip": {
        "msResolution": false,
        "shared": false,
        "sort": 0,
        "value_type": "individual"
      },
      "type": "graph",
      "xaxis": {
        "buckets": null,
        "mode": "time",
        "name": null,
        "show": true,
        "values": [
          "total"
        ]
      },
      "yaxes": [
        {
          "format": "ms",
          "label": "Response Time",
          "logBase": 1,
          "max": null,
          "min": null,
          "show": true
        },
        {
          "format": "decbytes",
          "label": "Memory",
          "logBase": 1,
          "max": null,
          "min": null,
          "show": true
        }
      ]
    },
    {
      "aliasColors": {
        "CPU": "#64B0C8",
        "Memory": "#c15c17",
        "Network : Bytes Received perse": "#806eb7",
        "Network : Bytes Sent persec": "#ba43a9",
        "ResponseTime": "#e5ac0e"
      },
      "bars": false,
      "dashLength": 10,
      "dashes": false,
      "datasource": "${DS_INFLUXDB}",
      "editable": true,
      "error": false,
      "fill": 1,
      "gridPos": {
        "h": 8,
        "w": 12,
        "x": 0,
        "y": 26
      },
      "id": 18,
      "legend": {
        "alignAsTable": true,
        "avg": true,
        "current": true,
        "max": true,
        "min": false,
        "rightSide": false,
        "show": true,
        "total": false,
        "values": true
      },
      "lines": true,
      "linewidth": 1,
      "links": [],
      "nullPointMode": "connected",
      "percentage": false,
      "pointradius": 5,
      "points": false,
      "renderer": "flot",
      "seriesOverrides": [
        {
          "alias": "CPU",
          "yaxis": 2
        },
        {
          "alias": "Memory",
          "yaxis": 2
        },
        {
          "alias": "ResponseTime",
          "yaxis": 1
        },
        {
          "alias": "Network : Bytes Received perse",
          "yaxis": 2
        },
        {
          "alias": "Network : Bytes Sent persec",
          "yaxis": 2
        }
      ],
      "spaceLength": 10,
      "stack": false,
      "steppedLine": false,
      "targets": [
        {
          "alias": "ResponseTime",
          "dsType": "influxdb",
          "groupBy": [
            {
              "params": [
                "$aggregation"
              ],
              "type": "time"
            },
            {
              "params": [
                "null"
              ],
              "type": "fill"
            }
          ],
          "hide": false,
          "measurement": "jmeter",
          "orderByTime": "ASC",
          "policy": "default",
          "query": "SELECT last(\"avg\") FROM \"jmeter\" WHERE \"transaction\" = 'all' AND $timeFilter GROUP BY time($interval) fill(null)",
          "rawQuery": false,
          "refId": "A",
          "resultFormat": "time_series",
          "select": [
            [
              {
                "params": [
                  "avg"
                ],
                "type": "field"
              },
              {
                "params": [],
                "type": "last"
              }
            ]
          ],
          "tags": [
            {
              "key": "transaction",
              "operator": "=~",
              "value": "/^$request$/"
            },
            {
              "condition": "AND",
              "key": "statut",
              "operator": "=",
              "value": "ok"
            }
          ]
        },
        {
          "alias": "Network : Bytes Received perse",
          "dsType": "influxdb",
          "groupBy": [
            {
              "params": [
                "$aggregation"
              ],
              "type": "time"
            },
            {
              "params": [
                "null"
              ],
              "type": "fill"
            }
          ],
          "measurement": "win_net",
          "orderByTime": "ASC",
          "policy": "default",
          "query": "SELECT mean(\"Percent_Privileged_Time\") FROM \"win_cpu\" WHERE $timeFilter GROUP BY time($interval) fill(null)",
          "rawQuery": false,
          "refId": "B",
          "resultFormat": "time_series",
          "select": [
            [
              {
                "params": [
                  "Bytes_Received_persec"
                ],
                "type": "field"
              },
              {
                "params": [],
                "type": "mean"
              }
            ]
          ],
          "tags": [
            {
              "key": "host",
              "operator": "=~",
              "value": "/^$hostname$/"
            }
          ]
        },
        {
          "alias": "Network : Bytes Sent persec",
          "groupBy": [
            {
              "params": [
                "$aggregation"
              ],
              "type": "time"
            },
            {
              "params": [
                "null"
              ],
              "type": "fill"
            }
          ],
          "measurement": "win_net",
          "orderByTime": "ASC",
          "policy": "default",
          "refId": "C",
          "resultFormat": "time_series",
          "select": [
            [
              {
                "params": [
                  "Bytes_Sent_persec"
                ],
                "type": "field"
              },
              {
                "params": [],
                "type": "mean"
              }
            ]
          ],
          "tags": [
            {
              "key": "host",
              "operator": "=~",
              "value": "/^$hostname$/"
            }
          ]
        }
      ],
      "thresholds": [],
      "timeFrom": null,
      "timeShift": null,
      "title": "Response Time ($request) vs Network",
      "tooltip": {
        "msResolution": false,
        "shared": false,
        "sort": 0,
        "value_type": "individual"
      },
      "type": "graph",
      "xaxis": {
        "buckets": null,
        "mode": "time",
        "name": null,
        "show": true,
        "values": [
          "total"
        ]
      },
      "yaxes": [
        {
          "format": "ms",
          "label": "Response time",
          "logBase": 1,
          "max": null,
          "min": null,
          "show": true
        },
        {
          "format": "decbytes",
          "label": "Network",
          "logBase": 1,
          "max": null,
          "min": null,
          "show": true
        }
      ]
    },
    {
      "aliasColors": {
        "% Processor Time": "#ea6460",
        "Active Threads": "#bf1b00",
        "Processor Time": "rgb(7, 214, 113)",
        "Response Time": "#e5ac0e"
      },
      "bars": false,
      "dashLength": 10,
      "dashes": false,
      "datasource": "${DS_INFLUXDB}",
      "fill": 1,
      "gridPos": {
        "h": 8,
        "w": 12,
        "x": 12,
        "y": 26
      },
      "id": 21,
      "legend": {
        "alignAsTable": true,
        "avg": true,
        "current": true,
        "max": false,
        "min": false,
        "show": true,
        "total": false,
        "values": true
      },
      "lines": true,
      "linewidth": 1,
      "links": [],
      "nullPointMode": "null",
      "percentage": false,
      "pointradius": 5,
      "points": false,
      "renderer": "flot",
      "seriesOverrides": [
        {
          "alias": "Response Time",
          "yaxis": 1
        },
        {
          "alias": "Active Threads",
          "yaxis": 2
        },
        {
          "alias": "% Processor Time",
          "yaxis": 2
        },
        {
          "alias": "Processor Time",
          "yaxis": 2
        },
        {
          "alias": "% Processr Time",
          "yaxis": 2
        }
      ],
      "spaceLength": 10,
      "stack": false,
      "steppedLine": false,
      "targets": [
        {
          "alias": "Response Time",
          "groupBy": [
            {
              "params": [
                "$aggregation"
              ],
              "type": "time"
            },
            {
              "params": [
                "none"
              ],
              "type": "fill"
            }
          ],
          "measurement": "jmeter",
          "orderByTime": "ASC",
          "policy": "default",
          "query": "SELECT last(\"avg\") FROM \"jmeter\" WHERE (\"transaction\" =~ /^$request$/ AND \"statut\" = 'ok') AND $timeFilter GROUP BY time(10s) fill(null)",
          "rawQuery": false,
          "refId": "A",
          "resultFormat": "time_series",
          "select": [
            [
              {
                "params": [
                  "avg"
                ],
                "type": "field"
              },
              {
                "params": [],
                "type": "last"
              }
            ]
          ],
          "tags": [
            {
              "key": "transaction",
              "operator": "=~",
              "value": "/^$request$/"
            },
            {
              "condition": "AND",
              "key": "statut",
              "operator": "=",
              "value": "ok"
            }
          ]
        },
        {
          "alias": "% Processr Time",
          "groupBy": [
            {
              "params": [
                "$aggregation"
              ],
              "type": "time"
            },
            {
              "params": [
                "null"
              ],
              "type": "fill"
            }
          ],
          "hide": false,
          "measurement": "win_proc",
          "orderByTime": "ASC",
          "policy": "default",
          "query": "SELECT mean(\"Percent_Processor_Time\") FROM \"win_proc\" WHERE (\"instance\" =~ /^$process$/) AND $timeFilter GROUP BY time($aggregation) fill(null)",
          "rawQuery": false,
          "refId": "B",
          "resultFormat": "time_series",
          "select": [
            [
              {
                "params": [
                  "Percent_Processor_Time"
                ],
                "type": "field"
              },
              {
                "params": [],
                "type": "mean"
              }
            ]
          ],
          "tags": [
            {
              "key": "host",
              "operator": "=~",
              "value": "/^$hostname$/"
            },
            {
              "condition": "AND",
              "key": "instance",
              "operator": "=~",
              "value": "/^$process$/"
            }
          ]
        }
      ],
      "thresholds": [],
      "timeFrom": null,
      "timeShift": null,
      "title": "Response Time ($request) vs % Processr Time",
      "tooltip": {
        "shared": true,
        "sort": 0,
        "value_type": "individual"
      },
      "type": "graph",
      "xaxis": {
        "buckets": null,
        "mode": "time",
        "name": null,
        "show": true,
        "values": []
      },
      "yaxes": [
        {
          "format": "ms",
          "label": "Response Time",
          "logBase": 1,
          "max": null,
          "min": null,
          "show": true
        },
        {
          "format": "percent",
          "label": "Processor Time %",
          "logBase": 1,
          "max": null,
          "min": null,
          "show": true
        }
      ]
    },
    {
      "collapsed": true,
      "gridPos": {
        "h": 1,
        "w": 24,
        "x": 0,
        "y": 34
      },
      "id": 10,
      "panels": [
        {
          "aliasColors": {
            "Active Threads": "#bf1b00",
            "Throughput": "#7eb26d"
          },
          "bars": false,
          "dashLength": 10,
          "dashes": false,
          "datasource": null,
          "fill": 1,
          "gridPos": {
            "h": 8,
            "w": 12,
            "x": 0,
            "y": 3
          },
          "id": 14,
          "legend": {
            "alignAsTable": true,
            "avg": true,
            "current": true,
            "hideEmpty": false,
            "hideZero": false,
            "max": false,
            "min": false,
            "rightSide": false,
            "show": true,
            "total": false,
            "values": true
          },
          "lines": true,
          "linewidth": 1,
          "links": [],
          "nullPointMode": "null",
          "percentage": false,
          "pointradius": 5,
          "points": false,
          "renderer": "flot",
          "seriesOverrides": [
            {
              "alias": "Throughput",
              "yaxis": 1
            },
            {
              "alias": "Active Threads",
              "yaxis": 2
            }
          ],
          "spaceLength": 10,
          "stack": false,
          "steppedLine": false,
          "targets": [
            {
              "alias": "Active Threads",
              "groupBy": [
                {
                  "params": [
                    "$aggregation"
                  ],
                  "type": "time"
                },
                {
                  "params": [
                    "null"
                  ],
                  "type": "fill"
                }
              ],
              "measurement": "jmeter",
              "orderByTime": "ASC",
              "policy": "default",
              "query": "SELECT last(\"maxAT\") FROM \"jmeter\" WHERE \"transaction\" = 'internal' AND \"application\" =~ /^$Application$/ AND $timeFilter GROUP BY time($aggregation) fill(null)",
              "rawQuery": false,
              "refId": "A",
              "resultFormat": "time_series",
              "select": [
                [
                  {
                    "params": [
                      "maxAT"
                    ],
                    "type": "field"
                  },
                  {
                    "params": [],
                    "type": "mean"
                  }
                ]
              ],
              "tags": [
                {
                  "key": "transaction",
                  "operator": "=",
                  "value": "internal"
                }
              ]
            },
            {
              "alias": "Throughput",
              "groupBy": [
                {
                  "params": [
                    "$aggregation"
                  ],
                  "type": "time"
                },
                {
                  "params": [
                    "null"
                  ],
                  "type": "fill"
                }
              ],
              "measurement": "jmeter",
              "orderByTime": "ASC",
              "policy": "default",
              "query": "SELECT last(\"avg\") FROM \"jmeter\" WHERE (\"transaction\" =~ /^$request$/) AND $timeFilter GROUP BY time($aggregation) fill(null)",
              "rawQuery": false,
              "refId": "B",
              "resultFormat": "time_series",
              "select": [
                [
                  {
                    "params": [
                      "count"
                    ],
                    "type": "field"
                  },
                  {
                    "params": [],
                    "type": "sum"
                  }
                ]
              ],
              "tags": [
                {
                  "key": "transaction",
                  "operator": "=~",
                  "value": "/^$request$/"
                }
              ]
            }
          ],
          "thresholds": [],
          "timeFrom": null,
          "timeShift": null,
          "title": "Throughput vs Active Threads ($request)",
          "tooltip": {
            "shared": true,
            "sort": 0,
            "value_type": "individual"
          },
          "type": "graph",
          "xaxis": {
            "buckets": null,
            "mode": "time",
            "name": null,
            "show": true,
            "values": []
          },
          "yaxes": [
            {
              "format": "short",
              "label": "Throughput",
              "logBase": 1,
              "max": null,
              "min": null,
              "show": true
            },
            {
              "format": "short",
              "label": "Active Threads",
              "logBase": 1,
              "max": null,
              "min": null,
              "show": true
            }
          ]
        },
        {
          "aliasColors": {
            "Active Threads": "#bf1b00",
            "Response Time": "#e5ac0e"
          },
          "bars": false,
          "dashLength": 10,
          "dashes": false,
          "datasource": null,
          "fill": 1,
          "gridPos": {
            "h": 8,
            "w": 12,
            "x": 12,
            "y": 3
          },
          "id": 12,
          "legend": {
            "alignAsTable": true,
            "avg": true,
            "current": true,
            "max": false,
            "min": false,
            "show": true,
            "total": false,
            "values": true
          },
          "lines": true,
          "linewidth": 1,
          "links": [],
          "nullPointMode": "null",
          "percentage": false,
          "pointradius": 5,
          "points": false,
          "renderer": "flot",
          "seriesOverrides": [
            {
              "alias": "Response Time",
              "yaxis": 1
            },
            {
              "alias": "Active Threads",
              "yaxis": 2
            }
          ],
          "spaceLength": 10,
          "stack": false,
          "steppedLine": false,
          "targets": [
            {
              "alias": "Active Threads",
              "groupBy": [
                {
                  "params": [
                    "$aggregation"
                  ],
                  "type": "time"
                },
                {
                  "params": [
                    "null"
                  ],
                  "type": "fill"
                }
              ],
              "hide": false,
              "limit": "",
              "measurement": "jmeter",
              "orderByTime": "ASC",
              "policy": "default",
              "query": "SELECT mean(\"value\") FROM \"measurement\" WHERE $timeFilter GROUP BY time($aggregation) fill(null)",
              "rawQuery": false,
              "refId": "B",
              "resultFormat": "time_series",
              "select": [
                [
                  {
                    "params": [
                      "maxAT"
                    ],
                    "type": "field"
                  },
                  {
                    "params": [],
                    "type": "last"
                  }
                ]
              ],
              "tags": [
                {
                  "key": "transaction",
                  "operator": "=",
                  "value": "internal"
                },
                {
                  "condition": "AND",
                  "key": "application",
                  "operator": "=~",
                  "value": "/^$Application$/"
                }
              ]
            },
            {
              "alias": "Response Time",
              "groupBy": [
                {
                  "params": [
                    "$aggregation"
                  ],
                  "type": "time"
                },
                {
                  "params": [
                    "null"
                  ],
                  "type": "fill"
                }
              ],
              "measurement": "jmeter",
              "orderByTime": "ASC",
              "policy": "default",
              "query": "SELECT last(\"avg\") FROM \"jmeter\" WHERE (\"transaction\" =~ /^$request$/) AND $timeFilter GROUP BY time($aggregation) fill(null)",
              "rawQuery": false,
              "refId": "A",
              "resultFormat": "time_series",
              "select": [
                [
                  {
                    "params": [
                      "avg"
                    ],
                    "type": "field"
                  },
                  {
                    "params": [],
                    "type": "last"
                  }
                ]
              ],
              "tags": [
                {
                  "key": "transaction",
                  "operator": "=~",
                  "value": "/^$request$/"
                },
                {
                  "condition": "AND",
                  "key": "statut",
                  "operator": "=",
                  "value": "ok"
                }
              ]
            }
          ],
          "thresholds": [],
          "timeFrom": null,
          "timeShift": null,
          "title": "Response Time vs Active Threads ($request)",
          "tooltip": {
            "shared": true,
            "sort": 0,
            "value_type": "individual"
          },
          "type": "graph",
          "xaxis": {
            "buckets": null,
            "mode": "time",
            "name": null,
            "show": true,
            "values": []
          },
          "yaxes": [
            {
              "format": "ms",
              "label": "Response Time",
              "logBase": 1,
              "max": null,
              "min": null,
              "show": true
            },
            {
              "format": "short",
              "label": "Active threads",
              "logBase": 1,
              "max": null,
              "min": null,
              "show": true
            }
          ]
        },
        {
          "aliasColors": {
            "Response Time": "#e5ac0e",
            "Throughput": "#629e51"
          },
          "bars": false,
          "dashLength": 10,
          "dashes": false,
          "datasource": null,
          "fill": 1,
          "gridPos": {
            "h": 9,
            "w": 12,
            "x": 6,
            "y": 11
          },
          "id": 16,
          "legend": {
            "alignAsTable": true,
            "avg": true,
            "current": true,
            "max": false,
            "min": false,
            "show": true,
            "total": false,
            "values": true
          },
          "lines": true,
          "linewidth": 1,
          "links": [],
          "nullPointMode": "null",
          "percentage": false,
          "pointradius": 5,
          "points": false,
          "renderer": "flot",
          "seriesOverrides": [
            {
              "alias": "Throughput",
              "yaxis": 2
            }
          ],
          "spaceLength": 10,
          "stack": false,
          "steppedLine": false,
          "targets": [
            {
              "alias": "Response Time",
              "groupBy": [
                {
                  "params": [
                    "$aggregation"
                  ],
                  "type": "time"
                },
                {
                  "params": [
                    "null"
                  ],
                  "type": "fill"
                }
              ],
              "measurement": "jmeter",
              "orderByTime": "ASC",
              "policy": "default",
              "query": "SELECT last(\"avg\") FROM \"jmeter\" WHERE (\"transaction\" =~ /^$request$/) AND $timeFilter GROUP BY time($aggregation) fill(null)",
              "rawQuery": false,
              "refId": "A",
              "resultFormat": "time_series",
              "select": [
                [
                  {
                    "params": [
                      "avg"
                    ],
                    "type": "field"
                  },
                  {
                    "params": [],
                    "type": "mean"
                  }
                ]
              ],
              "tags": [
                {
                  "key": "transaction",
                  "operator": "=~",
                  "value": "/^$request$/"
                },
                {
                  "condition": "AND",
                  "key": "statut",
                  "operator": "=",
                  "value": "ok"
                }
              ]
            },
            {
              "alias": "Throughput",
              "groupBy": [
                {
                  "params": [
                    "$aggregation"
                  ],
                  "type": "time"
                },
                {
                  "params": [
                    "null"
                  ],
                  "type": "fill"
                }
              ],
              "measurement": "jmeter",
              "orderByTime": "ASC",
              "policy": "default",
              "refId": "B",
              "resultFormat": "time_series",
              "select": [
                [
                  {
                    "params": [
                      "count"
                    ],
                    "type": "field"
                  },
                  {
                    "params": [],
                    "type": "sum"
                  }
                ]
              ],
              "tags": [
                {
                  "key": "transaction",
                  "operator": "=~",
                  "value": "/^$request$/"
                },
                {
                  "condition": "AND",
                  "key": "statut",
                  "operator": "=",
                  "value": "ok"
                }
              ]
            }
          ],
          "thresholds": [],
          "timeFrom": null,
          "timeShift": null,
          "title": "Response Time vs Throughput ($request)",
          "tooltip": {
            "shared": true,
            "sort": 0,
            "value_type": "individual"
          },
          "type": "graph",
          "xaxis": {
            "buckets": null,
            "mode": "time",
            "name": null,
            "show": true,
            "values": []
          },
          "yaxes": [
            {
              "format": "ms",
              "label": "Response time",
              "logBase": 1,
              "max": null,
              "min": null,
              "show": true
            },
            {
              "format": "short",
              "label": "Throughput",
              "logBase": 1,
              "max": null,
              "min": null,
              "show": true
            }
          ]
        }
      ],
      "title": "JMeter Metrics Comparison",
      "type": "row"
    }
  ],
  "refresh": "5s",
  "schemaVersion": 16,
  "style": "dark",
  "tags": [],
  "templating": {
    "list": [
      {
        "allValue": null,
        "current": {},
        "datasource": "${DS_INFLUXDB}",
        "hide": 2,
        "includeAll": false,
        "label": "Hostname",
        "multi": false,
        "name": "hostname",
        "options": [],
        "query": "SHOW TAG VALUES FROM \"win_system\" WITH KEY = \"host\"",
        "refresh": 1,
        "regex": "",
        "sort": 0,
        "tagValuesQuery": "",
        "tags": [],
        "tagsQuery": "",
        "type": "query",
        "useTags": false
      },
      {
        "allValue": null,
        "current": {},
        "datasource": "${DS_INFLUXDB}",
        "hide": 2,
        "includeAll": true,
        "label": "Application Name",
        "multi": true,
        "name": "Application",
        "options": [],
        "query": "SHOW TAG VALUES FROM \"jmeter\" WITH KEY = \"application\"",
        "refresh": 1,
        "regex": "",
        "sort": 0,
        "tagValuesQuery": null,
        "tags": [],
        "tagsQuery": null,
        "type": "query",
        "useTags": false
      },
      {
        "allValue": null,
        "current": {},
        "datasource": "${DS_INFLUXDB}",
        "hide": 0,
        "includeAll": false,
        "label": "Transaction Name",
        "multi": false,
        "name": "request",
        "options": [],
        "query": "SHOW TAG VALUES FROM \"jmeter\" WITH KEY = \"transaction\" WHERE \"application\" =~ /^$Application$/",
        "refresh": 1,
        "regex": "",
        "sort": 0,
        "tagValuesQuery": null,
        "tags": [],
        "tagsQuery": null,
        "type": "query",
        "useTags": false
      },
      {
        "allValue": null,
        "current": {
          "selected": true,
          "tags": [],
          "text": "30s",
          "value": "30s"
        },
        "hide": 0,
        "includeAll": false,
        "label": "Aggregation Interval",
        "multi": false,
        "name": "aggregation",
        "options": [
          {
            "selected": false,
            "text": "1s",
            "value": "1s"
          },
          {
            "selected": false,
            "text": "10s",
            "value": "10s"
          },
          {
            "selected": true,
            "text": "30s",
            "value": "30s"
          },
          {
            "selected": false,
            "text": "60s",
            "value": "60s"
          },
          {
            "selected": false,
            "text": "600s",
            "value": "600s"
          },
          {
            "selected": false,
            "text": "1800s",
            "value": "1800s"
          },
          {
            "selected": false,
            "text": "3600s",
            "value": "3600s"
          }
        ],
        "query": "1s,10s,30s,60s,600s,1800s,3600s",
        "type": "custom"
      },
      {
        "allValue": null,
        "current": {},
        "datasource": "${DS_INFLUXDB}",
        "hide": 0,
        "includeAll": true,
        "label": "Process",
        "multi": false,
        "name": "process",
        "options": [],
        "query": "SHOW TAG VALUES FROM \"win_proc\" WITH KEY = \"instance\" WHERE host =~ /$hostname/",
        "refresh": 1,
        "regex": "^(?!.*Idle).*$",
        "sort": 0,
        "tagValuesQuery": "",
        "tags": [],
        "tagsQuery": "",
        "type": "query",
        "useTags": false
      }
    ]
  },
  "time": {
    "from": "now-5m",
    "to": "now"
  },
  "timepicker": {
    "refresh_intervals": [
      "5s",
      "10s",
      "30s",
      "1m",
      "5m",
      "15m",
      "30m",
      "1h",
      "2h",
      "1d"
    ],
    "time_options": [
      "5m",
      "15m",
      "1h",
      "6h",
      "12h",
      "24h",
      "2d",
      "7d",
      "30d"
    ]
  },
  "timezone": "browser",
  "title": "Windows Correlated Dashboard",
  "uid": "cvj5jvOmz",
  "version": 5
}